{
    "slot": "belt", 
    "name": "Scabbard of Vigor", 
    "weight": "3 lbs.", 
    "cl": "5th", 
    "url": "pfsrd://Advanced Players Guide/Rules/Magic Items/Wondrous Items/Scabbard of Vigor", 
    "type": "item", 
    "price": "1,800 gp", 
    "misc": {
        "Construction": {
            "Cost": "900 gp", 
            "Requirements": "Craft Wondrous Item, greater magic weapon"
        }
    }, 
    "source": "Advanced Player's Guide", 
    "aura": "faint transmutation", 
    "subtype": "belt", 
    "sections": [
        {
            "body": "<p>Once per day, as part of the action of drawing forth the weapon held by the scabbard, the wearer can order it to endow the weapon with an enhancement bonus on attack and damage rolls. The duration of the effect depends on the desired enhancement bonus for the weapon.</p>", 
            "type": "section", 
            "sections": [
                {
                    "body": "<table><thead><tr id=\"bonus-duration\"><th><b>Bonus Duration</b></th></tr></thead><tr class=\"odd\"><td>+4 1 round</td></tr><tr class=\"even\"><td>+3 3 rounds</td></tr><tr class=\"odd\"><td>+2 5 rounds</td></tr><tr class=\"even\"><td>+1 10 rounds</td></tr></table>", 
                    "url": "pfsrd://Advanced Players Guide/Rules/Magic Items/Wondrous Items/Scabbard of Vigor/Description/Bonus Duration", 
                    "type": "table", 
                    "name": "Bonus Duration", 
                    "source": "Advanced Player's Guide"
                }
            ], 
            "name": "Description", 
            "source": "Advanced Player's Guide"
        }
    ]
}