{
    "slot": "belt", 
    "name": "Scabbard of Stanching", 
    "weight": "2 lbs.", 
    "cl": "5th", 
    "url": "pfsrd://Advanced Players Guide/Rules/Magic Items/Wondrous Items/Scabbard of Stanching", 
    "type": "item", 
    "price": "5,000 gp", 
    "misc": {
        "Construction": {
            "Cost": "2,500 gp", 
            "Requirements": "Craft Wondrous Item, cure light wounds"
        }
    }, 
    "source": "Advanced Player's Guide", 
    "aura": "faint conjuration (healing)", 
    "subtype": "belt", 
    "sections": [
        {
            "body": "<p>This fine, red leather sheath is decorated with gold filigree. It fits any bladed slashing weapon. While worn, a <i>scabbard of stanching</i> protects against bleed damage. Anytime the wearer suffers a bleed effect, the scabbard automatically stanches it. It has no effect on bleed damage from effects that require a DC 16 or higher caster level or Heal check.</p>", 
            "source": "Advanced Player's Guide", 
            "type": "section", 
            "name": "Description"
        }
    ]
}