{
    "body": "<p>Some rangers study their favored enemies and learn their ways, applying this knowledge to their own abilities and using their foes' strengths against them. Infiltrators are willing to walk a mile in an enemy's shoes so as to learn eveything there is to know about their foes in order to more effectively hunt and kill them.</p>", 
    "name": "Infiltrator", 
    "source": "Advanced Player's Guide", 
    "url": "pfsrd://Advanced Players Guide/Rules/Core Classes/Ranger/Ranger Archetypes/Infiltrator", 
    "type": "class_archetype", 
    "subtype": "ranger", 
    "sections": [
        {
            "body": "<p id=\"adaptation\">At 3rd level, an infiltrator learns how to copy the unusual abilities of his prey. He chooses one type of creature he has selected as a favored enemy, such as &ldquo;aberrations.&rdquo; The ranger selects one ability or feat from the adaptation list for that type (see below). A ranger can use adaptations for 10 minutes per day per ranger level he possesses. This duration does not need to be consecutive, but it must be used in 10-minute increments. If the adaptation requires the ranger to make a more specific choice (such as what skill to use with Skill Focus), this choice is permanent and cannot be changed.</p><p>At 8th, 13th, and 15th-level, the ranger chooses another one of his favored enemy types and selects one adaptation from that type's list, as well as an additional adaptation from any one list of a creature type he's selected (including the one just chosen, if so desired). The infiltrator can only use one adaptation at a time. This class ability replaces favored terrain.</p>", 
            "name": "Adaptation", 
            "url": "pfsrd://Advanced Players Guide/Rules/Core Classes/Ranger/Ranger Archetypes/Infiltrator/Adaptation", 
            "sections": [
                {
                    "body": "<p id=\"aberration\">amphibious, darkvision 60 ft., Iron Will, natural armor +2.</p>", 
                    "url": "pfsrd://Advanced Players Guide/Rules/Core Classes/Ranger/Ranger Archetypes/Infiltrator/Adaptation/Aberration", 
                    "type": "section", 
                    "name": "Aberration", 
                    "source": "Advanced Player's Guide"
                }, 
                {
                    "body": "<p id=\"animal\">climb 15 ft., darkvision 60 ft., Great Fortitude, Lightning Reflexes, low-light vision, natural armor (+2), swim 15 ft.</p>", 
                    "url": "pfsrd://Advanced Players Guide/Rules/Core Classes/Ranger/Ranger Archetypes/Infiltrator/Adaptation/Animal", 
                    "type": "section", 
                    "name": "Animal", 
                    "source": "Advanced Player's Guide"
                }, 
                {
                    "body": "<p id=\"construct\">darkvision 60 ft., Great Fortitude, Lightning Reflexes, low-light vision.</p>", 
                    "url": "pfsrd://Advanced Players Guide/Rules/Core Classes/Ranger/Ranger Archetypes/Infiltrator/Adaptation/Construct", 
                    "type": "section", 
                    "name": "Construct", 
                    "source": "Advanced Player's Guide"
                }, 
                {
                    "body": "<p id=\"dragon\">darkvision 60 ft., Great Fortitude, Iron Will, Lightning Reflexes, low-light vision, Lunge.</p>", 
                    "url": "pfsrd://Advanced Players Guide/Rules/Core Classes/Ranger/Ranger Archetypes/Infiltrator/Adaptation/Dragon", 
                    "type": "section", 
                    "name": "Dragon", 
                    "source": "Advanced Player's Guide"
                }, 
                {
                    "body": "<p id=\"fey\">Iron Will, Lightning Reflexes, low-light vision.</p>", 
                    "url": "pfsrd://Advanced Players Guide/Rules/Core Classes/Ranger/Ranger Archetypes/Infiltrator/Adaptation/Fey", 
                    "type": "section", 
                    "name": "Fey", 
                    "source": "Advanced Player's Guide"
                }, 
                {
                    "body": "<p id=\"humanoid-(aquatic)\">low-light vision, natural armor +2, darkvision, swim 15 ft.</p>", 
                    "url": "pfsrd://Advanced Players Guide/Rules/Core Classes/Ranger/Ranger Archetypes/Infiltrator/Adaptation/Humanoid (aquatic)", 
                    "type": "section", 
                    "name": "Humanoid (aquatic)", 
                    "source": "Advanced Player's Guide"
                }, 
                {
                    "body": "<p id=\"humanoid-(dwarf)\">darkvision 60 ft., defensive training, greed, hatred, hardy, slow and steady, stability, stonecunning, weapon familiarity.</p>", 
                    "url": "pfsrd://Advanced Players Guide/Rules/Core Classes/Ranger/Ranger Archetypes/Infiltrator/Adaptation/Humanoid (dwarf)", 
                    "type": "section", 
                    "name": "Humanoid (dwarf)", 
                    "source": "Advanced Player's Guide"
                }, 
                {
                    "body": "<p id=\"humanoid-(elf)\">elf blood, low-light vision, elven immunities, elven magic, keen senses, Skill Focus (choose one skill), weapon familiarity.</p>", 
                    "url": "pfsrd://Advanced Players Guide/Rules/Core Classes/Ranger/Ranger Archetypes/Infiltrator/Adaptation/Humanoid (elf)", 
                    "type": "section", 
                    "name": "Humanoid (elf)", 
                    "source": "Advanced Player's Guide"
                }, 
                {
                    "body": "<p id=\"humanoid-(giant)\">low-light vision, Lunge, natural armor +2, resist energy 10 (choose cold, electricity, or fire), Throw Anything.</p>", 
                    "url": "pfsrd://Advanced Players Guide/Rules/Core Classes/Ranger/Ranger Archetypes/Infiltrator/Adaptation/Humanoid (giant)", 
                    "type": "section", 
                    "name": "Humanoid (giant)", 
                    "source": "Advanced Player's Guide"
                }, 
                {
                    "body": "<p id=\"humanoid-(gnoll)\">darkvision 60 ft., Exotic Weapon Proficiency (dire flail), natural armor +2.</p>", 
                    "url": "pfsrd://Advanced Players Guide/Rules/Core Classes/Ranger/Ranger Archetypes/Infiltrator/Adaptation/Humanoid (gnoll)", 
                    "type": "section", 
                    "name": "Humanoid (gnoll)", 
                    "source": "Advanced Player's Guide"
                }, 
                {
                    "body": "<p id=\"humanoid-(gnome)\">defensive training, gnome magic, hatred, illusion resistance, keen senses, low-light vision, obsessive, weapon familiarity.</p>", 
                    "url": "pfsrd://Advanced Players Guide/Rules/Core Classes/Ranger/Ranger Archetypes/Infiltrator/Adaptation/Humanoid (gnome)", 
                    "type": "section", 
                    "name": "Humanoid (gnome)", 
                    "source": "Advanced Player's Guide"
                }, 
                {
                    "body": "<p id=\"humanoid-(goblinoid)\">darkvision 60 ft., goblin fast, Skill Focus (Stealth), natural armor (+2).</p>", 
                    "url": "pfsrd://Advanced Players Guide/Rules/Core Classes/Ranger/Ranger Archetypes/Infiltrator/Adaptation/Humanoid (goblinoid)", 
                    "type": "section", 
                    "name": "Humanoid (goblinoid)", 
                    "source": "Advanced Player's Guide"
                }, 
                {
                    "body": "<p id=\"humanoid-(halfling)\">fearless, halfling luck, keen senses, sure-footed, weapon familiarity.</p>", 
                    "url": "pfsrd://Advanced Players Guide/Rules/Core Classes/Ranger/Ranger Archetypes/Infiltrator/Adaptation/Humanoid (halfling)", 
                    "type": "section", 
                    "name": "Humanoid (halfling)", 
                    "source": "Advanced Player's Guide"
                }, 
                {
                    "body": "<p id=\"humanoid-(human)\">Great Fortitude, Iron Will, Lightning Reflexes, Skill Focus (choose one skill).</p>", 
                    "url": "pfsrd://Advanced Players Guide/Rules/Core Classes/Ranger/Ranger Archetypes/Infiltrator/Adaptation/Humanoid (human)", 
                    "type": "section", 
                    "name": "Humanoid (human)", 
                    "source": "Advanced Player's Guide"
                }, 
                {
                    "body": "<p id=\"humanoid-(orc)\">darkvision 60 ft., ferocity, intimidating, orc blood, weapon familiarity.</p>", 
                    "url": "pfsrd://Advanced Players Guide/Rules/Core Classes/Ranger/Ranger Archetypes/Infiltrator/Adaptation/Humanoid (orc)", 
                    "type": "section", 
                    "name": "Humanoid (orc)", 
                    "source": "Advanced Player's Guide"
                }, 
                {
                    "body": "<p id=\"humanoid-(reptilian)\">darkvision 60 ft., kobold fast (as goblin fast), lizardfolk hold breath, natural armor +2, Skill Focus (choose Acrobatics, Perception, or Stealth).</p>", 
                    "url": "pfsrd://Advanced Players Guide/Rules/Core Classes/Ranger/Ranger Archetypes/Infiltrator/Adaptation/Humanoid (reptilian)", 
                    "type": "section", 
                    "name": "Humanoid (reptilian)", 
                    "source": "Advanced Player's Guide"
                }, 
                {
                    "body": "<p id=\"magical-beast\">darkvision 60 ft., Great Fortitude, low-light vision, natural armor +2.</p>", 
                    "url": "pfsrd://Advanced Players Guide/Rules/Core Classes/Ranger/Ranger Archetypes/Infiltrator/Adaptation/Magical Beast", 
                    "type": "section", 
                    "name": "Magical Beast", 
                    "source": "Advanced Player's Guide"
                }, 
                {
                    "body": "<p id=\"monstrous-humanoid\">darkvision 60 ft., Lightning Reflexes, low-light vision, natural armor +2.</p>", 
                    "url": "pfsrd://Advanced Players Guide/Rules/Core Classes/Ranger/Ranger Archetypes/Infiltrator/Adaptation/Monstrous Humanoid", 
                    "type": "section", 
                    "name": "Monstrous Humanoid", 
                    "source": "Advanced Player's Guide"
                }, 
                {
                    "body": "<p id=\"ooze\">acid resistance 10, Great Fortitude, Iron Will, Skill Focus (choose Climb, Escape Artist, or Perception).</p>", 
                    "url": "pfsrd://Advanced Players Guide/Rules/Core Classes/Ranger/Ranger Archetypes/Infiltrator/Adaptation/Ooze", 
                    "type": "section", 
                    "name": "Ooze", 
                    "source": "Advanced Player's Guide"
                }, 
                {
                    "body": "<p id=\"outsider\">darkvision 60 ft., energy resistance 5 (choose one type of energy from acid, cold, electricity, or fire), Great Fortitude, Iron Will, Lightning Reflexes.</p>", 
                    "url": "pfsrd://Advanced Players Guide/Rules/Core Classes/Ranger/Ranger Archetypes/Infiltrator/Adaptation/Outsider", 
                    "type": "section", 
                    "name": "Outsider", 
                    "source": "Advanced Player's Guide"
                }, 
                {
                    "body": "<p id=\"plant\">low-light vision, Great Fortitude, Iron Will.</p>", 
                    "url": "pfsrd://Advanced Players Guide/Rules/Core Classes/Ranger/Ranger Archetypes/Infiltrator/Adaptation/Plant", 
                    "type": "section", 
                    "name": "Plant", 
                    "source": "Advanced Player's Guide"
                }, 
                {
                    "body": "<p id=\"undead\">darkvision 60 ft., Great Fortitude, Iron Will, natural armor (+2). Skill Focus (Stealth).</p>", 
                    "url": "pfsrd://Advanced Players Guide/Rules/Core Classes/Ranger/Ranger Archetypes/Infiltrator/Adaptation/Undead", 
                    "type": "section", 
                    "name": "Undead", 
                    "source": "Advanced Player's Guide"
                }, 
                {
                    "body": "<p id=\"vermin\">climb 15 ft., darkvision 60 ft., Great Fortitude, Iron Will, swim 15 ft.</p>", 
                    "url": "pfsrd://Advanced Players Guide/Rules/Core Classes/Ranger/Ranger Archetypes/Infiltrator/Adaptation/Vermin", 
                    "type": "section", 
                    "name": "Vermin", 
                    "source": "Advanced Player's Guide"
                }
            ], 
            "ability_types": {
                "ability_type": "Extraordinary"
            }, 
            "source": "Advanced Player's Guide", 
            "type": "ability"
        }
    ]
}