{
    "body": "<p>Most rangers venture into the wilderness, but there are some who let the wilderness seep into them. Whether by curse, disease, ancient rite, a slight lycanthropic influence in the blood, or the corrupting influence of chaos, these rangers embrace the wild to transform themselves into something untamed and feral. Shapeshifters are often held in awe, but are even more often feared. A shapeshifter has the following class features. </p>", 
    "name": "Shapeshifter", 
    "source": "Advanced Player's Guide", 
    "url": "pfsrd://Advanced Players Guide/Rules/Core Classes/Ranger/Ranger Archetypes/Shapeshifter", 
    "type": "class_archetype", 
    "subtype": "ranger", 
    "sections": [
        {
            "body": "<p id=\"combat-style-feat\">At 2nd level, a shapeshifter ranger must choose the natural weapon combat style.</p>", 
            "name": "Combat Style Feat", 
            "url": "pfsrd://Advanced Players Guide/Rules/Core Classes/Ranger/Ranger Archetypes/Shapeshifter/Combat Style Feat", 
            "ability_types": {
                "ability_type": "Extraordinary"
            }, 
            "source": "Advanced Player's Guide", 
            "type": "ability"
        }, 
        {
            "body": "<p id=\"shifter's-blessing\">At 3rd level, the shapeshifter can take on the aspects of a wild creature once per day as a swift action. He can remain in this form for a number of rounds equal to his ranger level + his Wisdom modifier. While in one of his shifter's blessing forms, the ranger gains the shapeshifter subtype. </p><p>The shapeshifter must choose one of the following forms. Once this choice is made, it cannot be changed.</p>", 
            "name": "Shifter's Blessing", 
            "url": "pfsrd://Advanced Players Guide/Rules/Core Classes/Ranger/Ranger Archetypes/Shapeshifter/Shifters Blessing", 
            "sections": [
                {
                    "body": "<p id=\"form-of-the-bear\">The ranger's muscles enlarge and tighten, and his facial features become more ursine. While in this form, the ranger gains a +4 enhancement bonus to Strength, but his base speed becomes 20 feet.</p>", 
                    "url": "pfsrd://Advanced Players Guide/Rules/Core Classes/Ranger/Ranger Archetypes/Shapeshifter/Shifters Blessing/Form of the Bear", 
                    "type": "section", 
                    "name": "Form of the Bear", 
                    "source": "Advanced Player's Guide"
                }, 
                {
                    "body": "<p id=\"form-of-the-cat\">The ranger's muscles become lean and defined, and his gait more deliberate and graceful. While in this form, the ranger increases his base speed by 10 feet, and he gains a +4 bonus on Acrobatics and Climb checks.</p>", 
                    "url": "pfsrd://Advanced Players Guide/Rules/Core Classes/Ranger/Ranger Archetypes/Shapeshifter/Shifters Blessing/Form of the Cat", 
                    "type": "section", 
                    "name": "Form of the Cat", 
                    "source": "Advanced Player's Guide"
                }, 
                {
                    "body": "<p id=\"form-of-the-dragon\">The ranger's skin becomes rough and scaly. While in this form, the ranger gains a +2 natural armor bonus to AC. </p>", 
                    "url": "pfsrd://Advanced Players Guide/Rules/Core Classes/Ranger/Ranger Archetypes/Shapeshifter/Shifters Blessing/Form of the Dragon", 
                    "type": "section", 
                    "name": "Form of the Dragon", 
                    "source": "Advanced Player's Guide"
                }, 
                {
                    "body": "<p id=\"form-of-the-eagle\">The ranger's skin stretches, his nose becomes hooked, and his eyes enlarge. While in this form, the ranger gains a +10 bonus on Perception checks.</p>", 
                    "url": "pfsrd://Advanced Players Guide/Rules/Core Classes/Ranger/Ranger Archetypes/Shapeshifter/Shifters Blessing/Form of the Eagle", 
                    "type": "section", 
                    "name": "Form of the Eagle", 
                    "source": "Advanced Player's Guide"
                }, 
                {
                    "body": "<p id=\"form-of-the-jackal\">The ranger becomes thin and hyperactive, his movements taking on a nervous spryness. While in this form, the ranger can spend a move action to move up to 1/2 his speed without provoking attacks of opportunity. </p>", 
                    "url": "pfsrd://Advanced Players Guide/Rules/Core Classes/Ranger/Ranger Archetypes/Shapeshifter/Shifters Blessing/Form of the Jackal", 
                    "type": "section", 
                    "name": "Form of the Jackal", 
                    "source": "Advanced Player's Guide"
                }, 
                {
                    "body": "<p id=\"form-of-the-otter\">The ranger's hands and feet grow webs, and his body grows an oily fur that is water resistant. While in this form, the ranger gains a swim speed of 30 feet and a +8 bonus on Swim checks. </p><p>At 8th level and again every five levels thereafter, the ranger may select an additional form for his shifter's blessing and may use this ability one additional time per day. This is not a polymorph ability; a ranger with shifter's blessing in one of his shifted forms can be affected by a polymorph ability and retain his bonus and traits gained by the class feature. This ability replaces favored terrain.</p>", 
                    "url": "pfsrd://Advanced Players Guide/Rules/Core Classes/Ranger/Ranger Archetypes/Shapeshifter/Shifters Blessing/Form of the Otter", 
                    "type": "section", 
                    "name": "Form of the Otter", 
                    "source": "Advanced Player's Guide"
                }
            ], 
            "ability_types": {
                "ability_type": "Supernatural"
            }, 
            "source": "Advanced Player's Guide", 
            "type": "ability"
        }, 
        {
            "body": "<p id=\"dual-form-shifter\">At 12th level, when the shapeshifter takes on a shifter's blessing form, he can take on a hybrid of two of his forms. He gains the bonuses for both forms. This ability replaces camouflage.</p>", 
            "name": "Dual Form Shifter", 
            "url": "pfsrd://Advanced Players Guide/Rules/Core Classes/Ranger/Ranger Archetypes/Shapeshifter/Dual Form Shifter", 
            "ability_types": {
                "ability_type": "Extraordinary"
            }, 
            "source": "Advanced Player's Guide", 
            "type": "ability"
        }, 
        {
            "body": "<p id=\"master-shifter\">At 20th level, the ranger's shifter's blessing forms improve, and he can take on true forms of beasts. The ranger can use dual form shifter with this ability, although he cannot use more than one polymorph effect at any one time. This ability replaces master hunter. The ranger's forms from shifter's blessing improve to the following:</p>", 
            "name": "Master Shifter", 
            "url": "pfsrd://Advanced Players Guide/Rules/Core Classes/Ranger/Ranger Archetypes/Shapeshifter/Master Shifter", 
            "sections": [
                {
                    "body": "<p id=\"form-of-the-bear\">The ranger's muscles enlarge and tighten, and his facial features become more ursine. While in this form, the ranger gains a +8 enhancement bonus to Strength and he does not suffer any reduction of speed. Alternatively, the ranger can polymorph into the form of a bear as if the caster of <i>beast shape IV</i>.</p>", 
                    "url": "pfsrd://Advanced Players Guide/Rules/Core Classes/Ranger/Ranger Archetypes/Shapeshifter/Master Shifter/Form of the Bear", 
                    "type": "section", 
                    "name": "Form of the Bear", 
                    "source": "Advanced Player's Guide"
                }, 
                {
                    "body": "<p id=\"form-of-the-cat\">The ranger's muscles become lean and defined, and his gait more deliberate and graceful. While in this form, the ranger increases his base speed by 20 feet and he gains a +10 bonus on Acrobatics and Climb checks. Alternatively, the ranger can polymorph into the form of a cat of any size as if the caster of <i>beast shape IV</i>.</p>", 
                    "url": "pfsrd://Advanced Players Guide/Rules/Core Classes/Ranger/Ranger Archetypes/Shapeshifter/Master Shifter/Form of the Cat", 
                    "type": "section", 
                    "name": "Form of the Cat", 
                    "source": "Advanced Player's Guide"
                }, 
                {
                    "body": "<p id=\"form-of-the-dragon\">The ranger's skin becomes rough and scaly. While in this form, the ranger gains a +4 natural armor bonus to AC and a fly speed of 30 feet with average maneuverability. Alternately, the ranger can polymorph into the form of a dragon as if the caster of <i>form of the dragon I</i>.</p>", 
                    "url": "pfsrd://Advanced Players Guide/Rules/Core Classes/Ranger/Ranger Archetypes/Shapeshifter/Master Shifter/Form of the Dragon", 
                    "type": "section", 
                    "name": "Form of the Dragon", 
                    "source": "Advanced Player's Guide"
                }, 
                {
                    "body": "<p id=\"form-of-the-eagle\">The ranger's skin stretches, his nose becomes hooked, and his eyes enlarge. While in this form, the ranger gains a +10 bonus on Perception checks and a fly speed of 40 feet with good maneuverability. Alternatively, the ranger can polymorph into the form of an eagle or similar raptor as if the caster of <i>beast shape IV</i>.</p>", 
                    "url": "pfsrd://Advanced Players Guide/Rules/Core Classes/Ranger/Ranger Archetypes/Shapeshifter/Master Shifter/Form of the Eagle", 
                    "type": "section", 
                    "name": "Form of the Eagle", 
                    "source": "Advanced Player's Guide"
                }, 
                {
                    "body": "<p id=\"form-of-the-jackal\">The ranger becomes thin and hyperactive, his movements taking on a nervous spryness. While in this form, the ranger does not provoke attacks of opportunity due to movement. Alternatively, the ranger can polymorph into the form of a jackal or other canine creature as if the caster of <i>beast shape IV</i>.</p>", 
                    "url": "pfsrd://Advanced Players Guide/Rules/Core Classes/Ranger/Ranger Archetypes/Shapeshifter/Master Shifter/Form of the Jackal", 
                    "type": "section", 
                    "name": "Form of the Jackal", 
                    "source": "Advanced Player's Guide"
                }, 
                {
                    "body": "<p id=\"form-of-the-otter\">The ranger's hands and feet grow webs, and his body grows an oily fur that is water resistant. While in this form, the ranger gains a swim speed of 60 feet and a +5 bonus on Swim checks. Alternatively, the ranger can polymorph into the form of an otter or similar river mammal as if the caster of <i>beast shape IV</i>. </p>", 
                    "url": "pfsrd://Advanced Players Guide/Rules/Core Classes/Ranger/Ranger Archetypes/Shapeshifter/Master Shifter/Form of the Otter", 
                    "type": "section", 
                    "name": "Form of the Otter", 
                    "source": "Advanced Player's Guide"
                }
            ], 
            "ability_types": {
                "ability_type": "Supernatural"
            }, 
            "source": "Advanced Player's Guide", 
            "type": "ability"
        }
    ]
}