{
    "body": "<p>The archer is dedicated to the careful mastery of the bow, perfecting his skills with years of practice honed day after day on ranges and hunting for game, or else on the battlefield, raining destruction down on the enemy lines.</p>", 
    "name": "Archer", 
    "source": "Advanced Player's Guide", 
    "url": "pfsrd://Advanced Players Guide/Rules/Core Classes/Fighter/Fighter Archetypes/Archer", 
    "type": "class_archetype", 
    "subtype": "fighter", 
    "sections": [
        {
            "body": "<p id=\"hawkeye\">At 2nd level, an archer gains a +1 bonus on Perception checks, and the range increment for any bow he uses increases by 5 feet. These bonuses increase by +1 and 5 additional feet for every 4 levels beyond 2nd. This ability replaces bravery.</p>", 
            "name": "Hawkeye", 
            "url": "pfsrd://Advanced Players Guide/Rules/Core Classes/Fighter/Fighter Archetypes/Archer/Hawkeye", 
            "ability_types": {
                "ability_type": "Extraordinary"
            }, 
            "source": "Advanced Player's Guide", 
            "type": "ability"
        }, 
        {
            "body": "<p id=\"trick-shot\">At 3rd level, an archer can choose one of the following combat maneuvers or actions: disarm, feint, or sunder. He can perform this action with a bow against any target within 30 feet, with a &ndash;4 penalty to his CMB. Every four levels beyond 3rd, he may choose an additional trick shot to learn. These maneuvers use up arrows as normal.</p><p>At 11th level, he may also choose from the following combat maneuvers: bull rush, grapple, trip. A target grappled by an arrow can break free by destroying the archer's arrow (hardness 5, hit points 1, break DC 13) or with an Escape Artist or CMB check (against the archer's CMD &ndash;4). This ability replaces armor training 1, 2, 3, and 4.</p>", 
            "name": "Trick Shot", 
            "url": "pfsrd://Advanced Players Guide/Rules/Core Classes/Fighter/Fighter Archetypes/Archer/Trick Shot", 
            "ability_types": {
                "ability_type": "Extraordinary"
            }, 
            "source": "Advanced Player's Guide", 
            "type": "ability"
        }, 
        {
            "body": "<p id=\"expert-archer\">At 5th level, an archer gains a +1 bonus on attack and damage rolls with bows. This bonus increases by +1 for every four levels beyond 5th. This ability replaces weapon training 1.</p>", 
            "name": "Expert Archer", 
            "url": "pfsrd://Advanced Players Guide/Rules/Core Classes/Fighter/Fighter Archetypes/Archer/Expert Archer", 
            "ability_types": {
                "ability_type": "Extraordinary"
            }, 
            "source": "Advanced Player's Guide", 
            "type": "ability"
        }, 
        {
            "body": "<p id=\"safe-shot\">At 9th level, an archer does not provoke attacks of opportunity when making ranged attacks with a bow. This ability replaces weapon training 2. </p>", 
            "name": "Safe Shot", 
            "url": "pfsrd://Advanced Players Guide/Rules/Core Classes/Fighter/Fighter Archetypes/Archer/Safe Shot", 
            "ability_types": {
                "ability_type": "Extraordinary"
            }, 
            "source": "Advanced Player's Guide", 
            "type": "ability"
        }, 
        {
            "body": "<p id=\"evasive-archer\">At 13th level, an archer gains a +2 dodge bonus to AC against ranged attacks. This bonus increases to +4 at 17th level. This ability replaces weapon training 3. </p>", 
            "name": "Evasive Archer", 
            "url": "pfsrd://Advanced Players Guide/Rules/Core Classes/Fighter/Fighter Archetypes/Archer/Evasive Archer", 
            "ability_types": {
                "ability_type": "Extraordinary"
            }, 
            "source": "Advanced Player's Guide", 
            "type": "ability"
        }, 
        {
            "body": "<p id=\"volley\">At 17th level, as a full-round action, an archer can make a single bow attack at his highest base attack bonus against any number of creatures in a 15-foot- radius burst, making separate attack and damage rolls for each creature. This ability replaces weapon training 4.</p>", 
            "name": "Volley", 
            "url": "pfsrd://Advanced Players Guide/Rules/Core Classes/Fighter/Fighter Archetypes/Archer/Volley", 
            "ability_types": {
                "ability_type": "Extraordinary"
            }, 
            "source": "Advanced Player's Guide", 
            "type": "ability"
        }, 
        {
            "body": "<p id=\"ranged-defense\">At 19th level, an archer gains DR 5/&mdash; against ranged attacks. In addition, as an immediate action, he can catch an arrow fired at him and shoot it any target he chooses, as if he had the Snatch Arrows feat. This ability replaces armor mastery.</p>", 
            "name": "Ranged Defense", 
            "url": "pfsrd://Advanced Players Guide/Rules/Core Classes/Fighter/Fighter Archetypes/Archer/Ranged Defense", 
            "ability_types": {
                "ability_type": "Extraordinary"
            }, 
            "source": "Advanced Player's Guide", 
            "type": "ability"
        }, 
        {
            "body": "<p id=\"weapon-mastery\">An archer must choose a type of bow. </p>", 
            "name": "Weapon Mastery", 
            "url": "pfsrd://Advanced Players Guide/Rules/Core Classes/Fighter/Fighter Archetypes/Archer/Weapon Mastery", 
            "ability_types": {
                "ability_type": "Extraordinary"
            }, 
            "source": "Advanced Player's Guide", 
            "type": "ability"
        }
    ]
}