{
    "body": "<p>The crossbowman has perfected the deadly use of the crossbow, a simple but cruelly efficient weapon, as a craftsman mastering a lethal tool. </p>", 
    "name": "Crossbowman", 
    "source": "Advanced Player's Guide", 
    "url": "pfsrd://Advanced Players Guide/Rules/Core Classes/Fighter/Fighter Archetypes/Crossbowman", 
    "type": "class_archetype", 
    "subtype": "fighter", 
    "sections": [
        {
            "body": "<p id=\"deadshot\">At 3rd level, when a crossbowman attacks with a crossbow as a readied action, he may add 1/2 his Dexterity bonus (minimum +1) on his damage roll. This ability replaces armor training 1.</p>", 
            "name": "Deadshot", 
            "url": "pfsrd://Advanced Players Guide/Rules/Core Classes/Fighter/Fighter Archetypes/Crossbowman/Deadshot", 
            "ability_types": {
                "ability_type": "Extraordinary"
            }, 
            "source": "Advanced Player's Guide", 
            "type": "ability"
        }, 
        {
            "body": "<p id=\"crossbow-expert\">At 5th level, a crossbowman gains a +1 bonus on attack and damage rolls with crossbows. This bonus increases by +1 per four levels after 5th. This ability replaces weapon training 1.</p>", 
            "name": "Crossbow Expert", 
            "url": "pfsrd://Advanced Players Guide/Rules/Core Classes/Fighter/Fighter Archetypes/Crossbowman/Crossbow Expert", 
            "ability_types": {
                "ability_type": "Extraordinary"
            }, 
            "source": "Advanced Player's Guide", 
            "type": "ability"
        }, 
        {
            "body": "<p id=\"improved-deadshot\">At 7th level, when a crossbowman attacks with a crossbow as a readied action, his target is denied its Dexterity bonus to its AC. This ability replaces armor training 2.</p>", 
            "name": "Improved Deadshot", 
            "url": "pfsrd://Advanced Players Guide/Rules/Core Classes/Fighter/Fighter Archetypes/Crossbowman/Improved Deadshot", 
            "ability_types": {
                "ability_type": "Extraordinary"
            }, 
            "source": "Advanced Player's Guide", 
            "type": "ability"
        }, 
        {
            "body": "<p id=\"quick-sniper\">At 9th level, a crossbowman gains a bonus equal to 1/2 his fighter level on Stealth checks when sniping. When he is hit with a ranged attack, he can shoot his crossbow at his attacker as an immediate action if it is loaded. This ability replaces weapon training 2.</p>", 
            "name": "Quick Sniper", 
            "url": "pfsrd://Advanced Players Guide/Rules/Core Classes/Fighter/Fighter Archetypes/Crossbowman/Quick Sniper", 
            "ability_types": {
                "ability_type": "Extraordinary"
            }, 
            "source": "Advanced Player's Guide", 
            "type": "ability"
        }, 
        {
            "body": "<p id=\"greater-deadshot\">At 11th level, when a crossbowman attacks with a crossbow as a readied action, he may add his Dexterity bonus (minimum +1) on his damage roll. This ability replaces armor training 3.</p>", 
            "name": "Greater Deadshot", 
            "url": "pfsrd://Advanced Players Guide/Rules/Core Classes/Fighter/Fighter Archetypes/Crossbowman/Greater Deadshot", 
            "ability_types": {
                "ability_type": "Extraordinary"
            }, 
            "source": "Advanced Player's Guide", 
            "type": "ability"
        }, 
        {
            "body": "<p id=\"safe-shot\">At 13th level, a crossbowman does not provoke attacks of opportunity when making ranged attacks with a crossbow. This ability replaces weapon training 3. </p>", 
            "name": "Safe Shot", 
            "url": "pfsrd://Advanced Players Guide/Rules/Core Classes/Fighter/Fighter Archetypes/Crossbowman/Safe Shot", 
            "ability_types": {
                "ability_type": "Extraordinary"
            }, 
            "source": "Advanced Player's Guide", 
            "type": "ability"
        }, 
        {
            "body": "<p id=\"pinpoint-targeting\">At 15th level, a crossbowman gains Pinpoint Targeting as a bonus feat. This ability replaces armor training 4.</p>", 
            "url": "pfsrd://Advanced Players Guide/Rules/Core Classes/Fighter/Fighter Archetypes/Crossbowman/Pinpoint Targeting", 
            "type": "section", 
            "name": "Pinpoint Targeting", 
            "source": "Advanced Player's Guide"
        }, 
        {
            "body": "<p id=\"meteor-shot\">At 17th level, as a standard action, a crossbowman can make one attack with a crossbow at a &ndash;4 penalty. If the attack hits, it inflicts damage normally and the target is subject to a bull rush or a trip maneuver using the attack roll as the combat maneuver check. The crossbowman must decide which maneuver to attempt before making his attack roll. This ability replaces weapon training 4.</p>", 
            "name": "Meteor Shot", 
            "url": "pfsrd://Advanced Players Guide/Rules/Core Classes/Fighter/Fighter Archetypes/Crossbowman/Meteor Shot", 
            "ability_types": {
                "ability_type": "Extraordinary"
            }, 
            "source": "Advanced Player's Guide", 
            "type": "ability"
        }, 
        {
            "body": "<p id=\"penetrating-shot\">At 19th level, when a crossbowman confirms a critical hit with a crossbow, the bolt pierces the target and can strike another creature in line behind it. The crossbowman must be able to trace a line starting at his space and passing through both targets to make this additional attack. The secondary attack is made at a &ndash;4 penalty, in addition to any modifiers for added range. If this attack is also a critical hit, the bolt can continue to hit another target, but the penalties stack. This ability replaces armor mastery.</p>", 
            "name": "Penetrating Shot", 
            "url": "pfsrd://Advanced Players Guide/Rules/Core Classes/Fighter/Fighter Archetypes/Crossbowman/Penetrating Shot", 
            "ability_types": {
                "ability_type": "Extraordinary"
            }, 
            "source": "Advanced Player's Guide", 
            "type": "ability"
        }, 
        {
            "body": "<p id=\"weapon-mastery\">A crossbowman must choose a type of crossbow. </p>", 
            "name": "Weapon Mastery", 
            "url": "pfsrd://Advanced Players Guide/Rules/Core Classes/Fighter/Fighter Archetypes/Crossbowman/Weapon Mastery", 
            "ability_types": {
                "ability_type": "Extraordinary"
            }, 
            "source": "Advanced Player's Guide", 
            "type": "ability"
        }
    ]
}