{
    "body": "<p>The free hand fighter specializes in the delicate art of handling a single weapon in one hand while using his free hand to balance, block, tip, and distract his opponents. While not a brawler, his open hand is as much a weapon as a bow or blade. His fighting school benefits only apply when he is using a one-handed weapon and carrying nothing in his other hand.</p>", 
    "name": "Free Hand Fighter", 
    "source": "Advanced Player's Guide", 
    "url": "pfsrd://Advanced Players Guide/Rules/Core Classes/Fighter/Fighter Archetypes/Free Hand Fighter", 
    "type": "class_archetype", 
    "subtype": "fighter", 
    "sections": [
        {
            "body": "<p id=\"deceptive-strike\">At 2nd level, a free hand fighter gains a +1 bonus to CMB and CMD on disarm checks and on Bluff checks to feint or create a diversion to hide. This bonus increases by +1 for every four levels after 2nd. This ability replaces bravery.</p>", 
            "name": "Deceptive Strike", 
            "url": "pfsrd://Advanced Players Guide/Rules/Core Classes/Fighter/Fighter Archetypes/Free Hand Fighter/Deceptive Strike", 
            "ability_types": {
                "ability_type": "Extraordinary"
            }, 
            "source": "Advanced Player's Guide", 
            "type": "ability"
        }, 
        {
            "body": "<p id=\"elusive\">At 3rd level, a free hand fighter gains a +1 dodge bonus to AC. This bonus increases by +1 for every four levels after 2nd. This bonus does not apply when wearing medium or heavy armor or carrying a medium or heavier load. This ability replaces armor training 1, 2, 3, and 4.</p>", 
            "name": "Elusive", 
            "url": "pfsrd://Advanced Players Guide/Rules/Core Classes/Fighter/Fighter Archetypes/Free Hand Fighter/Elusive", 
            "ability_types": {
                "ability_type": "Extraordinary"
            }, 
            "source": "Advanced Player's Guide", 
            "type": "ability"
        }, 
        {
            "body": "<p id=\"singleton\">At 5th level, a free hand fighter gains a +1 bonus on attack and damage rolls when wielding a melee weapon in one hand and leaving his other hand free. This bonus increases by +1 per six levels after 5th. This ability replaces weapon training 1 and 4.</p>", 
            "name": "Singleton", 
            "url": "pfsrd://Advanced Players Guide/Rules/Core Classes/Fighter/Fighter Archetypes/Free Hand Fighter/Singleton", 
            "ability_types": {
                "ability_type": "Extraordinary"
            }, 
            "source": "Advanced Player's Guide", 
            "type": "ability"
        }, 
        {
            "body": "<p id=\"timely-tip\">At 9th level, a free hand fighter can make a disarm combat maneuver against a target he threatens as a move action to push aside the target's shield. If successful, the target loses its shield bonus to AC against the free hand fighter's next attack. This ability replaces weapon training 2.</p>", 
            "name": "Timely Tip", 
            "url": "pfsrd://Advanced Players Guide/Rules/Core Classes/Fighter/Fighter Archetypes/Free Hand Fighter/Timely Tip", 
            "ability_types": {
                "ability_type": "Extraordinary"
            }, 
            "source": "Advanced Player's Guide", 
            "type": "ability"
        }, 
        {
            "body": "<p id=\"interference\">At 13th level, a free hand fighter can make a disarm or trip combat maneuver against a target he threatens as a move action to push his opponent off balance. If successful, the target becomes flat-footed. This condition lasts until the target takes damage from a melee or ranged attack or until the beginning of the free hand fighter's next turn, whichever comes first. This ability replaces weapon training 3.</p>", 
            "name": "Interference", 
            "url": "pfsrd://Advanced Players Guide/Rules/Core Classes/Fighter/Fighter Archetypes/Free Hand Fighter/Interference", 
            "ability_types": {
                "ability_type": "Extraordinary"
            }, 
            "source": "Advanced Player's Guide", 
            "type": "ability"
        }, 
        {
            "body": "<p id=\"reversal\">At 19th level, a free hand fighter can make a disarm combat maneuver against a creature he threatens as an immediate action when he is the target of a melee attack from another creature. If successful, the attack changes to target the target of the free hand fighter's maneuver instead of the free hand fighter himself. This ability replaces armor mastery. </p>", 
            "name": "Reversal", 
            "url": "pfsrd://Advanced Players Guide/Rules/Core Classes/Fighter/Fighter Archetypes/Free Hand Fighter/Reversal", 
            "ability_types": {
                "ability_type": "Extraordinary"
            }, 
            "source": "Advanced Player's Guide", 
            "type": "ability"
        }
    ]
}