{
    "body": "<p>Where some fighters focus on strength and raw power, the mobile fighter relies on swiftness and mobility, gliding across the battlefield like a steel whirlwind and leaving destruction in his wake. </p>", 
    "name": "Mobile Fighter", 
    "source": "Advanced Player's Guide", 
    "url": "pfsrd://Advanced Players Guide/Rules/Core Classes/Fighter/Fighter Archetypes/Mobile Fighter", 
    "type": "class_archetype", 
    "subtype": "fighter", 
    "sections": [
        {
            "body": "<p id=\"agility\">At 2nd level, a mobile fighter gains a +1 bonus on saving throws made against effects that cause him to become paralyzed, slowed, or entangled. This bonus increases by +1 for every four levels beyond 2nd. This ability replaces bravery.</p>", 
            "name": "Agility", 
            "url": "pfsrd://Advanced Players Guide/Rules/Core Classes/Fighter/Fighter Archetypes/Mobile Fighter/Agility", 
            "ability_types": {
                "ability_type": "Extraordinary"
            }, 
            "source": "Advanced Player's Guide", 
            "type": "ability"
        }, 
        {
            "body": "<p id=\"leaping-attack\">At 5th level, when a mobile fighter moves at least 5 feet prior to attacking, he gains a +1 bonus on attack and damage rolls. This bonus increases by +1 for every four levels beyond 5th. This ability replaces weapon training 1, 2, 3, and 4.</p>", 
            "name": "Leaping Attack", 
            "url": "pfsrd://Advanced Players Guide/Rules/Core Classes/Fighter/Fighter Archetypes/Mobile Fighter/Leaping Attack", 
            "ability_types": {
                "ability_type": "Extraordinary"
            }, 
            "source": "Advanced Player's Guide", 
            "type": "ability"
        }, 
        {
            "body": "<p id=\"rapid-attack\">At 11th level, a mobile fighter can combine a full attack action with a single move. He must forgo the attack at his highest bonus but may take the remaining attacks at any point during his movement. This movement provokes attacks of opportunity as normal. This ability replaces armor training 3.</p>", 
            "name": "Rapid Attack", 
            "url": "pfsrd://Advanced Players Guide/Rules/Core Classes/Fighter/Fighter Archetypes/Mobile Fighter/Rapid Attack", 
            "ability_types": {
                "ability_type": "Extraordinary"
            }, 
            "source": "Advanced Player's Guide", 
            "type": "ability"
        }, 
        {
            "body": "<p id=\"fleet-footed\">At 15th level, the mobile fighter's speed increases by 10 feet. He can take 10 on Acrobatics checks even while distracted or threatened, and can take 20 on an Acrobatics check once per day for every five fighter levels he possesses. This ability replaces armor training 4.</p>", 
            "name": "Fleet Footed", 
            "url": "pfsrd://Advanced Players Guide/Rules/Core Classes/Fighter/Fighter Archetypes/Mobile Fighter/Fleet Footed", 
            "ability_types": {
                "ability_type": "Extraordinary"
            }, 
            "source": "Advanced Player's Guide", 
            "type": "ability"
        }, 
        {
            "body": "<p id=\"whirlwind-blitz\">At 20th level, a mobile fighter can make a full-attack action as a standard action. He may also use the Whirlwind Attack feat as a standard action. This ability replaces weapon mastery.</p>", 
            "name": "Whirlwind Blitz", 
            "url": "pfsrd://Advanced Players Guide/Rules/Core Classes/Fighter/Fighter Archetypes/Mobile Fighter/Whirlwind Blitz", 
            "ability_types": {
                "ability_type": "Extraordinary"
            }, 
            "source": "Advanced Player's Guide", 
            "type": "ability"
        }
    ]
}