{
    "body": "<p>The phalanx soldier specializes in defensive tactics, using his shield to guard himself and his allies and forming a shield wall like an unbreakable anvil against which his enemies break.</p>", 
    "name": "Phalanx Soldier", 
    "source": "Advanced Player's Guide", 
    "url": "pfsrd://Advanced Players Guide/Rules/Core Classes/Fighter/Fighter Archetypes/Phalanx Soldier", 
    "type": "class_archetype", 
    "subtype": "fighter", 
    "sections": [
        {
            "body": "<p id=\"stand-firm\">At 2nd level, a phalanx soldier gains a +1 bonus to CMD against bull rush, overrun, and trip attempts. This bonus also applies on saves against trample attacks. The bonus increases by +1 for every four levels beyond 2nd. This ability replaces bravery.</p>", 
            "name": "Stand Firm", 
            "url": "pfsrd://Advanced Players Guide/Rules/Core Classes/Fighter/Fighter Archetypes/Phalanx Soldier/Stand Firm", 
            "ability_types": {
                "ability_type": "Extraordinary"
            }, 
            "source": "Advanced Player's Guide", 
            "type": "ability"
        }, 
        {
            "body": "<p id=\"phalanx-fighting\">At 3rd level, when a phalanx soldier wields a shield, he can use any polearm or spear of his size as a one-handed weapon. This ability replaces armor training 1. </p>", 
            "name": "Phalanx Fighting", 
            "url": "pfsrd://Advanced Players Guide/Rules/Core Classes/Fighter/Fighter Archetypes/Phalanx Soldier/Phalanx Fighting", 
            "ability_types": {
                "ability_type": "Extraordinary"
            }, 
            "source": "Advanced Player's Guide", 
            "type": "ability"
        }, 
        {
            "body": "<p id=\"ready-pike\">At 5th level, a phalanx soldier can, once per day, ready a weapon with the brace property as an immediate action, gaining a +1 bonus on attack and damage rolls. For every four levels beyond 5th, this bonus increases by +1, and he can use the ability one additional time per day. He cannot use this ability when flat-footed. This ability replaces weapon training 1.</p>", 
            "name": "Ready Pike", 
            "url": "pfsrd://Advanced Players Guide/Rules/Core Classes/Fighter/Fighter Archetypes/Phalanx Soldier/Ready Pike", 
            "ability_types": {
                "ability_type": "Extraordinary"
            }, 
            "source": "Advanced Player's Guide", 
            "type": "ability"
        }, 
        {
            "body": "<p id=\"deft-shield\">At 7th level, the armor check penalty from a shield and the attack roll penalty are reduced by &ndash;1 for a phalanx soldier using a tower shield. At 11th level, these penalties are reduced by &ndash;2. This ability replaces armor training 2 and 3.</p>", 
            "name": "Deft Shield", 
            "url": "pfsrd://Advanced Players Guide/Rules/Core Classes/Fighter/Fighter Archetypes/Phalanx Soldier/Deft Shield", 
            "ability_types": {
                "ability_type": "Extraordinary"
            }, 
            "source": "Advanced Player's Guide", 
            "type": "ability"
        }, 
        {
            "body": "<p id=\"shield-ally\">At 9th level, when a phalanx fighter is using a heavy or tower shield, he can, as a move action, provide partial cover (+2 cover bonus to AC, +1 bonus on Reflex saves) to himself and all adjacent allies until the beginning of his next turn.</p><p>At 13th level, he can instead provide cover (+4 cover bonus to AC, +2 bonus on Reflex saves) and evasion (as a rogue) to one adjacent ally until the beginning of his next turn. This cover does not allow Stealth checks. </p><p>At 17th level, he can provide cover to himself and all adjacent allies, or he can provide improved cover (+8 cover bonus to AC, +4 bonus on Reflex saves, improved evasion) to a single adjacent ally. This ability replaces weapon training 2, 3, and 4.</p>", 
            "name": "Shield Ally", 
            "url": "pfsrd://Advanced Players Guide/Rules/Core Classes/Fighter/Fighter Archetypes/Phalanx Soldier/Shield Ally", 
            "ability_types": {
                "ability_type": "Extraordinary"
            }, 
            "source": "Advanced Player's Guide", 
            "type": "ability"
        }, 
        {
            "body": "<p id=\"irresistible-advance\">At 15th level, a phalanx fighter gains a bonus on bull rush and overrun CMB checks. This bonus depends on the type of shield used: +1 with a buckler, +2 with a light shield, +3 with a heavy shield, or +4 with a tower shield. This ability replaces armor training 4.</p>", 
            "name": "Irresistible Advance", 
            "url": "pfsrd://Advanced Players Guide/Rules/Core Classes/Fighter/Fighter Archetypes/Phalanx Soldier/Irresistible Advance", 
            "ability_types": {
                "ability_type": "Extraordinary"
            }, 
            "source": "Advanced Player's Guide", 
            "type": "ability"
        }, 
        {
            "body": "<p id=\"shielded-fortress\">At 20th level, a phalanx fighter's shield cannot be disarmed or sundered. He gains evasion (as a rogue) when using a shield (improved evasion when using a tower shield). As a move action, a phalanx fighter can provide evasion to all adjacent allies until the beginning of his next turn. As an immediate action, he can provide improved evasion to an adjacent ally against one attack. This ability replaces weapon mastery.</p>", 
            "name": "Shielded Fortress", 
            "url": "pfsrd://Advanced Players Guide/Rules/Core Classes/Fighter/Fighter Archetypes/Phalanx Soldier/Shielded Fortress", 
            "ability_types": {
                "ability_type": "Extraordinary"
            }, 
            "source": "Advanced Player's Guide", 
            "type": "ability"
        }
    ]
}