{
    "body": "<p>The polearm master is schooled in the ancient wisdom that enemies are best faced at the end of long striking pole, lashing like a serpent before clumsy swords and axes can even be brought to bear.</p>", 
    "name": "Polearm Master", 
    "source": "Advanced Player's Guide", 
    "url": "pfsrd://Advanced Players Guide/Rules/Core Classes/Fighter/Fighter Archetypes/Polearm Master", 
    "type": "class_archetype", 
    "subtype": "fighter", 
    "sections": [
        {
            "body": "<p id=\"pole-fighting\">At 2nd level, as an immediate action, a polearm master can shorten the grip on his spear or polearm with reach and use it against adjacent targets. This action results in a &ndash;4 penalty on attack rolls with that weapon until he spends another immediate action to return to the normal grip. The penalty is reduced by &ndash;1 for every four levels beyond 2nd. This ability replaces bravery.</p>", 
            "name": "Pole Fighting", 
            "url": "pfsrd://Advanced Players Guide/Rules/Core Classes/Fighter/Fighter Archetypes/Polearm Master/Pole Fighting", 
            "ability_types": {
                "ability_type": "Extraordinary"
            }, 
            "source": "Advanced Player's Guide", 
            "type": "ability"
        }, 
        {
            "body": "<p id=\"steadfast-pike\">At 3rd level, a polearm master gains a +1 bonus on attack rolls with readied attacks and attacks of opportunity made with a spear or polearm. The bonus increases by +1 for every four levels beyond 3rd. This ability replaces armor training 1, 2, 3, and 4.</p>", 
            "name": "Steadfast Pike", 
            "url": "pfsrd://Advanced Players Guide/Rules/Core Classes/Fighter/Fighter Archetypes/Polearm Master/Steadfast Pike", 
            "ability_types": {
                "ability_type": "Extraordinary"
            }, 
            "source": "Advanced Player's Guide", 
            "type": "ability"
        }, 
        {
            "body": "<p id=\"polearm-training\">At 5th level, a polearm master gains a +1 bonus on attack and damage rolls with spears and polearms. The bonus increases by +1 for every four levels beyond 5th. This ability replaces weapon training 1.</p>", 
            "name": "Polearm Training", 
            "url": "pfsrd://Advanced Players Guide/Rules/Core Classes/Fighter/Fighter Archetypes/Polearm Master/Polearm Training", 
            "ability_types": {
                "ability_type": "Extraordinary"
            }, 
            "source": "Advanced Player's Guide", 
            "type": "ability"
        }, 
        {
            "body": "<p id=\"flexible-flanker\">At 9th level, a polearm master may choose any square adjacent to him and treat that square as his location for determining who he is flanking, even if that square is occupied by a creature, object, or solid barrier. This ability replaces weapon training 2.</p>", 
            "name": "Flexible Flanker", 
            "url": "pfsrd://Advanced Players Guide/Rules/Core Classes/Fighter/Fighter Archetypes/Polearm Master/Flexible Flanker", 
            "ability_types": {
                "ability_type": "Extraordinary"
            }, 
            "source": "Advanced Player's Guide", 
            "type": "ability"
        }, 
        {
            "body": "<p id=\"sweeping-fend\">At 13th level, a polearm master can use any spear or pole arm to make a bull rush or trip maneuver, though he takes a &ndash;4 penalty to his CMB when making such attempts. Weapons with the trip property do not incur this penalty on trip maneuvers. This ability replaces weapon training 3.</p>", 
            "name": "Sweeping Fend", 
            "url": "pfsrd://Advanced Players Guide/Rules/Core Classes/Fighter/Fighter Archetypes/Polearm Master/Sweeping Fend", 
            "ability_types": {
                "ability_type": "Extraordinary"
            }, 
            "source": "Advanced Player's Guide", 
            "type": "ability"
        }, 
        {
            "body": "<p id=\"step-aside\">At 17th level, when a creature threatened by a polearm master takes a 5-foot step into a square adjacent to him, he can take a 5-foot step as an immediate action. This 5-foot step must be subtracted from his movement on the next turn. He also gains a +2 dodge bonus to his AC against that opponent until the end of his next turn. This ability replaces weapon training 4.</p>", 
            "name": "Step Aside", 
            "url": "pfsrd://Advanced Players Guide/Rules/Core Classes/Fighter/Fighter Archetypes/Polearm Master/Step Aside", 
            "ability_types": {
                "ability_type": "Extraordinary"
            }, 
            "source": "Advanced Player's Guide", 
            "type": "ability"
        }, 
        {
            "body": "<p id=\"polearm-parry\">At 19th level, when an opponent threatened by a polearm master makes a melee attack against an ally, he may take an immediate action to grant his ally a +2 shield bonus to AC and DR 5/&mdash; against that attack. He may use this ability to protect himself, but only if the attacking creature is not adjacent to him. This ability replaces armor mastery.</p>", 
            "name": "Polearm Parry", 
            "url": "pfsrd://Advanced Players Guide/Rules/Core Classes/Fighter/Fighter Archetypes/Polearm Master/Polearm Parry", 
            "ability_types": {
                "ability_type": "Extraordinary"
            }, 
            "source": "Advanced Player's Guide", 
            "type": "ability"
        }, 
        {
            "body": "<p id=\"weapon-mastery\">A polearm master must choose a spear or polearm.</p>", 
            "name": "Weapon Mastery", 
            "url": "pfsrd://Advanced Players Guide/Rules/Core Classes/Fighter/Fighter Archetypes/Polearm Master/Weapon Mastery", 
            "ability_types": {
                "ability_type": "Extraordinary"
            }, 
            "source": "Advanced Player's Guide", 
            "type": "ability"
        }
    ]
}