{
    "body": "<p>Roughriders study and practice the fine points of mounted combat, drilling endlessly with warbeasts&mdash;from noble thoroughbreds to trained monsters&mdash;to form a perfect synergy between rider and steed.</p>", 
    "name": "Roughrider", 
    "source": "Advanced Player's Guide", 
    "url": "pfsrd://Advanced Players Guide/Rules/Core Classes/Fighter/Fighter Archetypes/Roughrider", 
    "type": "class_archetype", 
    "subtype": "fighter", 
    "sections": [
        {
            "body": "<p id=\"steadfast-mount\">At 2nd level, after a roughrider has spent 1 hour practicing with a mount, the mount gains a +1 dodge bonus to AC and a +1 morale bonus on saves, but only while the roughrider is mounted on it or adjacent to it. This bonus increases by +1 for every four levels after 2nd. This ability replaces bravery.</p>", 
            "name": "Steadfast Mount", 
            "url": "pfsrd://Advanced Players Guide/Rules/Core Classes/Fighter/Fighter Archetypes/Roughrider/Steadfast Mount", 
            "ability_types": {
                "ability_type": "Extraordinary"
            }, 
            "source": "Advanced Player's Guide", 
            "type": "ability"
        }, 
        {
            "body": "<p id=\"armored-charger\">At 3rd level, a roughrider no longer suffers armor check penalties on Ride skill checks. His mount's speed is not reduced when carrying a medium load or wearing medium barding. This ability replaces armor training 1.</p>", 
            "name": "Armored Charger", 
            "url": "pfsrd://Advanced Players Guide/Rules/Core Classes/Fighter/Fighter Archetypes/Roughrider/Armored Charger", 
            "ability_types": {
                "ability_type": "Extraordinary"
            }, 
            "source": "Advanced Player's Guide", 
            "type": "ability"
        }, 
        {
            "body": "<p id=\"mounted-mettle\">At 5th level, a roughrider and his mount gain a +1 bonus on attack and damage rolls when he is mounted or adjacent to his mount. This bonus increases by +1 for every four levels after 5th. This ability replaces weapon training 1, 2, 3, and 4.</p>", 
            "name": "Mounted Mettle", 
            "url": "pfsrd://Advanced Players Guide/Rules/Core Classes/Fighter/Fighter Archetypes/Roughrider/Mounted Mettle", 
            "ability_types": {
                "ability_type": "Extraordinary"
            }, 
            "source": "Advanced Player's Guide", 
            "type": "ability"
        }, 
        {
            "body": "<p id=\"leap-from-the-saddle\">At 7th level, after a roughrider's mount takes a single move, he may attempt a fast dismount (DC 20 Ride check). If he succeeds, he can take a full attack action. This ability replaces armor training 2.</p>", 
            "name": "Leap from the Saddle", 
            "url": "pfsrd://Advanced Players Guide/Rules/Core Classes/Fighter/Fighter Archetypes/Roughrider/Leap from the Saddle", 
            "ability_types": {
                "ability_type": "Extraordinary"
            }, 
            "source": "Advanced Player's Guide", 
            "type": "ability"
        }, 
        {
            "body": "<p id=\"relentless-steed\">At 11th level, a roughrider's mount does not reduce its speed when wearing heavy barding or carrying a heavy load. The roughrider may also reroll a Ride skill check or a saving throw made by the mount once per day, but must use the second roll even if it is worse. This ability may be used one additional time per day for every four levels beyond 11th. This ability replaces armor training 3.</p>", 
            "name": "Relentless Steed", 
            "url": "pfsrd://Advanced Players Guide/Rules/Core Classes/Fighter/Fighter Archetypes/Roughrider/Relentless Steed", 
            "ability_types": {
                "ability_type": "Extraordinary"
            }, 
            "source": "Advanced Player's Guide", 
            "type": "ability"
        }, 
        {
            "body": "<p id=\"ride-them-down\">At 15th level, can spur his mount on while readying an attack. If a roughrider's mount takes a single move, the roughrider can make a full attack, taking his attacks at any point during his mount's movement. If he has the Trample feat, he may substitute an overrun combat maneuver for each of his attacks. This movement provokes attacks of opportunity against the roughrider but not his mount. This ability replaces armor training 4.</p>", 
            "name": "Ride Them Down", 
            "url": "pfsrd://Advanced Players Guide/Rules/Core Classes/Fighter/Fighter Archetypes/Roughrider/Ride Them Down", 
            "ability_types": {
                "ability_type": "Extraordinary"
            }, 
            "source": "Advanced Player's Guide", 
            "type": "ability"
        }, 
        {
            "body": "<p id=\"unavoidable-onslaught\">At 15th level, a roughrider's mounted charge is not blocked by friendly creatures or difficult terrain. This ability replaces armor training 4.</p>", 
            "name": "Unavoidable Onslaught", 
            "url": "pfsrd://Advanced Players Guide/Rules/Core Classes/Fighter/Fighter Archetypes/Roughrider/Unavoidable Onslaught", 
            "ability_types": {
                "ability_type": "Extraordinary"
            }, 
            "source": "Advanced Player's Guide", 
            "type": "ability"
        }, 
        {
            "body": "<p id=\"indomitable-steed\">At 19th level, a roughrider and his steed gain DR 5/&mdash; when mounted. This ability replaces armor mastery.</p>", 
            "name": "Indomitable Steed", 
            "url": "pfsrd://Advanced Players Guide/Rules/Core Classes/Fighter/Fighter Archetypes/Roughrider/Indomitable Steed", 
            "ability_types": {
                "ability_type": "Extraordinary"
            }, 
            "source": "Advanced Player's Guide", 
            "type": "ability"
        }
    ]
}