{
    "body": "<p>Warriors' might is not measured only by their skill with steel, but also by their ability to inflict death with fang and claw, horn and hoof, and every exotic appendage the natural and unnatural world has to offer.</p>", 
    "name": "Savage Warrior", 
    "source": "Advanced Player's Guide", 
    "url": "pfsrd://Advanced Players Guide/Rules/Core Classes/Fighter/Fighter Archetypes/Savage Warrior", 
    "type": "class_archetype", 
    "subtype": "fighter", 
    "sections": [
        {
            "body": "<p id=\"spark-of-life\">At 2nd level, a savage warrior gains a +1 bonus on saving throws made against energy drain and death effects. This bonus increases by +1 for every four levels beyond 2nd. This ability replaces bravery.</p>", 
            "name": "Spark of Life", 
            "url": "pfsrd://Advanced Players Guide/Rules/Core Classes/Fighter/Fighter Archetypes/Savage Warrior/Spark of Life", 
            "ability_types": {
                "ability_type": "Extraordinary"
            }, 
            "source": "Advanced Player's Guide", 
            "type": "ability"
        }, 
        {
            "body": "<p id=\"natural-savagery\">At 5th level, a savage warrior gains a +1 bonus on attack and damage rolls with natural weapons. This bonus also applies to CMB and CMD for grappling. This bonus increases by +1 for every four levels beyond 5th. This ability replaces weapon training 1.</p>", 
            "name": "Natural Savagery", 
            "url": "pfsrd://Advanced Players Guide/Rules/Core Classes/Fighter/Fighter Archetypes/Savage Warrior/Natural Savagery", 
            "ability_types": {
                "ability_type": "Extraordinary"
            }, 
            "source": "Advanced Player's Guide", 
            "type": "ability"
        }, 
        {
            "body": "<p id=\"savage-charge\">At 9th level, when a savage warrior attacks with a natural weapon at the end of a charge, he gains a bonus on his natural weapon attack rolls equal to half his fighter level, while suffering a penalty to his AC equal to half his fighter level. These replace the normal attack roll bonus and AC penalty for charging. This bonus also applies to his CMB for a bull rush or overrun combat maneuvers made when charging. This ability replaces weapon training 2.</p>", 
            "name": "Savage Charge", 
            "url": "pfsrd://Advanced Players Guide/Rules/Core Classes/Fighter/Fighter Archetypes/Savage Warrior/Savage Charge", 
            "ability_types": {
                "ability_type": "Extraordinary"
            }, 
            "source": "Advanced Player's Guide", 
            "type": "ability"
        }, 
        {
            "body": "<p id=\"careful-claw\">At 13th level, when using a natural weapon to attack a creature using <i>fire shield</i> or a similar effect that damages creatures attacking it (such as a barbed devil's barbed defense), a savage warrior reduces the damage from such effects by an amount equal to 1/2 his fighter level. This ability replaces weapon training 3.</p>", 
            "name": "Careful Claw", 
            "url": "pfsrd://Advanced Players Guide/Rules/Core Classes/Fighter/Fighter Archetypes/Savage Warrior/Careful Claw", 
            "ability_types": {
                "ability_type": "Extraordinary"
            }, 
            "source": "Advanced Player's Guide", 
            "type": "ability"
        }, 
        {
            "body": "<p id=\"greater-savage-charge\">At 17th level, when using savage charge, the AC penalty is reduced to 1/4 his fighter level instead of 1/2 his fighter level. In addition, a savage warrior can charge through friendly creatures and difficult terrain. This ability replaces weapon training 4.</p>", 
            "name": "Greater Savage Charge", 
            "url": "pfsrd://Advanced Players Guide/Rules/Core Classes/Fighter/Fighter Archetypes/Savage Warrior/Greater Savage Charge", 
            "ability_types": {
                "ability_type": "Extraordinary"
            }, 
            "source": "Advanced Player's Guide", 
            "type": "ability"
        }, 
        {
            "body": "<p id=\"natural-weapon-mastery\">At 20th level, a savage warrior must choose one natural weapon. This ability replaces weapon mastery.</p>", 
            "name": "Natural Weapon Mastery", 
            "url": "pfsrd://Advanced Players Guide/Rules/Core Classes/Fighter/Fighter Archetypes/Savage Warrior/Natural Weapon Mastery", 
            "ability_types": {
                "ability_type": "Extraordinary"
            }, 
            "source": "Advanced Player's Guide", 
            "type": "ability"
        }
    ]
}