{
    "body": "<p>Devoted to the perfection of a single weapon, the weapon master's meditations upon his favored weapon border on the obsessive, but none can deny his consummate skill. The weapon master must select a single type of weapon (such as longsword or shortbow). All of his abilities apply to that weapon type.</p>", 
    "name": "Weapon Master", 
    "source": "Advanced Player's Guide", 
    "url": "pfsrd://Advanced Players Guide/Rules/Core Classes/Fighter/Fighter Archetypes/Weapon Master", 
    "type": "class_archetype", 
    "subtype": "fighter", 
    "sections": [
        {
            "body": "<p id=\"weapon-guard\">At 2nd level, a weapon master gains a +1 bonus to CMD against disarm and sunder attempts while wielding his chosen weapon. This bonus also applies on saves against any effect that targets his chosen weapon (for example, <i>grease, heat metal, shatter, warp wood</i>). The bonus increases by +1 for every four levels beyond 2nd. This ability replaces bravery.</p>", 
            "name": "Weapon Guard", 
            "url": "pfsrd://Advanced Players Guide/Rules/Core Classes/Fighter/Fighter Archetypes/Weapon Master/Weapon Guard", 
            "ability_types": {
                "ability_type": "Extraordinary"
            }, 
            "source": "Advanced Player's Guide", 
            "type": "ability"
        }, 
        {
            "body": "<p id=\"weapon-training\">At 3rd level, a weapon master gains a +1 bonus on attack and damage rolls with his chosen weapon. The bonus improves by +1 for every four levels beyond 3rd. This ability replaces armor training 1, 2, 3, and 4.</p>", 
            "name": "Weapon Training", 
            "url": "pfsrd://Advanced Players Guide/Rules/Core Classes/Fighter/Fighter Archetypes/Weapon Master/Weapon Training", 
            "ability_types": {
                "ability_type": "Extraordinary"
            }, 
            "source": "Advanced Player's Guide", 
            "type": "ability"
        }, 
        {
            "body": "<p id=\"reliable-strike\">At 5th level, a weapon master may reroll an attack roll, critical hit confirmation roll, miss chance check, or damage roll as an immediate action. He must accept the second roll even if it is worse. He can use this ability once per day at 5th level, plus one additional time per day for every five levels beyond 5th. This ability replaces weapon training 1.</p>", 
            "name": "Reliable Strike", 
            "url": "pfsrd://Advanced Players Guide/Rules/Core Classes/Fighter/Fighter Archetypes/Weapon Master/Reliable Strike", 
            "ability_types": {
                "ability_type": "Extraordinary"
            }, 
            "source": "Advanced Player's Guide", 
            "type": "ability"
        }, 
        {
            "body": "<p id=\"mirror-move\">At 9th level, a weapon master gains his weapon training bonus as an insight bonus to AC when attacked by his chosen weapon. This ability replaces weapon training 2.</p>", 
            "name": "Mirror Move", 
            "url": "pfsrd://Advanced Players Guide/Rules/Core Classes/Fighter/Fighter Archetypes/Weapon Master/Mirror Move", 
            "ability_types": {
                "ability_type": "Extraordinary"
            }, 
            "source": "Advanced Player's Guide", 
            "type": "ability"
        }, 
        {
            "body": "<p id=\"deadly-critical\">At 13th level, when a weapon master confirms a critical hit with his chosen weapon, he can increase the weapon's damage multiplier by +1 as an immediate action. He can use this ability once per day at 13th level, plus one additional time per day for every three levels above 13th. This ability replaces weapon training 3.</p>", 
            "name": "Deadly Critical", 
            "url": "pfsrd://Advanced Players Guide/Rules/Core Classes/Fighter/Fighter Archetypes/Weapon Master/Deadly Critical", 
            "ability_types": {
                "ability_type": "Extraordinary"
            }, 
            "source": "Advanced Player's Guide", 
            "type": "ability"
        }, 
        {
            "body": "<p id=\"critical-specialist\">At 17th level, the save DCs of any effects caused by a critical hit with a weapon master's chosen weapon increase by +4. This ability replaces weapon training 4.</p>", 
            "name": "Critical Specialist", 
            "url": "pfsrd://Advanced Players Guide/Rules/Core Classes/Fighter/Fighter Archetypes/Weapon Master/Critical Specialist", 
            "ability_types": {
                "ability_type": "Extraordinary"
            }, 
            "source": "Advanced Player's Guide", 
            "type": "ability"
        }, 
        {
            "body": "<p id=\"unstoppable-strike\">At 19th level, a weapon master can take a standard action to make one attack with his chosen weapon as a touch attack that ignores damage reduction (or hardness, if attacking an object). This ability replaces armor mastery.</p>", 
            "name": "Unstoppable Strike", 
            "url": "pfsrd://Advanced Players Guide/Rules/Core Classes/Fighter/Fighter Archetypes/Weapon Master/Unstoppable Strike", 
            "ability_types": {
                "ability_type": "Extraordinary"
            }, 
            "source": "Advanced Player's Guide", 
            "type": "ability"
        }
    ]
}