{
    "body": "<p>Some druids form a close bond with one type of animal. The following animal shamans represent just some of the possibilities, exploring the unique bond between a druid and her totem. These shamans all possess similar powers, which are explained fully in the bear shaman description.</p>", 
    "name": "Animal Shamans", 
    "source": "Advanced Player's Guide", 
    "url": "pfsrd://Advanced Players Guide/Rules/Core Classes/Druid/Druid Archetypes/Animal Shamans", 
    "type": "class_archetype", 
    "subtype": "druid", 
    "sections": [
        {
            "body": "<p>A shaman with this focus calls upon the mighty bear, titan of the woodlands and mountains, a paragon of strength and ferocity, and yet also a quiet protector rich in wisdom.</p>", 
            "name": "Bear Shaman", 
            "url": "pfsrd://Advanced Players Guide/Rules/Core Classes/Druid/Druid Archetypes/Animal Shamans/Bear Shaman", 
            "type": "section", 
            "source": "Advanced Player's Guide", 
            "sections": [
                {
                    "body": "<p id=\"nature-bond\">A bear shaman who chooses an animal companion must select a bear. If choosing a domain, the bear shaman must choose from the Animal, Earth, Protection, and Strength domains.</p>", 
                    "source": "Advanced Player's Guide", 
                    "type": "section", 
                    "name": "Nature Bond"
                }, 
                {
                    "body": "<p id=\"wild-empathy\">A bear shaman can use wild empathy with bears and wolverines as a full-round action with a +4 bonus. </p>", 
                    "name": "Wild Empathy", 
                    "url": "pfsrd://Advanced Players Guide/Rules/Core Classes/Druid/Druid Archetypes/Animal Shamans/Bear Shaman/Wild Empathy", 
                    "ability_types": {
                        "ability_type": "Extraordinary"
                    }, 
                    "source": "Advanced Player's Guide", 
                    "type": "ability"
                }, 
                {
                    "body": "<p id=\"totem-transformation\">At 2nd level, a bear shaman may adopt an aspect of the bear while retaining her normal form. She gains one of the following bonuses: movement (+10 enhancement bonus to land speed, +4 racial bonus on Swim checks), senses (low-light vision, scent), toughness (+2 natural armor bonus to AC, Endurance feat), or natural weapons (bite [1d6] and 2 claws [1d4] for a Medium shaman, +2 to CMB on grapple checks). While using totem transformation, the bear shaman may speak normally and can cast <i>speak with animals</i> (mammals only) at will. Using this ability is a standard action at 2nd level, a move action at 7th level, and a swift action at 12th level. The bear shaman can use this ability for a number of minutes per day equal to her druid level. These minutes do not need to be consecutive, but they must be used in 1-minute increments. This is a polymorph effect and cannot be used while the druid is using another polymorph effect, such as wild shape.</p>", 
                    "name": "Totem Transformation", 
                    "url": "pfsrd://Advanced Players Guide/Rules/Core Classes/Druid/Druid Archetypes/Animal Shamans/Bear Shaman/Totem Transformation", 
                    "ability_types": {
                        "ability_type": "Supernatural"
                    }, 
                    "source": "Advanced Player's Guide", 
                    "type": "ability"
                }, 
                {
                    "body": "<p id=\"totemic-summons\">At 5th level, a bear shaman may cast <i>summon nature's ally</i> as a standard action when summoning bears, and summoned bears gain temporary hit points equal to her druid level. She can apply the young template to any bear to reduce the level of the summoning spell required by one. She can also increase the level of summoning required by one in order to apply either the advanced or the giant template, or increase it by two to apply both the advanced and giant templates. This ability replaces a thousand faces.</p>", 
                    "name": "Totemic Summons", 
                    "url": "pfsrd://Advanced Players Guide/Rules/Core Classes/Druid/Druid Archetypes/Animal Shamans/Bear Shaman/Totemic Summons", 
                    "ability_types": {
                        "ability_type": "Supernatural"
                    }, 
                    "source": "Advanced Player's Guide", 
                    "type": "ability"
                }, 
                {
                    "body": "<p id=\"wild-shape\">At 6th level, a bear shaman's wild shape ability functions at her druid level &ndash; 2. If she takes on the form of a bear, she instead uses her druid level + 2.</p>", 
                    "name": "Wild Shape", 
                    "url": "pfsrd://Advanced Players Guide/Rules/Core Classes/Druid/Druid Archetypes/Animal Shamans/Bear Shaman/Wild Shape", 
                    "ability_types": {
                        "ability_type": "Supernatural"
                    }, 
                    "source": "Advanced Player's Guide", 
                    "type": "ability"
                }, 
                {
                    "body": "<p id=\"bonus-feat\">At 9th level and every 4 levels thereafter, a bear shaman gains one of the following bonus feats: Diehard, Endurance, Great Fortitude, Improved Great Fortitude, Toughness. She must meet the prerequisites for these bonus feats. This ability replaces venom immunity. </p>", 
                    "source": "Advanced Player's Guide", 
                    "type": "section", 
                    "name": "Bonus Feat"
                }
            ]
        }, 
        {
            "body": "<p>A shaman with this totem calls upon the noble eagle, stern and proud, soaring high above the world with keen and pitiless eyes that miss nothing. </p>", 
            "name": "Eagle Shaman", 
            "url": "pfsrd://Advanced Players Guide/Rules/Core Classes/Druid/Druid Archetypes/Animal Shamans/Eagle Shaman", 
            "type": "section", 
            "source": "Advanced Player's Guide", 
            "sections": [
                {
                    "body": "<p id=\"nature-bond\">An eagle shaman who chooses an animal companion must select a bird (eagle). If choosing a domain, the eagle shaman must choose from the Air, Animal, Nobility, and Weather domains.</p>", 
                    "source": "Advanced Player's Guide", 
                    "type": "section", 
                    "name": "Nature Bond"
                }, 
                {
                    "body": "<p id=\"wild-empathy\">An eagle shaman can use wild empathy with birds as a full-round action with a +4 bonus. </p>", 
                    "name": "Wild Empathy", 
                    "url": "pfsrd://Advanced Players Guide/Rules/Core Classes/Druid/Druid Archetypes/Animal Shamans/Eagle Shaman/Wild Empathy", 
                    "ability_types": {
                        "ability_type": "Extraordinary"
                    }, 
                    "source": "Advanced Player's Guide", 
                    "type": "ability"
                }, 
                {
                    "body": "<p id=\"totem-transformation\">At 2nd level, an eagle shaman may adopt an aspect of the eagle while retaining her normal form. This ability functions as the bear shaman ability, but the druid may select from the following bonuses: movement (fly speed 30 feet [average], the druid must be 5th level to select this bonus), senses (low-light vision, +4 racial bonus to Perception), or natural weapons (bite [1d4], 2 talons [1d4] for a Medium shaman). While using totem transformation, the eagle shaman may speak normally and can cast <i>speak with animals</i> (birds only) at will.</p>", 
                    "name": "Totem Transformation", 
                    "url": "pfsrd://Advanced Players Guide/Rules/Core Classes/Druid/Druid Archetypes/Animal Shamans/Eagle Shaman/Totem Transformation", 
                    "ability_types": {
                        "ability_type": "Supernatural"
                    }, 
                    "source": "Advanced Player's Guide", 
                    "type": "ability"
                }, 
                {
                    "body": "<p id=\"totemic-summons\">At 5th level, an eagle shaman may cast <i>summon nature's ally</i> as a standard action when summoning eagles, rocs, and giant eagles (added to the 4th-level list), and these summoned creatures gain temporary hit points equal to her druid level. This ability otherwise functions as the bear shaman ability.</p>", 
                    "name": "Totemic Summons", 
                    "url": "pfsrd://Advanced Players Guide/Rules/Core Classes/Druid/Druid Archetypes/Animal Shamans/Eagle Shaman/Totemic Summons", 
                    "ability_types": {
                        "ability_type": "Supernatural"
                    }, 
                    "source": "Advanced Player's Guide", 
                    "type": "ability"
                }, 
                {
                    "body": "<p id=\"wild-shape\">At 6th level, an eagle shaman's wild shape ability functions at her druid level &ndash; 2. If she takes on the form of an eagle or roc, she instead uses her druid level + 2.</p>", 
                    "name": "Wild Shape", 
                    "url": "pfsrd://Advanced Players Guide/Rules/Core Classes/Druid/Druid Archetypes/Animal Shamans/Eagle Shaman/Wild Shape", 
                    "ability_types": {
                        "ability_type": "Supernatural"
                    }, 
                    "source": "Advanced Player's Guide", 
                    "type": "ability"
                }, 
                {
                    "body": "<p id=\"bonus-feat\">At 9th level and every 4 levels thereafter, an eagle shaman gains one of the following bonus feats: Flyby Attack, Improved Lightning Reflexes, Lightning Reflexes, Skill Focus (Perception), or Wind Stance. She must meet the prerequisites for these bonus feats. This ability replaces venom immunity. </p>", 
                    "source": "Advanced Player's Guide", 
                    "type": "section", 
                    "name": "Bonus Feat"
                }
            ]
        }, 
        {
            "body": "<p>A shaman with this totem calls upon the proud lion, imposing and majestic, the mighty leader of deadly hunters.</p>", 
            "name": "Lion Shaman", 
            "url": "pfsrd://Advanced Players Guide/Rules/Core Classes/Druid/Druid Archetypes/Animal Shamans/Lion Shaman", 
            "type": "section", 
            "source": "Advanced Player's Guide", 
            "sections": [
                {
                    "body": "<p id=\"nature-bond\">A lion shaman who chooses an animal companion must select a lion. If choosing a domain, the lion shaman must choose from the Animal, Glory, Nobility, and Sun domains.</p>", 
                    "source": "Advanced Player's Guide", 
                    "type": "section", 
                    "name": "Nature Bond"
                }, 
                {
                    "body": "<p id=\"wild-empathy\">A lion shaman can use wild empathy with felines as a full-round action with a +4 bonus. </p>", 
                    "name": "Wild Empathy", 
                    "url": "pfsrd://Advanced Players Guide/Rules/Core Classes/Druid/Druid Archetypes/Animal Shamans/Lion Shaman/Wild Empathy", 
                    "ability_types": {
                        "ability_type": "Extraordinary"
                    }, 
                    "source": "Advanced Player's Guide", 
                    "type": "ability"
                }, 
                {
                    "body": "<p id=\"totem-transformation\">At 2nd level, a lion shaman may adopt an aspect of the lion while retaining her normal form. This ability functions as the bear shaman ability, but the druid may select from the following bonuses: movement (+20 enhancement bonus to land speed), senses (low-light vision, scent), or natural weapons (bite [1d4], 2 claws [1d4] for a Medium druid, rake, +2 CMB to grapple). While using totem transformation, the lion shaman may speak normally and can cast <i>speak with animals</i> (felines only) at will.</p>", 
                    "name": "Totem Transformation", 
                    "url": "pfsrd://Advanced Players Guide/Rules/Core Classes/Druid/Druid Archetypes/Animal Shamans/Lion Shaman/Totem Transformation", 
                    "ability_types": {
                        "ability_type": "Supernatural"
                    }, 
                    "source": "Advanced Player's Guide", 
                    "type": "ability"
                }, 
                {
                    "body": "<p id=\"totemic-summons\">At 5th level, a lion shaman may cast <i>summon nature's ally</i> as a standard action when summoning felines, and these summoned creatures gain temporary hit points equal to her druid level. This ability otherwise functions as the bear shaman ability. </p>", 
                    "name": "Totemic Summons", 
                    "url": "pfsrd://Advanced Players Guide/Rules/Core Classes/Druid/Druid Archetypes/Animal Shamans/Lion Shaman/Totemic Summons", 
                    "ability_types": {
                        "ability_type": "Supernatural"
                    }, 
                    "source": "Advanced Player's Guide", 
                    "type": "ability"
                }, 
                {
                    "body": "<p id=\"wild-shape\">At 6th level, a lion shaman's wild shape ability functions at her druid level &ndash; 2. If she takes on the form of a feline, she instead uses her druid level + 2.</p>", 
                    "name": "Wild Shape", 
                    "url": "pfsrd://Advanced Players Guide/Rules/Core Classes/Druid/Druid Archetypes/Animal Shamans/Lion Shaman/Wild Shape", 
                    "ability_types": {
                        "ability_type": "Supernatural"
                    }, 
                    "source": "Advanced Player's Guide", 
                    "type": "ability"
                }, 
                {
                    "body": "<p id=\"bonus-feat\">At 9th level and every 4 levels thereafter, a lion shaman gains one of the following bonus feats: Dodge, Lunge, Improved Iron Will, Iron Will, or Skill Focus (Acrobatics). She must meet the prerequisites for these bonus feats. This ability replaces venom immunity. </p>", 
                    "source": "Advanced Player's Guide", 
                    "type": "section", 
                    "name": "Bonus Feat"
                }
            ]
        }, 
        {
            "body": "<p>A shaman with this totem calls upon the cunning serpent, the stealthy deceiver who draws the weak minded in and strikes while they are unaware. Some hate its treacherous nature, while others praise its thoughtful pragmatism.</p>", 
            "name": "Serpent Shaman", 
            "url": "pfsrd://Advanced Players Guide/Rules/Core Classes/Druid/Druid Archetypes/Animal Shamans/Serpent Shaman", 
            "type": "section", 
            "source": "Advanced Player's Guide", 
            "sections": [
                {
                    "body": "<p id=\"nature-bond\">A serpent shaman who chooses an animal companion must select a snake. If choosing a domain, the serpent shaman must choose from the Animal, Charm, Trickery, and Water domains.</p>", 
                    "source": "Advanced Player's Guide", 
                    "type": "section", 
                    "name": "Nature Bond"
                }, 
                {
                    "body": "<p id=\"wild-empathy\">A serpent shaman can use wild empathy with reptiles as a full-round action with a +4 bonus. </p>", 
                    "name": "Wild Empathy", 
                    "url": "pfsrd://Advanced Players Guide/Rules/Core Classes/Druid/Druid Archetypes/Animal Shamans/Serpent Shaman/Wild Empathy", 
                    "ability_types": {
                        "ability_type": "Extraordinary"
                    }, 
                    "source": "Advanced Player's Guide", 
                    "type": "ability"
                }, 
                {
                    "body": "<p id=\"totem-transformation\">At 2nd level, a serpent shaman may adopt an aspect of the snake while retaining her normal form. This ability functions as the bear shaman ability, but the druid may select from the following bonuses: movement (climb speed 20 feet, swim speed 20 feet), scales (+2 natural armor bonus to AC), senses (low-light vision, scent), or natural weapons (bite [1d4], poison [<i>frequency</i> 1 round (6), <i>effect</i> 1 Con damage, <i>Cure</i> 1 save, Con-based DC] for a Medium druid, +2 CMB to grapple). While using totem transformation, the serpent shaman may speak normally and can cast <i>speak with animals</i> (reptiles only) at will.</p>", 
                    "name": "Totem Transformation", 
                    "url": "pfsrd://Advanced Players Guide/Rules/Core Classes/Druid/Druid Archetypes/Animal Shamans/Serpent Shaman/Totem Transformation", 
                    "ability_types": {
                        "ability_type": "Supernatural"
                    }, 
                    "source": "Advanced Player's Guide", 
                    "type": "ability"
                }, 
                {
                    "body": "<p id=\"totemic-summons\">At 5th level, a serpent shaman may cast <i>summon nature's ally</i> as a standard action when summoning snakes, and these summoned creatures gain temporary hit points equal to her druid level. This ability otherwise functions as the bear shaman ability. </p>", 
                    "name": "Totemic Summons", 
                    "url": "pfsrd://Advanced Players Guide/Rules/Core Classes/Druid/Druid Archetypes/Animal Shamans/Serpent Shaman/Totemic Summons", 
                    "ability_types": {
                        "ability_type": "Supernatural"
                    }, 
                    "source": "Advanced Player's Guide", 
                    "type": "ability"
                }, 
                {
                    "body": "<p id=\"wild-shape\">At 6th level, a serpent shaman's wild shape ability functions at her druid level &ndash; 2. If she takes on the form of a snake, she instead uses her druid level + 2. </p>", 
                    "name": "Wild Shape", 
                    "url": "pfsrd://Advanced Players Guide/Rules/Core Classes/Druid/Druid Archetypes/Animal Shamans/Serpent Shaman/Wild Shape", 
                    "ability_types": {
                        "ability_type": "Supernatural"
                    }, 
                    "source": "Advanced Player's Guide", 
                    "type": "ability"
                }, 
                {
                    "body": "<p id=\"bonus-feat\">At 9th level and every 4 levels thereafter, a serpent shaman gains one of the following bonus feats: Combat Expertise, Improved Feint, Skill Focus (Bluff), Stealthy, or Strike Back. She must meet the prerequisites for these bonus feats. This ability replaces venom immunity.</p>", 
                    "source": "Advanced Player's Guide", 
                    "type": "section", 
                    "name": "Bonus Feat"
                }
            ]
        }, 
        {
            "body": "<p>A shaman with this totem calls upon the clever wolf, capable of roaming alone yet wise enough to run with a pack when facing dangers too great for one alone.</p>", 
            "name": "Wolf Shaman", 
            "url": "pfsrd://Advanced Players Guide/Rules/Core Classes/Druid/Druid Archetypes/Animal Shamans/Wolf Shaman", 
            "type": "section", 
            "source": "Advanced Player's Guide", 
            "sections": [
                {
                    "body": "<p id=\"nature-bond\">A wolf shaman who chooses an animal companion must select a wolf. If choosing a domain, the wolf shaman must choose from the Animal, Community, Liberation, and Travel domains.</p>", 
                    "source": "Advanced Player's Guide", 
                    "type": "section", 
                    "name": "Nature Bond"
                }, 
                {
                    "body": "<p id=\"wild-empathy\">A wolf shaman can use wild empathy with canines as a full-round action with a +4 bonus. </p>", 
                    "name": "Wild Empathy", 
                    "url": "pfsrd://Advanced Players Guide/Rules/Core Classes/Druid/Druid Archetypes/Animal Shamans/Wolf Shaman/Wild Empathy", 
                    "ability_types": {
                        "ability_type": "Extraordinary"
                    }, 
                    "source": "Advanced Player's Guide", 
                    "type": "ability"
                }, 
                {
                    "body": "<p id=\"totem-transformation\">At 2nd level, a wolf shaman may adopt an aspect of the wolf while retaining her normal form. This ability functions as the bear shaman ability, but the druid may select from the following bonuses: movement (+20 enhancement bonus to land speed), senses (low-light vision, scent, +4 racial bonus to Survival when tracking by scent), or natural weapons (bite [1d4 plus trip] for a Medium druid, +2 CMB to trip). While using totem transformation, the wolf shaman may speak normally and can cast <i>speak with animals</i> (canines only) at will.</p>", 
                    "name": "Totem Transformation", 
                    "url": "pfsrd://Advanced Players Guide/Rules/Core Classes/Druid/Druid Archetypes/Animal Shamans/Wolf Shaman/Totem Transformation", 
                    "ability_types": {
                        "ability_type": "Supernatural"
                    }, 
                    "source": "Advanced Player's Guide", 
                    "type": "ability"
                }, 
                {
                    "body": "<p id=\"totemic-summons\">At 5th level, a wolf shaman may cast <i>summon nature's ally</i> as a standard action when summoning canines, and these summoned creatures gain temporary hit points equal to her druid level. This ability otherwise functions as the bear shaman ability.</p>", 
                    "name": "Totemic Summons", 
                    "url": "pfsrd://Advanced Players Guide/Rules/Core Classes/Druid/Druid Archetypes/Animal Shamans/Wolf Shaman/Totemic Summons", 
                    "ability_types": {
                        "ability_type": "Supernatural"
                    }, 
                    "source": "Advanced Player's Guide", 
                    "type": "ability"
                }, 
                {
                    "body": "<p id=\"wild-shape\">At 6th level, a wolf shaman's wild shape ability functions at her druid level &ndash; 2. If she takes on the form of a canine, she instead uses her druid level + 2.</p>", 
                    "name": "Wild Shape", 
                    "url": "pfsrd://Advanced Players Guide/Rules/Core Classes/Druid/Druid Archetypes/Animal Shamans/Wolf Shaman/Wild Shape", 
                    "ability_types": {
                        "ability_type": "Supernatural"
                    }, 
                    "source": "Advanced Player's Guide", 
                    "type": "ability"
                }, 
                {
                    "body": "<p id=\"bonus-feat\">At 9th level and every 4 levels thereafter, a wolf shaman gains one of the following bonus feats: Greater Trip, Improved Trip, Mobility, Skill Focus (Stealth), or Spring Attack. She must meet the prerequisites for these bonus feats. This ability replaces venom immunity. </p>", 
                    "source": "Advanced Player's Guide", 
                    "type": "section", 
                    "name": "Bonus Feat"
                }
            ]
        }
    ]
}