{
    "body": "<p>Shepherds of the lakes and seas, aquatic druids guard ecosystems ranging from shallows streams to deep ocean trenches, ministering to their residents and communing with the tides.</p>", 
    "name": "Aquatic Druid", 
    "source": "Advanced Player's Guide", 
    "url": "pfsrd://Advanced Players Guide/Rules/Core Classes/Druid/Druid Archetypes/Aquatic Druid", 
    "type": "class_archetype", 
    "subtype": "druid", 
    "sections": [
        {
            "body": "<p id=\"wild-empathy\">An aquatic druid's wild empathy functions only on creatures that have a swim speed or the aquatic or water subtype; however, she can improve the attitude of any such creature with Intelligence 2 or less regardless of type, including mindless creatures.</p>", 
            "name": "Wild Empathy", 
            "url": "pfsrd://Advanced Players Guide/Rules/Core Classes/Druid/Druid Archetypes/Aquatic Druid/Wild Empathy", 
            "ability_types": {
                "ability_type": "Extraordinary"
            }, 
            "source": "Advanced Player's Guide", 
            "type": "ability"
        }, 
        {
            "body": "<p id=\"aquatic-adaptation\">At 2nd level, an aquatic druid gains an insight bonus on Initiative checks and Knowledge (geography), Perception, Stealth, Survival, and Swim checks equal to 1/2 her druid level in aquatic terrain, and she cannot be tracked such environments. This ability replaces woodland stride. </p>", 
            "name": "Aquatic Adaptation", 
            "url": "pfsrd://Advanced Players Guide/Rules/Core Classes/Druid/Druid Archetypes/Aquatic Druid/Aquatic Adaptation", 
            "ability_types": {
                "ability_type": "Extraordinary"
            }, 
            "source": "Advanced Player's Guide", 
            "type": "ability"
        }, 
        {
            "body": "<p id=\"natural-swimmer\">At 3rd level, an aquatic druid gains a swim speed equal to half her land speed. This ability replaces trackless step.</p>", 
            "name": "Natural Swimmer", 
            "url": "pfsrd://Advanced Players Guide/Rules/Core Classes/Druid/Druid Archetypes/Aquatic Druid/Natural Swimmer", 
            "ability_types": {
                "ability_type": "Extraordinary"
            }, 
            "source": "Advanced Player's Guide", 
            "type": "ability"
        }, 
        {
            "body": "<p id=\"resist-ocean's-fury\">At 4th level, an aquatic druid gains a +4 bonus on saving throws against spells of the water type or the exceptional or supernatural abilities of creatures with the aquatic or water subtype. This ability replaces resist nature's lure.</p>", 
            "name": "Resist Ocean's Fury", 
            "url": "pfsrd://Advanced Players Guide/Rules/Core Classes/Druid/Druid Archetypes/Aquatic Druid/Resist Oceans Fury", 
            "ability_types": {
                "ability_type": "Extraordinary"
            }, 
            "source": "Advanced Player's Guide", 
            "type": "ability"
        }, 
        {
            "body": "<p id=\"wild-shape\">An aquatic druid gains this ability at 6th level, except that her effective druid level for the ability is equal to her druid level &ndash; 2.</p>", 
            "name": "Wild Shape", 
            "url": "pfsrd://Advanced Players Guide/Rules/Core Classes/Druid/Druid Archetypes/Aquatic Druid/Wild Shape", 
            "ability_types": {
                "ability_type": "Supernatural"
            }, 
            "source": "Advanced Player's Guide", 
            "type": "ability"
        }, 
        {
            "body": "<p id=\"seaborn\">At 9th level, an aquatic druid gains the aquatic subtype, the amphibious trait, and a swim speed equal to her land speed. She also can endure cold climate effects as if using <i>endure elements</i>. This ability replaces venom immunity.</p>", 
            "name": "Seaborn", 
            "url": "pfsrd://Advanced Players Guide/Rules/Core Classes/Druid/Druid Archetypes/Aquatic Druid/Seaborn", 
            "ability_types": {
                "ability_type": "Extraordinary"
            }, 
            "source": "Advanced Player's Guide", 
            "type": "ability"
        }, 
        {
            "body": "<p id=\"deep-diver\">At 13th level, an aquatic druid gains DR/slashing or piercing equal to 1/2 her level. This damage reduction also applies against spells and spell-like abilities that inflict damage by grappling or crushing (e.g., <i>black tentacles</i>, <i>crushing hand</i>). She never takes pressure damage from deep water. This ability replaces a thousand faces. </p>", 
            "name": "Deep Diver", 
            "url": "pfsrd://Advanced Players Guide/Rules/Core Classes/Druid/Druid Archetypes/Aquatic Druid/Deep Diver", 
            "ability_types": {
                "ability_type": "Extraordinary"
            }, 
            "source": "Advanced Player's Guide", 
            "type": "ability"
        }
    ]
}