{
    "body": "<p>An arctic druid watches over the stark landscape of the far frozen reaches of the world, tending the stunted and rugged life that ekes out its survival in the least habitable climes.</p>", 
    "name": "Arctic Druid", 
    "source": "Advanced Player's Guide", 
    "url": "pfsrd://Advanced Players Guide/Rules/Core Classes/Druid/Druid Archetypes/Arctic Druid", 
    "type": "class_archetype", 
    "subtype": "druid", 
    "sections": [
        {
            "body": "<p id=\"arctic-native\">At 2nd level, an arctic druid gains a bonus on Initiative checks and Knowledge (geography), Perception, Stealth, and Survival checks equal to 1/2 her druid level in cold or icy terrain, and she cannot be tracked in cold or icy terrain. This ability replaces woodland stride. </p>", 
            "name": "Arctic Native", 
            "url": "pfsrd://Advanced Players Guide/Rules/Core Classes/Druid/Druid Archetypes/Arctic Druid/Arctic Native", 
            "ability_types": {
                "ability_type": "Extraordinary"
            }, 
            "source": "Advanced Player's Guide", 
            "type": "ability"
        }, 
        {
            "body": "<p id=\"icewalking\">At 3rd level, an arctic druid suffers no penalty to speed or on Acrobatics, Climb, or Stealth checks in snowy or icy terrain or weather conditions and can walk across snow crusts or thin ice without breaking through. This ability replaces trackless step.</p>", 
            "name": "Icewalking", 
            "url": "pfsrd://Advanced Players Guide/Rules/Core Classes/Druid/Druid Archetypes/Arctic Druid/Icewalking", 
            "ability_types": {
                "ability_type": "Extraordinary"
            }, 
            "source": "Advanced Player's Guide", 
            "type": "ability"
        }, 
        {
            "body": "<p id=\"arctic-endurance\">At 4th level, an arctic druid ignores the effects of a cold climate as if using <i>endure elements</i>. She is also immune to being dazzled. This ability replaces resist nature's lure.</p>", 
            "name": "Arctic Endurance", 
            "url": "pfsrd://Advanced Players Guide/Rules/Core Classes/Druid/Druid Archetypes/Arctic Druid/Arctic Endurance", 
            "ability_types": {
                "ability_type": "Extraordinary"
            }, 
            "source": "Advanced Player's Guide", 
            "type": "ability"
        }, 
        {
            "body": "<p id=\"wild-shape\">An arctic druid gains this ability at 6th level, except that her effective druid level for this ability is equal to her druid level &ndash; 2.</p>", 
            "name": "Wild Shape", 
            "url": "pfsrd://Advanced Players Guide/Rules/Core Classes/Druid/Druid Archetypes/Arctic Druid/Wild Shape", 
            "ability_types": {
                "ability_type": "Supernatural"
            }, 
            "source": "Advanced Player's Guide", 
            "type": "ability"
        }, 
        {
            "body": "<p id=\"snowcaster\">At 9th level, an arctic druid can see normally in <i>ice storm</i>, <i>sleet storm</i>, or similar natural snowstorms. In addition, she can prepare any druid spell with the fire subtype as a cold spell, with an identical effect but inflicting cold damage instead of fire damage. This ability replaces venom immunity. </p>", 
            "name": "Snowcaster", 
            "url": "pfsrd://Advanced Players Guide/Rules/Core Classes/Druid/Druid Archetypes/Arctic Druid/Snowcaster", 
            "ability_types": {
                "ability_type": "Supernatural"
            }, 
            "source": "Advanced Player's Guide", 
            "type": "ability"
        }, 
        {
            "body": "<p id=\"flurry-form\">At 13th level, an arctic druid can assume the form of a swirling column of snow equivalent to <i>gaseous form</i> at will. While in this form, she gains a circumstance bonus on Stealth checks made in cold terrain equal to her druid level. This ability replaces a thousand faces. </p>", 
            "name": "Flurry Form", 
            "url": "pfsrd://Advanced Players Guide/Rules/Core Classes/Druid/Druid Archetypes/Arctic Druid/Flurry Form", 
            "ability_types": {
                "ability_type": "Extraordinary"
            }, 
            "source": "Advanced Player's Guide", 
            "type": "ability"
        }
    ]
}