{
    "body": "<p>Not all climates are verdant paradises, but even in the sere deserts there is life&mdash;though often hidden from the sun and rarely friendly&mdash;and raw, desolate beauty. Here desert druids come to pay homage, protect and maintain the few habitable locales, and witness nature's majesty in all its burning, merciless glory. </p>", 
    "name": "Desert Druid", 
    "source": "Advanced Player's Guide", 
    "url": "pfsrd://Advanced Players Guide/Rules/Core Classes/Druid/Druid Archetypes/Desert Druid", 
    "type": "class_archetype", 
    "subtype": "druid", 
    "sections": [
        {
            "body": "<p id=\"desert-native\">At 2nd level, a desert druid gains a bonus on Initiative checks and Knowledge (geography), Perception, Stealth, and Survival checks equal to 1/2 her druid level in desert terrain, and she cannot be tracked in such environments. This ability replaces woodland stride.</p>", 
            "name": "Desert Native", 
            "url": "pfsrd://Advanced Players Guide/Rules/Core Classes/Druid/Druid Archetypes/Desert Druid/Desert Native", 
            "ability_types": {
                "ability_type": "Extraordinary"
            }, 
            "source": "Advanced Player's Guide", 
            "type": "ability"
        }, 
        {
            "body": "<p id=\"sandwalker\">At 3rd level, a desert druid suffers no penalty to speed or on Acrobatics or Stealth checks when moving through sandy or desert terrain. This ability replaces trackless step.</p>", 
            "name": "Sandwalker", 
            "url": "pfsrd://Advanced Players Guide/Rules/Core Classes/Druid/Druid Archetypes/Desert Druid/Sandwalker", 
            "ability_types": {
                "ability_type": "Extraordinary"
            }, 
            "source": "Advanced Player's Guide", 
            "type": "ability"
        }, 
        {
            "body": "<p id=\"desert-endurance\">At 4th level, a desert druid ignores the effects of a hot climate as if using <i>endure elements</i>. She also has a reduced need to eat and drink, as if wearing a <i>ring of sustenance</i> (though normal sleep is still required). This ability replaces resist nature's lure.</p>", 
            "name": "Desert Endurance", 
            "url": "pfsrd://Advanced Players Guide/Rules/Core Classes/Druid/Druid Archetypes/Desert Druid/Desert Endurance", 
            "ability_types": {
                "ability_type": "Extraordinary"
            }, 
            "source": "Advanced Player's Guide", 
            "type": "ability"
        }, 
        {
            "body": "<p id=\"wild-shape\">A desert druid gains this ability at 6th level, except that her effective druid level for the ability is equal to her druid level &ndash; 2. A desert druid cannot use wild shape to adopt a plant form. At 10th level she can assume the form of a Small or Medium vermin, at 12th level a Tiny or Large vermin, and at 14th level a Diminutive or Huge vermin. This effect functions as <i>beast shape IV</i> (treating the vermin as an animal to determine its ability and natural armor modifiers).</p>", 
            "name": "Wild Shape", 
            "url": "pfsrd://Advanced Players Guide/Rules/Core Classes/Druid/Druid Archetypes/Desert Druid/Wild Shape", 
            "ability_types": {
                "ability_type": "Supernatural"
            }, 
            "source": "Advanced Player's Guide", 
            "type": "ability"
        }, 
        {
            "body": "<p id=\"shaded-vision\">At 9th level, a desert druid becomes immune to blinding and dazzling effects and gains a +2 bonus on saving throws against gaze attacks and illusions of the figment and pattern subschools. This ability replaces venom immunity. </p>", 
            "name": "Shaded Vision", 
            "url": "pfsrd://Advanced Players Guide/Rules/Core Classes/Druid/Druid Archetypes/Desert Druid/Shaded Vision", 
            "ability_types": {
                "ability_type": "Extraordinary"
            }, 
            "source": "Advanced Player's Guide", 
            "type": "ability"
        }, 
        {
            "body": "<p id=\"dunemeld\">At 13th level, a desert druid can assume the form of a swirling mass of sand at will. This is equivalent to <i>gaseous form</i>, but the druid gains a land and burrow speed of 10 feet rather than a fly speed. While in this form, the druid gains a circumstance bonus on Stealth checks made in desert terrain equal to her druid level. This ability replaces a thousand faces. </p>", 
            "name": "Dunemeld", 
            "url": "pfsrd://Advanced Players Guide/Rules/Core Classes/Druid/Druid Archetypes/Desert Druid/Dunemeld", 
            "ability_types": {
                "ability_type": "Extraordinary"
            }, 
            "source": "Advanced Player's Guide", 
            "type": "ability"
        }
    ]
}