{
    "body": "<p>The fecund jungles of the equatorial regions are rich in life and ancient tradition; druidical guardians of sacred pools, elder trees, and trembling volcanoes watch over crumbling temples and the inevitable reclamation of lost civilizations by the beating heart of nature untamed. </p>", 
    "name": "Jungle Druid", 
    "source": "Advanced Player's Guide", 
    "url": "pfsrd://Advanced Players Guide/Rules/Core Classes/Druid/Druid Archetypes/Jungle Druid", 
    "type": "class_archetype", 
    "subtype": "druid", 
    "sections": [
        {
            "body": "<p id=\"jungle-guardian\">At 2nd level, a jungle druid gains a bonus on Initiative checks and Climb, Knowledge (geography), Perception, Stealth, and Survival checks equal to 1/2 her druid level in jungle terrain, and she cannot be tracked in such environments. This ability replaces woodland stride. </p>", 
            "name": "Jungle Guardian", 
            "url": "pfsrd://Advanced Players Guide/Rules/Core Classes/Druid/Druid Archetypes/Jungle Druid/Jungle Guardian", 
            "ability_types": {
                "ability_type": "Extraordinary"
            }, 
            "source": "Advanced Player's Guide", 
            "type": "ability"
        }, 
        {
            "body": "<p id=\"woodland-stride\">A jungle druid gains this ability at 3rd level. This ability replaces trackless step.</p>", 
            "name": "Woodland Stride", 
            "url": "pfsrd://Advanced Players Guide/Rules/Core Classes/Druid/Druid Archetypes/Jungle Druid/Woodland Stride", 
            "ability_types": {
                "ability_type": "Extraordinary"
            }, 
            "source": "Advanced Player's Guide", 
            "type": "ability"
        }, 
        {
            "body": "<p id=\"torrid-endurance\">At 4th level, a jungle druid ignores the effects of a hot climate as if under the effects of <i>endure elements</i>. She also gains a +4 bonus on saves against disease and the exceptional abilities of animals and magical beasts. This ability replaces resist nature's lure. </p>", 
            "name": "Torrid Endurance", 
            "url": "pfsrd://Advanced Players Guide/Rules/Core Classes/Druid/Druid Archetypes/Jungle Druid/Torrid Endurance", 
            "ability_types": {
                "ability_type": "Extraordinary"
            }, 
            "source": "Advanced Player's Guide", 
            "type": "ability"
        }, 
        {
            "body": "<p id=\"wild-shape\">A jungle druid gains this ability at 6th level, except that her effective druid level for the ability is equal to her druid level &ndash; 2.</p>", 
            "name": "Wild Shape", 
            "url": "pfsrd://Advanced Players Guide/Rules/Core Classes/Druid/Druid Archetypes/Jungle Druid/Wild Shape", 
            "ability_types": {
                "ability_type": "Supernatural"
            }, 
            "source": "Advanced Player's Guide", 
            "type": "ability"
        }, 
        {
            "body": "<p id=\"verdant-sentinel\">At 13th level, a jungle druid can cast<i> tree shape</i> at will. This ability replaces a thousand faces. </p>", 
            "name": "Verdant Sentinel", 
            "url": "pfsrd://Advanced Players Guide/Rules/Core Classes/Druid/Druid Archetypes/Jungle Druid/Verdant Sentinel", 
            "ability_types": {
                "ability_type": "Extraordinary"
            }, 
            "source": "Advanced Player's Guide", 
            "type": "ability"
        }
    ]
}