{
    "body": "<p>As more and more of the soft, easy lands become cultivated and civilized, many druids look for refuge and solitude among the eternal peaks of the highest mountains.</p>", 
    "name": "Mountain Druid", 
    "source": "Advanced Player's Guide", 
    "url": "pfsrd://Advanced Players Guide/Rules/Core Classes/Druid/Druid Archetypes/Mountain Druid", 
    "type": "class_archetype", 
    "subtype": "druid", 
    "sections": [
        {
            "body": "<p id=\"mountaineer\">At 2nd level, a mountain druid gains a bonus on Initiative checks and Climb, Knowledge (geography), Perception, Stealth, and Survival checks equal to half her druid level in mountainous terrain, and she cannot be tracked in such an environment. This ability replaces woodland stride. </p>", 
            "name": "Mountaineer", 
            "url": "pfsrd://Advanced Players Guide/Rules/Core Classes/Druid/Druid Archetypes/Mountain Druid/Mountaineer", 
            "ability_types": {
                "ability_type": "Extraordinary"
            }, 
            "source": "Advanced Player's Guide", 
            "type": "ability"
        }, 
        {
            "body": "<p id=\"sure-footed\">At 3rd level, a mountain druid suffers no penalty to speed or on Acrobatics or Stealth checks when walking across steep slopes, rubble, or scree. This ability replaces trackless step.</p>", 
            "name": "Sure-Footed", 
            "url": "pfsrd://Advanced Players Guide/Rules/Core Classes/Druid/Druid Archetypes/Mountain Druid/Sure-Footed", 
            "ability_types": {
                "ability_type": "Extraordinary"
            }, 
            "source": "Advanced Player's Guide", 
            "type": "ability"
        }, 
        {
            "body": "<p id=\"spire-walker\">At 4th level, a mountain druid does not lose her Dexterity bonus when climbing. A mountain druid is immune to altitude sickness and ignores the effects of a cold climate as if under the effects of <i>endure elements</i>. This ability replaces resist nature's lure. </p>", 
            "name": "Spire Walker", 
            "url": "pfsrd://Advanced Players Guide/Rules/Core Classes/Druid/Druid Archetypes/Mountain Druid/Spire Walker", 
            "ability_types": {
                "ability_type": "Extraordinary"
            }, 
            "source": "Advanced Player's Guide", 
            "type": "ability"
        }, 
        {
            "body": "<p id=\"wild-shape\">A mountain druid gains this ability at 6th level, except that her effective druid level for the ability is equal to her druid level &ndash; 2. A mountain druid cannot use wild shape to adopt a plant form. However, at 12th level she can assume the form of a Large giant as if using <i>giant form I</i>. At 16th level, she may assume the form of a Huge giant as if using <i>giant form II</i>.</p>", 
            "name": "Wild Shape", 
            "url": "pfsrd://Advanced Players Guide/Rules/Core Classes/Druid/Druid Archetypes/Mountain Druid/Wild Shape", 
            "ability_types": {
                "ability_type": "Supernatural"
            }, 
            "source": "Advanced Player's Guide", 
            "type": "ability"
        }, 
        {
            "body": "<p id=\"mountain-stance\">At 9th level, a mountain druid gains immunity to petrification and receives a +4 bonus on saving throws or to CMD to resist any attempt to push, pull, bull rush, or drag her, or to resist any other effect that would physically move her from her position (e.g., <i>repel wood, reverse gravity</i>, or being blown away by high winds). This does not protect her against being tripped, grappled, or overrun. This ability replaces venom immunity. </p>", 
            "name": "Mountain Stance", 
            "url": "pfsrd://Advanced Players Guide/Rules/Core Classes/Druid/Druid Archetypes/Mountain Druid/Mountain Stance", 
            "ability_types": {
                "ability_type": "Extraordinary"
            }, 
            "source": "Advanced Player's Guide", 
            "type": "ability"
        }, 
        {
            "body": "<p id=\"mountain-stone\">At 13th level, a mountain druid can transform her body into a weathered stone outcrop and back at will. This effect functions as <i>statue</i>. This ability replaces a thousand faces. </p>", 
            "name": "Mountain Stone", 
            "url": "pfsrd://Advanced Players Guide/Rules/Core Classes/Druid/Druid Archetypes/Mountain Druid/Mountain Stone", 
            "ability_types": {
                "ability_type": "Extraordinary"
            }, 
            "source": "Advanced Player's Guide", 
            "type": "ability"
        }
    ]
}