{
    "body": "<p>Out upon the wide and rolling prairies and savannahs, plains druids stand guard over the grasslands. These druids range far and wide, watching over nomadic tribes and wandering herds and preserving the sometimes fragile ecosystem of the wide open spaces. </p>", 
    "name": "Plains Druid", 
    "source": "Advanced Player's Guide", 
    "url": "pfsrd://Advanced Players Guide/Rules/Core Classes/Druid/Druid Archetypes/Plains Druid", 
    "type": "class_archetype", 
    "subtype": "druid", 
    "sections": [
        {
            "body": "<p id=\"plains-traveler\">At 2nd level, a plains druid gains a bonus on initiative checks and Knowledge (geography), Perception, Stealth, and Survival checks equal to 1/2 her druid level in plains terrain, and she cannot be tracked in such an environment. This ability replaces woodland stride. </p>", 
            "name": "Plains Traveler", 
            "url": "pfsrd://Advanced Players Guide/Rules/Core Classes/Druid/Druid Archetypes/Plains Druid/Plains Traveler", 
            "ability_types": {
                "ability_type": "Extraordinary"
            }, 
            "source": "Advanced Player's Guide", 
            "type": "ability"
        }, 
        {
            "body": "<p id=\"run-like-the-wind\">At 3rd level, a plains druid gains +10 feet to her land speed when wearing light or no armor and carrying a light load, and once per hour, she may run or charge at double the normal speed for 1 round. If riding her animal companion, it gains this ability instead. This ability replaces trackless step.</p>", 
            "name": "Run Like the Wind", 
            "url": "pfsrd://Advanced Players Guide/Rules/Core Classes/Druid/Druid Archetypes/Plains Druid/Run Like the Wind", 
            "ability_types": {
                "ability_type": "Extraordinary"
            }, 
            "source": "Advanced Player's Guide", 
            "type": "ability"
        }, 
        {
            "body": "<p id=\"savanna-ambush\">At 4th level, a plains druid gains concealment whenever she is prone in natural surroundings, and can make Stealth checks at no penalty when prone and not moving or at &ndash;5 when crawling. A plains druid can stand up from prone as an immediate action during a surprise round. This ability replaces resist nature's lure. </p>", 
            "name": "Savanna Ambush", 
            "url": "pfsrd://Advanced Players Guide/Rules/Core Classes/Druid/Druid Archetypes/Plains Druid/Savanna Ambush", 
            "ability_types": {
                "ability_type": "Extraordinary"
            }, 
            "source": "Advanced Player's Guide", 
            "type": "ability"
        }, 
        {
            "body": "<p id=\"wild-shape\">A plains druid gains this ability at 6th level, except that her effective druid level for the ability is equal to her druid level &ndash; 2.</p>", 
            "name": "Wild Shape", 
            "url": "pfsrd://Advanced Players Guide/Rules/Core Classes/Druid/Druid Archetypes/Plains Druid/Wild Shape", 
            "ability_types": {
                "ability_type": "Supernatural"
            }, 
            "source": "Advanced Player's Guide", 
            "type": "ability"
        }, 
        {
            "body": "<p id=\"canny-charger\">At 9th level, a plains druid can charge through allies' squares without difficulty (whether mounted or afoot) and can turn up to 90 degrees once during a charge, provided the last 10 feet toward the target are in a straight line. She also gains a +4 dodge bonus to AC against enemy charge attacks and a +4 bonus to damage with a readied action against a charging foe. This ability replaces venom immunity.</p>", 
            "name": "Canny Charger", 
            "url": "pfsrd://Advanced Players Guide/Rules/Core Classes/Druid/Druid Archetypes/Plains Druid/Canny Charger", 
            "ability_types": {
                "ability_type": "Extraordinary"
            }, 
            "source": "Advanced Player's Guide", 
            "type": "ability"
        }, 
        {
            "body": "<p id=\"evasion\">At 13th level, a plains druid gains evasion when wearing light or no armor and carrying a light load. This functions as the rogue ability of the same name. This ability replaces a thousand faces. </p>", 
            "name": "Evasion", 
            "url": "pfsrd://Advanced Players Guide/Rules/Core Classes/Druid/Druid Archetypes/Plains Druid/Evasion", 
            "ability_types": {
                "ability_type": "Extraordinary"
            }, 
            "source": "Advanced Player's Guide", 
            "type": "ability"
        }
    ]
}