{
    "body": "<p>Some druids eschew pleasant glades and groves and instead seek out dank marshes, misty bogs and heaths, and trackless swamps as the place they call home and watch over with care, finding beauty and life in abundance in places few others would willingly enter. </p>", 
    "name": "Swamp Druid", 
    "source": "Advanced Player's Guide", 
    "url": "pfsrd://Advanced Players Guide/Rules/Core Classes/Druid/Druid Archetypes/Swamp Druid", 
    "type": "class_archetype", 
    "subtype": "druid", 
    "sections": [
        {
            "body": "<p id=\"marshwight\">At 2nd level, a swamp druid gains a bonus on Initiative checks and Knowledge (geography), Perception, Stealth, Swim, and Survival checks equal to 1/2 her druid level in swamp terrain, and she cannot be tracked in such an environment. This ability replaces woodland stride.</p>", 
            "name": "Marshwight", 
            "url": "pfsrd://Advanced Players Guide/Rules/Core Classes/Druid/Druid Archetypes/Swamp Druid/Marshwight", 
            "ability_types": {
                "ability_type": "Extraordinary"
            }, 
            "source": "Advanced Player's Guide", 
            "type": "ability"
        }, 
        {
            "body": "<p id=\"swamp-strider\">At 3rd level, a swamp druid suffers no penalty to speed or on Acrobatics or Stealth checks in bogs and undergrowth. This ability replaces trackless step.</p>", 
            "name": "Swamp Strider", 
            "url": "pfsrd://Advanced Players Guide/Rules/Core Classes/Druid/Druid Archetypes/Swamp Druid/Swamp Strider", 
            "ability_types": {
                "ability_type": "Extraordinary"
            }, 
            "source": "Advanced Player's Guide", 
            "type": "ability"
        }, 
        {
            "body": "<p id=\"pond-scum\">At 4th level, a swamp druid gains a +4 bonus on saves against disease and the exceptional, supernatural, and spell-like abilities of monstrous humanoids. A swamp druid also gains DR/&mdash; equal to half her druid level against attacks by swarms. If this damage resistance prevents damage, the druid is unaffected by distraction or other special attacks of the swarm. This ability replaces resist nature's lure.</p>", 
            "name": "Pond Scum", 
            "url": "pfsrd://Advanced Players Guide/Rules/Core Classes/Druid/Druid Archetypes/Swamp Druid/Pond Scum", 
            "ability_types": {
                "ability_type": "Extraordinary"
            }, 
            "source": "Advanced Player's Guide", 
            "type": "ability"
        }, 
        {
            "body": "<p id=\"wild-shape\">A swamp druid gains this ability at 6th level, except that her effective druid level for the ability is equal to her druid level &ndash; 2.</p>", 
            "name": "Wild Shape", 
            "url": "pfsrd://Advanced Players Guide/Rules/Core Classes/Druid/Druid Archetypes/Swamp Druid/Wild Shape", 
            "ability_types": {
                "ability_type": "Supernatural"
            }, 
            "source": "Advanced Player's Guide", 
            "type": "ability"
        }, 
        {
            "body": "<p id=\"slippery\">At 13th level, a swamp druid gains continuous <i>freedom of movement</i>. This ability replaces a thousand faces.</p>", 
            "name": "Slippery", 
            "url": "pfsrd://Advanced Players Guide/Rules/Core Classes/Druid/Druid Archetypes/Swamp Druid/Slippery", 
            "ability_types": {
                "ability_type": "Extraordinary"
            }, 
            "source": "Advanced Player's Guide", 
            "type": "ability"
        }
    ]
}