{
    "body": "<p>While many druids keep to the wilderness, some make their way within settlements, communing with the animals and vermin who live there and speaking for the nature that runs rampant in civilization's very cradle. </p>", 
    "name": "Urban Druid", 
    "source": "Advanced Player's Guide", 
    "url": "pfsrd://Advanced Players Guide/Rules/Core Classes/Druid/Druid Archetypes/Urban Druid", 
    "type": "class_archetype", 
    "subtype": "druid", 
    "sections": [
        {
            "body": "<p id=\"spontaneous-casting\">An urban druid can channel stored spell energy into domain spells that she has not prepared ahead of time. She can &ldquo;lose&rdquo; a prepared spell in order to cast any domain spell of the same level or lower. This ability replaces the ability to spontaneously cast summon nature's ally spells.</p>", 
            "url": "pfsrd://Advanced Players Guide/Rules/Core Classes/Druid/Druid Archetypes/Urban Druid/Spontaneous Casting", 
            "type": "section", 
            "name": "Spontaneous Casting", 
            "source": "Advanced Player's Guide"
        }, 
        {
            "body": "<p id=\"nature-bond\">An urban druid may not select an animal companion. Instead, she must choose from the following domains, rather than those usually available to druids: Charm, Community, Knowledge, Nobility, Protection, Repose, Rune, or Weather. </p>", 
            "name": "Nature Bond", 
            "url": "pfsrd://Advanced Players Guide/Rules/Core Classes/Druid/Druid Archetypes/Urban Druid/Nature Bond", 
            "ability_types": {
                "ability_type": "Extraordinary"
            }, 
            "source": "Advanced Player's Guide", 
            "type": "ability"
        }, 
        {
            "body": "<p id=\"lorekeeper\">At 2nd level, an urban druid adds Diplomacy, Knowledge (history), Knowledge (local), and Knowledge (nobility) skills to her list of class skills. She also receives a +2 bonus on these skill checks. This ability replaces a druid's woodland stride and trackless step abilities.</p>", 
            "name": "Lorekeeper", 
            "url": "pfsrd://Advanced Players Guide/Rules/Core Classes/Druid/Druid Archetypes/Urban Druid/Lorekeeper", 
            "ability_types": {
                "ability_type": "Extraordinary"
            }, 
            "source": "Advanced Player's Guide", 
            "type": "ability"
        }, 
        {
            "body": "<p id=\"resist-temptation\">At 4th level, an urban druid gains a +2 bonus on saves vs. divinations and enchantments. This replaces the resist nature's lure ability. </p>", 
            "name": "Resist Temptation", 
            "url": "pfsrd://Advanced Players Guide/Rules/Core Classes/Druid/Druid Archetypes/Urban Druid/Resist Temptation", 
            "ability_types": {
                "ability_type": "Extraordinary"
            }, 
            "source": "Advanced Player's Guide", 
            "type": "ability"
        }, 
        {
            "body": "<p id=\"a-thousand-faces\">An urban druid gains this ability at 6th level. </p>", 
            "name": "A Thousand Faces", 
            "url": "pfsrd://Advanced Players Guide/Rules/Core Classes/Druid/Druid Archetypes/Urban Druid/A Thousand Faces", 
            "ability_types": {
                "ability_type": "Supernatural"
            }, 
            "source": "Advanced Player's Guide", 
            "type": "ability"
        }, 
        {
            "body": "<p id=\"wild-shape\">An urban druid gains this ability at 8th level, except that her effective druid level for the ability is equal to her druid level &ndash; 4. </p>", 
            "name": "Wild Shape", 
            "url": "pfsrd://Advanced Players Guide/Rules/Core Classes/Druid/Druid Archetypes/Urban Druid/Wild Shape", 
            "ability_types": {
                "ability_type": "Supernatural"
            }, 
            "source": "Advanced Player's Guide", 
            "type": "ability"
        }, 
        {
            "body": "<p id=\"mental-strength\">At 9th level, an urban druid gains immunity to charm and compulsion effects. This ability replaces venom immunity. </p>", 
            "name": "Mental Strength", 
            "url": "pfsrd://Advanced Players Guide/Rules/Core Classes/Druid/Druid Archetypes/Urban Druid/Mental Strength", 
            "ability_types": {
                "ability_type": "Extraordinary"
            }, 
            "source": "Advanced Player's Guide", 
            "type": "ability"
        }
    ]
}