{
    "name": "Additional Traits", 
    "url": "pfsrd://Advanced Players Guide/Feats/Additional Traits", 
    "sections": [
        {
            "body": "<p class=\"stat-block-1\"> You gain two character traits of your choice (see Chapter 8). These traits must be chosen from different lists, and cannot be chosen from lists from which you have already selected a character trait. You must meet any additional qualifications for the character traits you choose.</p>", 
            "source": "Advanced Player's Guide", 
            "type": "section", 
            "name": "Benefits"
        }
    ], 
    "source": "Advanced Player's Guide", 
    "feat_types": {
        "feat_type": "General"
    }, 
    "type": "feat", 
    "description": "You have more traits than normal."
}