{
    "name": "Arcane Talent", 
    "url": "pfsrd://Advanced Players Guide/Feats/Arcane Talent", 
    "sections": [
        {
            "source": "Advanced Player's Guide", 
            "type": "section", 
            "name": "Prerequisites", 
            "description": " Cha 10; elf, half-elf, or gnome."
        }, 
        {
            "body": "<p class=\"stat-block-1\"> Choose a 0-level spell from the sorcerer/wizard spell list. You can cast this spell three times per day as a spell-like ability. The caster level is equal to your character level. The save DC is 10 + your Charisma modifier.</p>", 
            "source": "Advanced Player's Guide", 
            "type": "section", 
            "name": "Benefits"
        }
    ], 
    "source": "Advanced Player's Guide", 
    "feat_types": {
        "feat_type": "General"
    }, 
    "type": "feat", 
    "description": "Magic is in your blood, and at your fingertips."
}