{
    "name": "Arcane Shield", 
    "url": "pfsrd://Advanced Players Guide/Feats/Arcane Shield", 
    "sections": [
        {
            "source": "Advanced Player's Guide", 
            "type": "section", 
            "name": "Prerequisites", 
            "description": " Arcane spellcaster, caster level 10th."
        }, 
        {
            "body": "<p class=\"stat-block-1\"> As a immediate action, you can sacrifice a prepared spell or unused spell slot of 1st level or higher and gain a deflection bonus to AC equal to the level of the spell or spell slot you sacrificed for 1 round. 0-level spells may not be sacrificed in this manner.</p>", 
            "source": "Advanced Player's Guide", 
            "type": "section", 
            "name": "Benefits"
        }
    ], 
    "source": "Advanced Player's Guide", 
    "feat_types": {
        "feat_type": "General"
    }, 
    "type": "feat", 
    "description": "You can convert any spell into a defense. "
}