{
    "name": "Aspect of the Beast", 
    "url": "pfsrd://Advanced Players Guide/Feats/Aspect of the Beast", 
    "sections": [
        {
            "source": "Advanced Player's Guide", 
            "type": "section", 
            "name": "Prerequisites", 
            "description": " wild shape class feature, see Special."
        }, 
        {
            "body": "<p class=\"stat-block-1\"> Your bestial nature manifests itself in one of the following ways. You choose the manifestation when you choose the feat, and then you cannot change it. </p>", 
            "type": "section", 
            "sections": [
                {
                    "body": "<p id=\"night-senses\" class=\"stat-block-2\">If your base race has normal vision, you gain low-light vision. If your base race has low-light vision, you gain darkvision out to a range of 30 feet. If your base race has darkvision, the range of your darkvision increases by 30 feet. </p>", 
                    "name": "Night Senses", 
                    "url": "pfsrd://Advanced Players Guide/Feats/Aspect of the Beast/Benefits/Night Senses", 
                    "ability_types": {
                        "ability_type": "Extraordinary"
                    }, 
                    "source": "Advanced Player's Guide", 
                    "type": "ability"
                }, 
                {
                    "body": "<p id=\"claws-of-the-beast\" class=\"stat-block-2\">You grow a pair of claws. These claws are primary attacks that deal 1d4 points of damage (1d3 if you are Small). </p>", 
                    "name": "Claws of the Beast", 
                    "url": "pfsrd://Advanced Players Guide/Feats/Aspect of the Beast/Benefits/Claws of the Beast", 
                    "ability_types": {
                        "ability_type": "Extraordinary"
                    }, 
                    "source": "Advanced Player's Guide", 
                    "type": "ability"
                }, 
                {
                    "body": "<p id=\"predator's-leap\" class=\"stat-block-2\">You can make a running jump without needing to run 10 feet before you jump.</p>", 
                    "name": "Predator's Leap", 
                    "url": "pfsrd://Advanced Players Guide/Feats/Aspect of the Beast/Benefits/Predators Leap", 
                    "ability_types": {
                        "ability_type": "Extraordinary"
                    }, 
                    "source": "Advanced Player's Guide", 
                    "type": "ability"
                }, 
                {
                    "body": "<p id=\"wild-instinct\" class=\"stat-block-2\">You gain a +2 bonus on initiative checks and a +2 bonus on Survival skill checks.</p>", 
                    "name": "Wild Instinct", 
                    "url": "pfsrd://Advanced Players Guide/Feats/Aspect of the Beast/Benefits/Wild Instinct", 
                    "ability_types": {
                        "ability_type": "Extraordinary"
                    }, 
                    "source": "Advanced Player's Guide", 
                    "type": "ability"
                }
            ], 
            "name": "Benefits", 
            "source": "Advanced Player's Guide"
        }, 
        {
            "body": "<p class=\"stat-block-1\"> A character that has contracted lycanthropy can take this feat without having to meet the prerequisites. A ranger who selects the natural weapon combat style can take this feat without having to meet the prerequisites (even if he does not select Aspect of the Beast as a bonus feat).</p>", 
            "source": "Advanced Player's Guide", 
            "type": "section", 
            "name": "Special"
        }
    ], 
    "source": "Advanced Player's Guide", 
    "feat_types": {
        "feat_type": "General"
    }, 
    "type": "feat", 
    "description": "Whether by magic or a curse of your blood, some part of you is more beast than man. "
}