{
    "name": "Bashing Finish", 
    "url": "pfsrd://Advanced Players Guide/Feats/Bashing Finish", 
    "sections": [
        {
            "source": "Advanced Player's Guide", 
            "type": "section", 
            "name": "Prerequisites", 
            "description": " Improved Shield Bash, Shield Master, Two-Weapon Fighting, base attack bonus +11."
        }, 
        {
            "body": "<p class=\"stat-block-1\"> Whenever you score a critical hit with a melee weapon, you can make a shield bash attack against the same target using the same bonus as a free action.</p>", 
            "source": "Advanced Player's Guide", 
            "type": "section", 
            "name": "Benefits"
        }
    ], 
    "source": "Advanced Player's Guide", 
    "feat_types": {
        "feat_type": "Combat"
    }, 
    "type": "feat", 
    "description": "You follow a powerful blow from your weapon with an opportunistic bash from your shield."
}