{
    "body": "<p>You have a sense of destiny about you and always seem to succeed, even when the odds are against you.</p>", 
    "name": "Blood of Heroes", 
    "url": "pfsrd://Advanced Players Guide/Rules/New Rules/Hero Points/Hero Point Feats/Blood of Heroes", 
    "type": "feat", 
    "source": "Advanced Player's Guide", 
    "feat_types": {
        "feat_type": "Optional"
    }, 
    "sections": [
        {
            "body": "<p>Hero's Fortune.</p>", 
            "url": "pfsrd://Advanced Players Guide/Rules/New Rules/Hero Points/Hero Point Feats/Blood of Heroes/Prerequisite", 
            "type": "section", 
            "name": "Prerequisite", 
            "source": "Advanced Player's Guide"
        }, 
        {
            "body": "<p>Whenever you gain a level, you gain 2 hero points instead of 1.</p>", 
            "url": "pfsrd://Advanced Players Guide/Rules/New Rules/Hero Points/Hero Point Feats/Blood of Heroes/Benefit", 
            "type": "section", 
            "name": "Benefit", 
            "source": "Advanced Player's Guide"
        }, 
        {
            "body": "<p id=\"normal\">Whenever you gain a level, you gain 1 hero point.</p>", 
            "source": "Advanced Player's Guide", 
            "type": "section", 
            "name": "Normal"
        }
    ]
}