{
    "name": "Charge Through", 
    "url": "pfsrd://Advanced Players Guide/Feats/Charge Through", 
    "sections": [
        {
            "source": "Advanced Player's Guide", 
            "type": "section", 
            "name": "Prerequisites", 
            "description": " Str 13, Improved Overrun, Power Attack, base attack bonus +1."
        }, 
        {
            "body": "<p class=\"stat-block-1\"> When making a charge, you can attempt to overrun one creature in the path of the charge as a free action. If you successfully overrun that creature, you can complete the charge. If the overrun is unsuccessful, the charge ends in the space directly in front of that creature. </p>", 
            "source": "Advanced Player's Guide", 
            "type": "section", 
            "name": "Benefits"
        }, 
        {
            "body": "<p class=\"stat-block-1\"> You must have a clear path toward the target of your charge.</p>", 
            "source": "Advanced Player's Guide", 
            "type": "section", 
            "name": "Normal"
        }
    ], 
    "source": "Advanced Player's Guide", 
    "feat_types": {
        "feat_type": "Combat"
    }, 
    "type": "feat", 
    "description": "You can overrun enemies when charging."
}