{
    "name": "Childlike", 
    "url": "pfsrd://Advanced Players Guide/Feats/Childlike", 
    "sections": [
        {
            "source": "Advanced Player's Guide", 
            "type": "section", 
            "name": "Prerequisites", 
            "description": " Cha 13, halfling."
        }, 
        {
            "body": "<p class=\"stat-block-1\"> You can take 10 on Bluff checks to convince others you are telling the truth, so long as your story makes you appear innocent. You gain a +2 bonus on Disguise skill checks to pose as a human child, and ignore the check penalties for disguising yourself as a different race and age category while doing so.</p>", 
            "source": "Advanced Player's Guide", 
            "type": "section", 
            "name": "Benefits"
        }
    ], 
    "source": "Advanced Player's Guide", 
    "feat_types": {
        "feat_type": "General"
    }, 
    "type": "feat", 
    "description": "Your resemblance to a human child tends to make others trust you, perhaps more than they should."
}