{
    "name": "Cloud Step", 
    "url": "pfsrd://Advanced Players Guide/Feats/Cloud Step", 
    "sections": [
        {
            "source": "Advanced Player's Guide", 
            "type": "section", 
            "name": "Prerequisites", 
            "description": " Spider Step, monk level 12th."
        }, 
        {
            "body": "<p class=\"stat-block-1\"> As a move action, you can <i>air walk</i> (as the spell) up to half your slow fall distance, maximum 50 feet. You must reach a solid, level surface by the end of your turn or you will fall.</p>", 
            "source": "Advanced Player's Guide", 
            "type": "section", 
            "name": "Benefits"
        }
    ], 
    "source": "Advanced Player's Guide", 
    "feat_types": {
        "feat_type": "General"
    }, 
    "type": "feat", 
    "description": "Your tread is of unearthly lightness."
}