{
    "name": "Cockatrice Strike", 
    "url": "pfsrd://Advanced Players Guide/Feats/Cockatrice Strike", 
    "sections": [
        {
            "source": "Advanced Player's Guide", 
            "type": "section", 
            "name": "Prerequisites", 
            "description": " Improved Unarmed Strike, Gorgon's Fist, Medusa's Wrath, base attack bonus +16."
        }, 
        {
            "body": "<p class=\"stat-block-1\"> As a full-round action, you can make a single unarmed strike against a dazed, flat-footed, paralyzed, staggered, stunned, or unconscious foe. If that attack is a critical hit, the target is petrified unless it succeeds on a Fortitude saving throw with a DC of 10 + 1/2 your character level + your Wisdom modifier. This is a supernatural polymorph effect.</p>", 
            "source": "Advanced Player's Guide", 
            "type": "section", 
            "name": "Benefits"
        }
    ], 
    "source": "Advanced Player's Guide", 
    "feat_types": {
        "feat_type": "Combat"
    }, 
    "type": "feat", 
    "description": "With a single strike, you transmute flesh to stone."
}