{
    "name": "Cooperative Crafting", 
    "url": "pfsrd://Advanced Players Guide/Feats/Cooperative Crafting", 
    "sections": [
        {
            "source": "Advanced Player's Guide", 
            "type": "section", 
            "name": "Prerequisites", 
            "description": " 1 rank in any Craft skill, any item creation feat."
        }, 
        {
            "body": "<p class=\"stat-block-1\"> You can assist another character in crafting mundane and magical items. You must both possess the relevant Craft skill or item creation feat, but either one of you can fulfill any other prerequisites for crafting the item. You provide a +2 circumstance bonus on any Craft or Spellcraft checks related to making an item, and your assistance doubles the gp value of items that can be crafted each day.</p>", 
            "source": "Advanced Player's Guide", 
            "type": "section", 
            "name": "Benefits"
        }
    ], 
    "source": "Advanced Player's Guide", 
    "feat_types": {
        "feat_type": "General"
    }, 
    "type": "feat", 
    "description": "Your assistance makes item crafting far more efficient."
}