{
    "name": "Coordinated Maneuvers", 
    "url": "pfsrd://Advanced Players Guide/Feats/Coordinated Maneuvers", 
    "sections": [
        {
            "body": "<p class=\"stat-block-1\"> Whenever you are adjacent to an ally who also has this feat, you receive a +2 competence bonus on all combat maneuver checks. This bonus increases to +4 when attempting to break free from a grapple.</p>", 
            "source": "Advanced Player's Guide", 
            "type": "section", 
            "name": "Benefits"
        }
    ], 
    "source": "Advanced Player's Guide", 
    "feat_types": {
        "feat_type": "Teamwork"
    }, 
    "type": "feat", 
    "description": "You are skilled at working with your allies to perform dangerous combat maneuvers."
}