{
    "name": "Coordinated Defense", 
    "url": "pfsrd://Advanced Players Guide/Feats/Coordinated Defense", 
    "sections": [
        {
            "body": "<p class=\"stat-block-1\"> Whenever you are adjacent to an ally who also has this feat, you receive a +2 competence bonus to your Combat Maneuver Defense. This bonus increases to +4 if the creature attempting the maneuver is larger than both you and your ally.</p>", 
            "source": "Advanced Player's Guide", 
            "type": "section", 
            "name": "Benefits"
        }
    ], 
    "source": "Advanced Player's Guide", 
    "feat_types": {
        "feat_type": "Teamwork"
    }, 
    "type": "feat", 
    "description": "You are adept at working with allies to avoid being tripped, grappled, and subjected to other maneuvers."
}