{
    "name": "Cosmopolitan", 
    "url": "pfsrd://Advanced Players Guide/Feats/Cosmopolitan", 
    "sections": [
        {
            "body": "<p class=\"stat-block-1\"> You can speak and read two additional languages of your choice. In addition, choose two Intelligence-, Wisdom-, or Charisma-based skills. Those skills always count as class skills for you.</p>", 
            "source": "Advanced Player's Guide", 
            "type": "section", 
            "name": "Benefits"
        }
    ], 
    "source": "Advanced Player's Guide", 
    "feat_types": {
        "feat_type": "General"
    }, 
    "type": "feat", 
    "description": "Living in large, exotic cities has put you in touch with many diverse civilizations, cultures, and races."
}