{
    "name": "Covering Defense", 
    "url": "pfsrd://Advanced Players Guide/Feats/Covering Defense", 
    "sections": [
        {
            "source": "Advanced Player's Guide", 
            "type": "section", 
            "name": "Prerequisites", 
            "description": " Shield Focus, base attack bonus +6."
        }, 
        {
            "body": "<p class=\"stat-block-1\"> When you use the total defense action while using a light, heavy, or tower shield, you can provide a cover bonus to AC against all attacks to an adjacent ally your size or smaller. This cover bonus is equal to your shield's shield bonus and lasts until the beginning of your next turn. Your shield does not provide a cover bonus to Reflex saves.</p>", 
            "source": "Advanced Player's Guide", 
            "type": "section", 
            "name": "Benefits"
        }
    ], 
    "source": "Advanced Player's Guide", 
    "feat_types": {
        "feat_type": "Combat"
    }, 
    "type": "feat", 
    "description": "You are skilled at protecting yourself and your allies with your shield."
}