{
    "name": "Dastardly Finish", 
    "url": "pfsrd://Advanced Players Guide/Feats/Dastardly Finish", 
    "sections": [
        {
            "source": "Advanced Player's Guide", 
            "type": "section", 
            "name": "Prerequisites", 
            "description": " Sneak attack +5d6."
        }, 
        {
            "body": "<p class=\"stat-block-1\"> You can deliver a coup de grace to cowering or stunned targets. </p>", 
            "source": "Advanced Player's Guide", 
            "type": "section", 
            "name": "Benefits"
        }, 
        {
            "body": "<p class=\"stat-block-1\"> You can only coup de grace helpless targets.</p>", 
            "source": "Advanced Player's Guide", 
            "type": "section", 
            "name": "Normal"
        }
    ], 
    "source": "Advanced Player's Guide", 
    "feat_types": {
        "feat_type": "Combat"
    }, 
    "type": "feat", 
    "description": "You can take advantage of an enemy's debilitated state to attempt a coup de grace."
}