{
    "name": "Dazing Assault", 
    "url": "pfsrd://Advanced Players Guide/Feats/Dazing Assault", 
    "sections": [
        {
            "source": "Advanced Player's Guide", 
            "type": "section", 
            "name": "Prerequisites", 
            "description": " Str 13, Power Attack, base attack bonus +11. "
        }, 
        {
            "body": "<p class=\"stat-block-1\"> You can choose to take a &ndash;5 penalty on all melee attack rolls and combat maneuver checks to daze opponents you hit with your melee attacks for 1 round, in addition to the normal damage dealt by the attack. A successful Fortitude save negates the effect. The DC of this save is 10 + your base attack bonus. You must choose to use this feat before making the attack roll, and its effects last until your next turn.</p>", 
            "source": "Advanced Player's Guide", 
            "type": "section", 
            "name": "Benefits"
        }
    ], 
    "source": "Advanced Player's Guide", 
    "feat_types": {
        "feat_type": "Combat"
    }, 
    "type": "feat", 
    "description": "You can daze foes with wild attacks."
}