{
    "name": "Deep Drinker", 
    "url": "pfsrd://Advanced Players Guide/Feats/Deep Drinker", 
    "sections": [
        {
            "source": "Advanced Player's Guide", 
            "type": "section", 
            "name": "Prerequisites", 
            "description": " Con 13, monk level 11, drunken ki class feature."
        }, 
        {
            "body": "<p class=\"stat-block-1\"> When you gain temporary <i>ki</i> from drunken <i>ki</i>, you gain 2 temporary <i>ki</i> rather than just 1. </p>", 
            "source": "Advanced Player's Guide", 
            "type": "section", 
            "name": "Benefits"
        }
    ], 
    "source": "Advanced Player's Guide", 
    "feat_types": {
        "feat_type": "General"
    }, 
    "type": "feat", 
    "description": "You draw greater amounts of ki from your libations."
}