{
    "name": "Deepsight", 
    "url": "pfsrd://Advanced Players Guide/Feats/Deepsight", 
    "sections": [
        {
            "source": "Advanced Player's Guide", 
            "type": "section", 
            "name": "Prerequisites", 
            "description": " Darkvision 60 feet."
        }, 
        {
            "body": "<p class=\"stat-block-1\"> Your darkvision has a range of 120 feet.</p>", 
            "source": "Advanced Player's Guide", 
            "type": "section", 
            "name": "Benefits"
        }, 
        {
            "body": "<p class=\"stat-block-1\"> Darkvision normally extends 60 or 90 feet.</p>", 
            "source": "Advanced Player's Guide", 
            "type": "section", 
            "name": "Normal"
        }
    ], 
    "source": "Advanced Player's Guide", 
    "feat_types": {
        "feat_type": "General"
    }, 
    "type": "feat", 
    "description": "Your senses are especially keen in the utter darkness."
}