{
    "name": "Disarming Strike", 
    "url": "pfsrd://Advanced Players Guide/Feats/Disarming Strike", 
    "sections": [
        {
            "source": "Advanced Player's Guide", 
            "type": "section", 
            "name": "Prerequisites", 
            "description": " Int 13, Combat Expertise, Improved Disarm, base attack bonus +9."
        }, 
        {
            "body": "<p class=\"stat-block-1\"> Whenever you score a critical hit with a melee attack, you can disarm your opponent, in addition to the normal damage dealt by the attack. If your confirmation roll exceeds your opponent's CMD, you may disarm your opponent as if from the disarm combat maneuver. This does not provoke an attack of opportunity. </p>", 
            "source": "Advanced Player's Guide", 
            "type": "section", 
            "name": "Benefits"
        }, 
        {
            "body": "<p class=\"stat-block-1\"> You must perform a disarm combat maneuver to disarm an opponent.</p>", 
            "source": "Advanced Player's Guide", 
            "type": "section", 
            "name": "Normal"
        }, 
        {
            "body": "<p class=\"stat-block-1\"> You can only apply the effects of one of the following feats to a given critical hit: Bull Rush Strike, Disarming Strike, Repositioning Strike, Sundering Strike, or Tripping Strike. You may choose to use this feat after you make your confirmation roll.</p>", 
            "source": "Advanced Player's Guide", 
            "type": "section", 
            "name": "Special"
        }
    ], 
    "source": "Advanced Player's Guide", 
    "feat_types": {
        "feat_type": "Combat"
    }, 
    "type": "feat", 
    "description": "Your critical hits can disarm your foes."
}