{
    "name": "Disrupting Shot", 
    "url": "pfsrd://Advanced Players Guide/Feats/Disrupting Shot", 
    "sections": [
        {
            "source": "Advanced Player's Guide", 
            "type": "section", 
            "name": "Prerequisites", 
            "description": " Dex 13, Point-Blank Shot, fighter level 6th. "
        }, 
        {
            "body": "<p class=\"stat-block-1\"> If you ready an action to shoot an opponent casting a spell within 30 feet and successfully hit that opponent with a ranged attack, the concentration DC to successfully cast the spell is increased by +4.</p>", 
            "source": "Advanced Player's Guide", 
            "type": "section", 
            "name": "Benefits"
        }
    ], 
    "source": "Advanced Player's Guide", 
    "feat_types": {
        "feat_type": "Combat"
    }, 
    "type": "feat", 
    "description": "With a well-placed shot, you make it harder for a nearby opponent to cast spells. "
}