{
    "name": "Disruptive Spell", 
    "url": "pfsrd://Advanced Players Guide/Feats/Disruptive Spell", 
    "sections": [
        {
            "body": "<p class=\"stat-block-1\"> Targets affected by a disruptive spell must make concentration checks when using spells or spell-like abilities (DC equals the save DC of the disruptive spell plus the level of the spell being cast) for 1 round. Targets that avoid the spell's effects avoid this feat's effect as well. A disruptive spell uses up a spell slot one level higher than the spell's actual level.</p>", 
            "source": "Advanced Player's Guide", 
            "type": "section", 
            "name": "Benefits"
        }
    ], 
    "source": "Advanced Player's Guide", 
    "feat_types": {
        "feat_type": "Metamagic"
    }, 
    "type": "feat", 
    "description": "Your magical energies cling to enemies, interfering with their spellcasting."
}