{
    "name": "Diviner's Delving", 
    "url": "pfsrd://Advanced Players Guide/Feats/Diviners Delving", 
    "sections": [
        {
            "source": "Advanced Player's Guide", 
            "type": "section", 
            "name": "Prerequisites", 
            "description": " Spell Focus (divination)."
        }, 
        {
            "body": "<p class=\"stat-block-1\"> You gain a +2 bonus on caster level checks with divinations to overcome spell resistance or effects that impede divination (for example, <i>nondetection</i>). When using a divination spell that requires concentration, you gain information from the spell 1 round sooner than normal (so you gain information from the first 2 rounds with 1 round of concentration, and information from the third round in the second round of concentration).</p>", 
            "source": "Advanced Player's Guide", 
            "type": "section", 
            "name": "Benefits"
        }
    ], 
    "source": "Advanced Player's Guide", 
    "feat_types": {
        "feat_type": "General"
    }, 
    "type": "feat", 
    "description": "Your keen magical intuition makes reading signs, portents, and mystical clues quick and easy."
}