{
    "name": "Dreadful Carnage", 
    "url": "pfsrd://Advanced Players Guide/Feats/Dreadful Carnage", 
    "sections": [
        {
            "source": "Advanced Player's Guide", 
            "type": "section", 
            "name": "Prerequisites", 
            "description": " Str 15, Power Attack, Furious Focus, base attack bonus +11. "
        }, 
        {
            "body": "<p class=\"stat-block-1\"> Whenever you reduce an enemy to 0 or fewer hit points, you can make an Intimidate check to demoralize all enemies within 30 feet as a free action. Enemies that cannot see both you and the enemy you reduced to 0 or fewer hit points are unaffected. </p>", 
            "source": "Advanced Player's Guide", 
            "type": "section", 
            "name": "Benefits"
        }
    ], 
    "source": "Advanced Player's Guide", 
    "feat_types": {
        "feat_type": "Combat"
    }, 
    "type": "feat", 
    "description": "Slaying an enemy demoralizes your other nearby foes."
}