{
    "name": "Eagle Eyes", 
    "url": "pfsrd://Advanced Players Guide/Feats/Eagle Eyes", 
    "sections": [
        {
            "source": "Advanced Player's Guide", 
            "type": "section", 
            "name": "Prerequisites", 
            "description": " Wis 13, keen senses racial trait."
        }, 
        {
            "body": "<p class=\"stat-block-1\"> You ignore up to &ndash;5 in penalties due to distance on visual Perception checks, allowing you to see accurately at much greater distances than most.</p>", 
            "source": "Advanced Player's Guide", 
            "type": "section", 
            "name": "Benefits"
        }
    ], 
    "source": "Advanced Player's Guide", 
    "feat_types": {
        "feat_type": "General"
    }, 
    "type": "feat", 
    "description": "Your vision is especially keen."
}