{
    "name": "Eclectic", 
    "url": "pfsrd://Advanced Players Guide/Feats/Eclectic", 
    "sections": [
        {
            "source": "Advanced Player's Guide", 
            "type": "section", 
            "name": "Prerequisites", 
            "description": " Human."
        }, 
        {
            "body": "<p class=\"stat-block-1\"> Choose an additional favored class and gain either +1 hit point or +1 skill point whenever you take a level in that class. If you choose a class in which you already have levels, the benefits of this feat are retroactive.</p>", 
            "source": "Advanced Player's Guide", 
            "type": "section", 
            "name": "Benefits"
        }
    ], 
    "source": "Advanced Player's Guide", 
    "feat_types": {
        "feat_type": "General"
    }, 
    "type": "feat", 
    "description": "You have a talent for picking up different vocations. "
}