{
    "name": "Ectoplasmic Spell", 
    "url": "pfsrd://Advanced Players Guide/Feats/Ectoplasmic Spell", 
    "sections": [
        {
            "body": "<p class=\"stat-block-1\"> An ectoplasmic spell has full effect against incorporeal or ethereal creatures. An ectoplasmic spell uses up a spell slot one level higher than the spell's actual level.</p>", 
            "source": "Advanced Player's Guide", 
            "type": "section", 
            "name": "Benefits"
        }
    ], 
    "source": "Advanced Player's Guide", 
    "feat_types": {
        "feat_type": "Metamagic"
    }, 
    "type": "feat", 
    "description": "Your spells breach the gulf between dimensions, sending ghostly emanations into the ether."
}