{
    "name": "Eldritch Claws", 
    "url": "pfsrd://Advanced Players Guide/Feats/Eldritch Claws", 
    "sections": [
        {
            "source": "Advanced Player's Guide", 
            "type": "section", 
            "name": "Prerequisites", 
            "description": " Str 15, natural weapons, base attack bonus +6."
        }, 
        {
            "body": "<p class=\"stat-block-1\"> You natural weapons are considered both magic and silver for purpose of overcoming damage reduction.</p>", 
            "source": "Advanced Player's Guide", 
            "type": "section", 
            "name": "Benefits"
        }
    ], 
    "source": "Advanced Player's Guide", 
    "feat_types": {
        "feat_type": "Combat"
    }, 
    "type": "feat", 
    "description": "Who needs magic weapons? Eldritch tricks are no match for your bestial ferocity."
}