{
    "name": "Elemental Focus", 
    "url": "pfsrd://Advanced Players Guide/Feats/Elemental Focus", 
    "sections": [
        {
            "body": "<p class=\"stat-block-1\"> Choose one energy type (acid, cold, electricity, or fire). Add +1 to the Difficulty Class for all saving throws against spells that deal damage of the energy type you select.</p>", 
            "source": "Advanced Player's Guide", 
            "type": "section", 
            "name": "Benefits"
        }, 
        {
            "body": "<p class=\"stat-block-1\"> You can gain this feat multiple times. Its effects do not stack. Each time you take this feat, it applies to a new energy type. </p>", 
            "source": "Advanced Player's Guide", 
            "type": "section", 
            "name": "Special"
        }
    ], 
    "source": "Advanced Player's Guide", 
    "feat_types": {
        "feat_type": "General"
    }, 
    "type": "feat", 
    "description": "Your spells of a certain element are more difficult to resist."
}