{
    "name": "Elemental Spell", 
    "url": "pfsrd://Advanced Players Guide/Feats/Elemental Spell", 
    "sections": [
        {
            "body": "<p class=\"stat-block-1\"> Choose one energy type: acid, cold, electricity, or fire. You may replace a spell's normal damage with that energy type or split the spell's damage, so that half is of that energy type and half is of its normal type. An elemental spell uses up a spell slot one level higher than the spell's actual level. </p>", 
            "source": "Advanced Player's Guide", 
            "type": "section", 
            "name": "Benefits"
        }, 
        {
            "body": "<p class=\"stat-block-1\"> You can gain this feat multiple times. Each time you must choose a different energy type.</p>", 
            "source": "Advanced Player's Guide", 
            "type": "section", 
            "name": "Special"
        }
    ], 
    "source": "Advanced Player's Guide", 
    "feat_types": {
        "feat_type": "Metamagic"
    }, 
    "type": "feat", 
    "description": "You can manipulate the elemental nature of your spells."
}