{
    "name": "Elven Accuracy", 
    "url": "pfsrd://Advanced Players Guide/Feats/Elven Accuracy", 
    "sections": [
        {
            "source": "Advanced Player's Guide", 
            "type": "section", 
            "name": "Prerequisites", 
            "description": " Elf."
        }, 
        {
            "body": "<p class=\"stat-block-1\"> If you miss due to concealment when making a ranged attack with a longbow or shortbow (including composite bows), you can reroll your miss chance roll one time to see if you actually hit.</p>", 
            "source": "Advanced Player's Guide", 
            "type": "section", 
            "name": "Benefits"
        }
    ], 
    "source": "Advanced Player's Guide", 
    "feat_types": {
        "feat_type": "Combat"
    }, 
    "type": "feat", 
    "description": "Your sharp eyesight makes difficult shots easier."
}