{
    "name": "Enforcer", 
    "url": "pfsrd://Advanced Players Guide/Feats/Enforcer", 
    "sections": [
        {
            "source": "Advanced Player's Guide", 
            "type": "section", 
            "name": "Prerequisites", 
            "description": " Intimidate 1 rank."
        }, 
        {
            "body": "<p class=\"stat-block-1\"> Whenever you deal nonlethal damage with a melee weapon, you can make an Intimidate check to demoralize your target as a free action. If you are successful, the target is shaken for a number of rounds equal to the damage dealt. If your attack was a critical hit, your target is frightened for 1 round with a successful Intimidate check, as well as being shaken for a number of rounds equal to the damage dealt.</p>", 
            "source": "Advanced Player's Guide", 
            "type": "section", 
            "name": "Benefits"
        }
    ], 
    "source": "Advanced Player's Guide", 
    "feat_types": {
        "feat_type": "Combat"
    }, 
    "type": "feat", 
    "description": "You are skilled at causing fear in those you brutalize."
}