{
    "name": "Expanded Arcana", 
    "url": "pfsrd://Advanced Players Guide/Feats/Expanded Arcana", 
    "sections": [
        {
            "source": "Advanced Player's Guide", 
            "type": "section", 
            "name": "Prerequisites", 
            "description": " Caster level 1st, see Special."
        }, 
        {
            "body": "<p class=\"stat-block-1\"> Add one spell from your class's spell list to your list of spells known. This is in addition to the number of spells normally gained at each new level in your class. You may instead add two spells from your class's spell list to your list of spells known, but both of these spells must be at least one level lower than the highest level spell you can cast in that class. Once made, these choices cannot be changed.</p>", 
            "source": "Advanced Player's Guide", 
            "type": "section", 
            "name": "Benefits"
        }, 
        {
            "body": "<p class=\"stat-block-1\"> You can only take this feat if you possess levels in a class whose spellcasting relies on a limited list of spells known, such as the bard, oracle, and sorcerer.</p><p class=\"stat-block-2\">You can gain Expanded Arcana multiple times.</p>", 
            "source": "Advanced Player's Guide", 
            "type": "section", 
            "name": "Special"
        }
    ], 
    "source": "Advanced Player's Guide", 
    "feat_types": {
        "feat_type": "General"
    }, 
    "type": "feat", 
    "description": "Your research has revealed new spells."
}