{
    "name": "Extra Hex", 
    "url": "pfsrd://Advanced Players Guide/Feats/Extra Hex", 
    "sections": [
        {
            "source": "Advanced Player's Guide", 
            "type": "section", 
            "name": "Prerequisites", 
            "description": " Hex class feature."
        }, 
        {
            "body": "<p class=\"stat-block-1\"> You gain one additional hex. You must meet all of the prerequisites for this hex.</p>", 
            "source": "Advanced Player's Guide", 
            "type": "section", 
            "name": "Benefits"
        }, 
        {
            "body": "<p class=\"stat-block-1\"> You can gain Extra Hex multiple times. </p>", 
            "source": "Advanced Player's Guide", 
            "type": "section", 
            "name": "Special"
        }
    ], 
    "source": "Advanced Player's Guide", 
    "feat_types": {
        "feat_type": "General"
    }, 
    "type": "feat", 
    "description": "You have learned the secrets of a new hex."
}