{
    "name": "Extra Revelation", 
    "url": "pfsrd://Advanced Players Guide/Feats/Extra Revelation", 
    "sections": [
        {
            "source": "Advanced Player's Guide", 
            "type": "section", 
            "name": "Prerequisites", 
            "description": " Revelation class feature."
        }, 
        {
            "body": "<p class=\"stat-block-1\"> You gain one additional revelation. You must meet all of the prerequisites for this revelation.</p>", 
            "source": "Advanced Player's Guide", 
            "type": "section", 
            "name": "Benefits"
        }, 
        {
            "body": "<p class=\"stat-block-1\"> You can gain Extra Revelation multiple times. </p>", 
            "source": "Advanced Player's Guide", 
            "type": "section", 
            "name": "Special"
        }
    ], 
    "source": "Advanced Player's Guide", 
    "feat_types": {
        "feat_type": "General"
    }, 
    "type": "feat", 
    "description": "You have discovered a new aspect of your mystery."
}