{
    "name": "Extra Bombs", 
    "url": "pfsrd://Advanced Players Guide/Feats/Extra Bombs", 
    "sections": [
        {
            "source": "Advanced Player's Guide", 
            "type": "section", 
            "name": "Prerequisites", 
            "description": " Bomb class feature."
        }, 
        {
            "body": "<p class=\"stat-block-1\"> You can throw two additional bombs per day.</p>", 
            "source": "Advanced Player's Guide", 
            "type": "section", 
            "name": "Benefits"
        }, 
        {
            "body": "<p class=\"stat-block-1\"> You can gain Extra Bombs multiple times. Its effects stack.</p>", 
            "source": "Advanced Player's Guide", 
            "type": "section", 
            "name": "Special"
        }
    ], 
    "source": "Advanced Player's Guide", 
    "feat_types": {
        "feat_type": "General"
    }, 
    "type": "feat", 
    "description": "You can throw more bombs per day."
}