{
    "name": "Extra Rage Power", 
    "url": "pfsrd://Advanced Players Guide/Feats/Extra Rage Power", 
    "sections": [
        {
            "source": "Advanced Player's Guide", 
            "type": "section", 
            "name": "Prerequisites", 
            "description": " Rage power class feature."
        }, 
        {
            "body": "<p class=\"stat-block-1\"> You gain one additional rage power. You must meet all of the prerequisites for this rage power.</p>", 
            "source": "Advanced Player's Guide", 
            "type": "section", 
            "name": "Benefits"
        }, 
        {
            "body": "<p class=\"stat-block-1\"> You can gain Extra Rage Power multiple times.</p>", 
            "source": "Advanced Player's Guide", 
            "type": "section", 
            "name": "Special"
        }
    ], 
    "source": "Advanced Player's Guide", 
    "feat_types": {
        "feat_type": "General"
    }, 
    "type": "feat", 
    "description": "You have unlocked a new ability to use while raging."
}