{
    "name": "Fast Drinker", 
    "url": "pfsrd://Advanced Players Guide/Feats/Fast Drinker", 
    "sections": [
        {
            "source": "Advanced Player's Guide", 
            "type": "section", 
            "name": "Prerequisites", 
            "description": " Con 18, drunken ki class feature."
        }, 
        {
            "body": "<p class=\"stat-block-1\"> Drinking strong alcohol to gain temporary <i>ki</i>, takes a swift action rather than a standard action.</p>", 
            "source": "Advanced Player's Guide", 
            "type": "section", 
            "name": "Benefits"
        }
    ], 
    "source": "Advanced Player's Guide", 
    "feat_types": {
        "feat_type": "General"
    }, 
    "type": "feat", 
    "description": "You swiftly guzzle spirits to draw forth ki."
}