{
    "name": "Fast Healer", 
    "url": "pfsrd://Advanced Players Guide/Feats/Fast Healer", 
    "sections": [
        {
            "source": "Advanced Player's Guide", 
            "type": "section", 
            "name": "Prerequisites", 
            "description": " Con 13, Diehard, Endurance."
        }, 
        {
            "body": "<p class=\"stat-block-1\"> When you regain hit points by resting or through magical healing, you recover additional hit points equal to half your Constitution modifier (minimum +1).</p>", 
            "source": "Advanced Player's Guide", 
            "type": "section", 
            "name": "Benefits"
        }
    ], 
    "source": "Advanced Player's Guide", 
    "feat_types": {
        "feat_type": "General"
    }, 
    "type": "feat", 
    "description": "You benefit greatly from your healing, be it from spells or natural healing."
}