{
    "name": "Favored Defense", 
    "url": "pfsrd://Advanced Players Guide/Feats/Favored Defense", 
    "sections": [
        {
            "source": "Advanced Player's Guide", 
            "type": "section", 
            "name": "Prerequisites", 
            "description": " Favored enemy class feature."
        }, 
        {
            "body": "<p class=\"stat-block-1\"> Choose one of your favored enemy types. You add half your favored enemy bonus to your CMD and as a dodge bonus to AC when attacked by a favored enemy.</p>", 
            "source": "Advanced Player's Guide", 
            "type": "section", 
            "name": "Benefits"
        }, 
        {
            "body": "<p class=\"stat-block-1\"> You can gain this feat multiple times. Its effects do not stack. Each time you take this feat, it applies to a new favored enemy type.</p>", 
            "source": "Advanced Player's Guide", 
            "type": "section", 
            "name": "Special"
        }
    ], 
    "source": "Advanced Player's Guide", 
    "feat_types": {
        "feat_type": "General"
    }, 
    "type": "feat", 
    "description": "Your cunning is your shield against your quarry's attacks."
}