{
    "name": "Focused Shot", 
    "url": "pfsrd://Advanced Players Guide/Feats/Focused Shot", 
    "sections": [
        {
            "source": "Advanced Player's Guide", 
            "type": "section", 
            "name": "Prerequisites", 
            "description": " Int 13, Point Blank Shot, Precise Shot."
        }, 
        {
            "body": "<p class=\"stat-block-1\"> As a standard action, you may make an attack with a bow or crossbow and add your Intelligence modifier on the damage roll. You must be within 30 feet of your target to deal this extra damage. Creatures immune to critical hits and sneak attacks are immune to this extra damage.</p>", 
            "source": "Advanced Player's Guide", 
            "type": "section", 
            "name": "Benefits"
        }, 
        {
            "body": "<p class=\"stat-block-1\"> Starting at 2nd level, a ranger with the archery combat style may select Focused Shot as a combat style feat.</p>", 
            "source": "Advanced Player's Guide", 
            "type": "section", 
            "name": "Special"
        }
    ], 
    "source": "Advanced Player's Guide", 
    "feat_types": {
        "feat_type": "Combat"
    }, 
    "type": "feat", 
    "description": "Your anatomical insight adds deadliness to your shots."
}