{
    "name": "Following Step", 
    "url": "pfsrd://Advanced Players Guide/Feats/Following Step", 
    "sections": [
        {
            "source": "Advanced Player's Guide", 
            "type": "section", 
            "name": "Prerequisites", 
            "description": " Dex 13, Step Up. "
        }, 
        {
            "body": "<p class=\"stat-block-1\"> When using the Step Up feat to follow an adjacent foe, you may move up to 10 feet. You may still take a 5-foot step during your next turn, and any movement you make using this feat does not subtract any distance from your movement during your next turn.</p>", 
            "source": "Advanced Player's Guide", 
            "type": "section", 
            "name": "Benefits"
        }, 
        {
            "body": "<p class=\"stat-block-1\"> You can only take a 5-foot step to follow an opponent using Step Up.</p>", 
            "source": "Advanced Player's Guide", 
            "type": "section", 
            "name": "Normal"
        }
    ], 
    "source": "Advanced Player's Guide", 
    "feat_types": {
        "feat_type": "Combat"
    }, 
    "type": "feat", 
    "description": "You can repeatedly close the distance when foes try to move away, without impeding your normal movement."
}