{
    "name": "Furious Focus", 
    "url": "pfsrd://Advanced Players Guide/Feats/Furious Focus", 
    "sections": [
        {
            "source": "Advanced Player's Guide", 
            "type": "section", 
            "name": "Prerequisites", 
            "description": " Str 13, Power Attack, base attack bonus +1."
        }, 
        {
            "body": "<p class=\"stat-block-1\"> When you are wielding a two-handed weapon or a one-handed weapon with two hands, and using the Power Attack feat, you do not suffer Power Attack's penalty on melee attack rolls on the first attack you make each turn. You still suffer the penalty on any additional attacks, including attacks of opportunity.</p>", 
            "source": "Advanced Player's Guide", 
            "type": "section", 
            "name": "Benefits"
        }
    ], 
    "source": "Advanced Player's Guide", 
    "feat_types": {
        "feat_type": "Combat"
    }, 
    "type": "feat", 
    "description": "Even in the midst of fierce and furious blows, you can find focus in the carnage and your seemingly wild blows strike home."
}