{
    "name": "Gang Up", 
    "url": "pfsrd://Advanced Players Guide/Feats/Gang Up", 
    "sections": [
        {
            "source": "Advanced Player's Guide", 
            "type": "section", 
            "name": "Prerequisites", 
            "description": " Int 13, Combat Expertise."
        }, 
        {
            "body": "<p class=\"stat-block-1\"> You are considered to be flanking an opponent if at least two of your allies are threatening that opponent, regardless of your actual positioning. </p>", 
            "source": "Advanced Player's Guide", 
            "type": "section", 
            "name": "Benefits"
        }, 
        {
            "body": "<p class=\"stat-block-1\"> You must be positioned opposite an ally to flank an opponent.</p>", 
            "source": "Advanced Player's Guide", 
            "type": "section", 
            "name": "Normal"
        }
    ], 
    "source": "Advanced Player's Guide", 
    "feat_types": {
        "feat_type": "Combat"
    }, 
    "type": "feat", 
    "description": "You are adept at using greater numbers against foes."
}