{
    "name": "Gnome Trickster", 
    "url": "pfsrd://Advanced Players Guide/Feats/Gnome Trickster", 
    "sections": [
        {
            "source": "Advanced Player's Guide", 
            "type": "section", 
            "name": "Prerequisites", 
            "description": " Cha 13, gnome, gnome magic racial trait."
        }, 
        {
            "body": "<p class=\"stat-block-1\"> In addition to your normal gnome spell-like abilities, you also gain the following spell-like abilities: 1/day&mdash;<i>mage hand</i> and <i>prestidigitation</i>.</p>", 
            "source": "Advanced Player's Guide", 
            "type": "section", 
            "name": "Benefits"
        }
    ], 
    "source": "Advanced Player's Guide", 
    "feat_types": {
        "feat_type": "General"
    }, 
    "type": "feat", 
    "description": "Your arcane talents go beyond the illusory."
}