{
    "name": "Go Unnoticed", 
    "url": "pfsrd://Advanced Players Guide/Feats/Go Unnoticed", 
    "sections": [
        {
            "source": "Advanced Player's Guide", 
            "type": "section", 
            "name": "Prerequisites", 
            "description": " Dex 13, Small size or smaller."
        }, 
        {
            "body": "<p class=\"stat-block-1\"> During the first round of combat, flat-footed opponents are considered not to have noticed you yet for the purposes of Stealth skill checks, allowing you to make a Stealth check that round to hide from them.</p>", 
            "source": "Advanced Player's Guide", 
            "type": "section", 
            "name": "Benefits"
        }
    ], 
    "source": "Advanced Player's Guide", 
    "feat_types": {
        "feat_type": "General"
    }, 
    "type": "feat", 
    "description": "Your small size lets you quickly duck out of sight."
}