{
    "name": "Greater Shield Specialization", 
    "url": "pfsrd://Advanced Players Guide/Feats/Greater Shield Specialization", 
    "sections": [
        {
            "source": "Advanced Player's Guide", 
            "type": "section", 
            "name": "Prerequisites", 
            "description": " Proficiency with selected shield, Greater Shield Focus, Shield Focus, Shield Specialization with selected shield, fighter level 12th."
        }, 
        {
            "body": "<p class=\"stat-block-1\"> Choose one type of shield (buckler, light, heavy, or tower shield) for which you possess the Shield Specialization feat. With the selected shield, you gain a +2 bonus to your Armor Class against critical hit confirmation rolls (this bonus stacks with that from Shield Specialization). In addition, once per day you may negate a critical hit, and damage is instead rolled normally.</p>", 
            "source": "Advanced Player's Guide", 
            "type": "section", 
            "name": "Benefits"
        }, 
        {
            "body": "<p class=\"stat-block-1\"> You can gain this feat multiple times. Its effects do not stack. Each time you take the feat, it applies to a new type of shield. </p>", 
            "source": "Advanced Player's Guide", 
            "type": "section", 
            "name": "Special"
        }
    ], 
    "source": "Advanced Player's Guide", 
    "feat_types": {
        "feat_type": "Combat"
    }, 
    "type": "feat", 
    "description": "Your masterful shieldwork provides even greater protection to your vital areas."
}