{
    "name": "Greater Elemental Focus", 
    "url": "pfsrd://Advanced Players Guide/Feats/Greater Elemental Focus", 
    "sections": [
        {
            "source": "Advanced Player's Guide", 
            "type": "section", 
            "name": "Prerequisites", 
            "description": " Elemental Focus. "
        }, 
        {
            "body": "<p class=\"stat-block-1\"> Add +1 to the Difficulty Class for all saving throws against spells that deal damage of the energy type you select. This bonus stacks with the bonus from Elemental Focus.</p>", 
            "source": "Advanced Player's Guide", 
            "type": "section", 
            "name": "Benefits"
        }, 
        {
            "body": "<p class=\"stat-block-1\"> You can gain this feat multiple times. Its effects do not stack. Each time you take this feat, it applies to a new energy type to which you have already applied the Elemental Focus feat.</p>", 
            "source": "Advanced Player's Guide", 
            "type": "section", 
            "name": "Special"
        }
    ], 
    "source": "Advanced Player's Guide", 
    "feat_types": {
        "feat_type": "General"
    }, 
    "type": "feat", 
    "description": "Choose an energy type to which you have already applied the Elemental Focus feat. Any spells you cast of this energy type are very hard to resist."
}