{
    "name": "Greater Reposition", 
    "url": "pfsrd://Advanced Players Guide/Feats/Greater Reposition", 
    "sections": [
        {
            "source": "Advanced Player's Guide", 
            "type": "section", 
            "name": "Prerequisites", 
            "description": " Int 13, Combat Expertise, Improved Reposition, base attack bonus +6."
        }, 
        {
            "body": "<p class=\"stat-block-1\"> You receive a +2 bonus on checks made to reposition a foe. This bonus stacks with the bonus granted by Improved Reposition. Whenever you reposition a foe, his movement provokes attacks of opportunity from all of your allies (but not you).</p>", 
            "source": "Advanced Player's Guide", 
            "type": "section", 
            "name": "Benefits"
        }, 
        {
            "body": "<p class=\"stat-block-1\"> Creatures moved by reposition do not provoke attacks of opportunity.</p>", 
            "source": "Advanced Player's Guide", 
            "type": "section", 
            "name": "Normal"
        }
    ], 
    "source": "Advanced Player's Guide", 
    "feat_types": {
        "feat_type": "Combat"
    }, 
    "type": "feat", 
    "description": "When you reposition foes, they are left vulnerable to the attacks of your allies."
}