{
    "name": "Greater Blind-Fight", 
    "url": "pfsrd://Advanced Players Guide/Feats/Greater Blind-Fight", 
    "sections": [
        {
            "source": "Advanced Player's Guide", 
            "type": "section", 
            "name": "Prerequisites", 
            "description": " Perception 15 ranks, Improved Blind-Fight."
        }, 
        {
            "body": "<p class=\"stat-block-1\"> Your melee attacks ignore the miss chance for less than total concealment, and you treat opponents with total concealment as if they had normal concealment (20% miss chance instead of 50%). You may still reroll a miss chance percentile roll as normal.</p><p class=\"stat-block-2\">If you successfully pinpoint an invisible or hidden attacker, that attacker gets no advantages related to hitting you with ranged attacks, regardless of the range. That is, you don't lose your Dexterity bonus to Armor Class, and the attacker doesn't get the usual +2 bonus for being invisible.</p>", 
            "source": "Advanced Player's Guide", 
            "type": "section", 
            "name": "Benefits"
        }, 
        {
            "body": "<p class=\"stat-block-1\"> The Greater Blind-Fight feat is of no use against a character who is the subject of a <i>blink</i> spell.</p>", 
            "source": "Advanced Player's Guide", 
            "type": "section", 
            "name": "Special"
        }
    ], 
    "source": "Advanced Player's Guide", 
    "feat_types": {
        "feat_type": "Combat"
    }, 
    "type": "feat", 
    "description": "Your enemies cannot hide from you."
}