{
    "name": "Greater Dirty Trick", 
    "url": "pfsrd://Advanced Players Guide/Feats/Greater Dirty Trick", 
    "sections": [
        {
            "source": "Advanced Player's Guide", 
            "type": "section", 
            "name": "Prerequisites", 
            "description": " Int 13, Combat Expertise, Improved Dirty Trick, base attack bonus +6."
        }, 
        {
            "body": "<p class=\"stat-block-1\"> You receive a +2 bonus on checks made to attempt a dirty trick. This bonus stacks with the bonus granted by Improved Dirty Trick. Whenever you successfully perform a dirty trick, the penalty lasts for 1d4 rounds, plus 1 round for every 5 by which your attack exceeds the target's CMD. In addition, removing the condition requires the target to spend a standard action.</p>", 
            "source": "Advanced Player's Guide", 
            "type": "section", 
            "name": "Benefits"
        }, 
        {
            "body": "<p class=\"stat-block-1\"> The condition imposed by a dirty trick lasts for 1 round plus 1 round for every 5 by which your attack exceeds the target's CMD. Removing the condition requires the target to spend a move action.</p>", 
            "source": "Advanced Player's Guide", 
            "type": "section", 
            "name": "Normal"
        }
    ], 
    "source": "Advanced Player's Guide", 
    "feat_types": {
        "feat_type": "Combat"
    }, 
    "type": "feat", 
    "description": "When you pull a dirty trick, your foe is truly hindered."
}