{
    "name": "Greater Drag", 
    "url": "pfsrd://Advanced Players Guide/Feats/Greater Drag", 
    "sections": [
        {
            "source": "Advanced Player's Guide", 
            "type": "section", 
            "name": "Prerequisites", 
            "description": " Str 13, Improved Drag, Power Attack, base attack bonus +6."
        }, 
        {
            "body": "<p class=\"stat-block-1\"> You receive a +2 bonus on checks made to drag a foe. This bonus stacks with the bonus granted by Improved Drag. Whenever you drag a foe, his movement provokes attacks of opportunity from all of your allies (but not you).</p>", 
            "source": "Advanced Player's Guide", 
            "type": "section", 
            "name": "Benefits"
        }, 
        {
            "body": "<p class=\"stat-block-1\"> Creatures moved by drag do not provoke attacks of opportunity.</p>", 
            "source": "Advanced Player's Guide", 
            "type": "section", 
            "name": "Normal"
        }
    ], 
    "source": "Advanced Player's Guide", 
    "feat_types": {
        "feat_type": "Combat"
    }, 
    "type": "feat", 
    "description": "Foes that you drag are thrown out of balance."
}