{
    "name": "Greater Steal", 
    "url": "pfsrd://Advanced Players Guide/Feats/Greater Steal", 
    "sections": [
        {
            "source": "Advanced Player's Guide", 
            "type": "section", 
            "name": "Prerequisites", 
            "description": " Int 13, Combat Expertise, Improved Steal, base attack bonus +6."
        }, 
        {
            "body": "<p class=\"stat-block-1\"> You receive a +2 bonus on checks made to steal an item from a foe. This bonus stacks with the bonus granted by Improved Steal. If you successfully steal an item from a foe during combat, it does not notice the theft until after combat is over or if it attempts to use the missing item.</p>", 
            "source": "Advanced Player's Guide", 
            "type": "section", 
            "name": "Benefits"
        }, 
        {
            "body": "<p class=\"stat-block-1\"> Creatures automatically notice items taken from them through the steal combat maneuver.</p>", 
            "source": "Advanced Player's Guide", 
            "type": "section", 
            "name": "Normal"
        }
    ], 
    "source": "Advanced Player's Guide", 
    "feat_types": {
        "feat_type": "Combat"
    }, 
    "type": "feat", 
    "description": "You have a knack for snatching items from your opponents in combat."
}