{
    "name": "Groundling", 
    "url": "pfsrd://Advanced Players Guide/Feats/Groundling", 
    "sections": [
        {
            "source": "Advanced Player's Guide", 
            "type": "section", 
            "name": "Prerequisites", 
            "description": " Cha 13, gnome, gnome magic racial trait. "
        }, 
        {
            "body": "<p class=\"stat-block-1\"> You can use <i>speak with animals</i> as a spell-like ability at will, but only to communicate with burrowing animals like gophers, moles, and the like. You can still use your gnome <i>speak with animals</i> ability once per day to speak with any animal, as usual.</p>", 
            "source": "Advanced Player's Guide", 
            "type": "section", 
            "name": "Benefits"
        }
    ], 
    "source": "Advanced Player's Guide", 
    "feat_types": {
        "feat_type": "General"
    }, 
    "type": "feat", 
    "description": "You can speak with burrowing animals."
}