{
    "name": "Heroic Defiance", 
    "url": "pfsrd://Advanced Players Guide/Feats/Heroic Defiance", 
    "sections": [
        {
            "source": "Advanced Player's Guide", 
            "type": "section", 
            "name": "Prerequisites", 
            "description": " Diehard, Endurance, base Fortitude save +8."
        }, 
        {
            "body": "<p class=\"stat-block-1\"> Once per day as an immediate action you can delay the onset of one harmful condition or affliction (such as panicked, paralyzed, stunned, and so on), including permanent and instantaneous conditions. Activating this feat delays the onset of the condition until the end of your next turn, after which time the condition takes its normal effect. This feat has no effect on hit point damage or ability damage.</p>", 
            "source": "Advanced Player's Guide", 
            "type": "section", 
            "name": "Benefits"
        }
    ], 
    "source": "Advanced Player's Guide", 
    "feat_types": {
        "feat_type": "General"
    }, 
    "type": "feat", 
    "description": "You struggle on when others would fall."
}