{
    "body": "<p>Even at the start of your career, it was clear that you had a chance at greatness, and your legend continues to grow with every adventure.</p>", 
    "name": "Hero's Fortune", 
    "url": "pfsrd://Advanced Players Guide/Rules/New Rules/Hero Points/Hero Point Feats/Heros Fortune", 
    "type": "feat", 
    "source": "Advanced Player's Guide", 
    "feat_types": {
        "feat_type": "Optional"
    }, 
    "sections": [
        {
            "body": "<p>You gain a hero point. The maximum number of hero points you can have at any one time is increased to 5.</p>", 
            "url": "pfsrd://Advanced Players Guide/Rules/New Rules/Hero Points/Hero Point Feats/Heros Fortune/Benefit", 
            "type": "section", 
            "name": "Benefit", 
            "source": "Advanced Player's Guide"
        }, 
        {
            "body": "<p id=\"normal\">You can have no more than 3 hero points at one time.</p>", 
            "source": "Advanced Player's Guide", 
            "type": "section", 
            "name": "Normal"
        }, 
        {
            "body": "<p>NPCs who take this feat receive 1 hero point and can have up to 3 (not 5).</p>", 
            "source": "Advanced Player's Guide", 
            "type": "section", 
            "name": "Special"
        }
    ]
}