{
    "name": "Improved Ki Throw", 
    "url": "pfsrd://Advanced Players Guide/Feats/Improved Ki Throw", 
    "sections": [
        {
            "source": "Advanced Player's Guide", 
            "type": "section", 
            "name": "Prerequisites", 
            "description": " Improved Bull Rush, Ki Throw."
        }, 
        {
            "body": "<p class=\"stat-block-1\"> When using the <i>Ki</i> Throw feat, you may throw your target into any square you threaten that is occupied by another creature. Make a bull rush combat maneuver check with a &ndash;4 penalty against the secondary target. If this check succeeds, the thrown creature lands prone in the secondary target's square, while the secondary target is pushed back and knocked prone in an adjacent square. If the check fails, the thrown creature lands prone in the nearest square you threaten adjacent to the secondary target. </p><p class=\"stat-block-2\">If you throw a Large or larger creature into an area containing multiple secondary targets, you take an additional penalty of &ndash;4 on your combat maneuver check for each target after the first.</p>", 
            "source": "Advanced Player's Guide", 
            "type": "section", 
            "name": "Benefits"
        }, 
        {
            "body": "<p class=\"stat-block-1\"> A monk may take this as a bonus feat at 14th level.</p>", 
            "source": "Advanced Player's Guide", 
            "type": "section", 
            "name": "Special"
        }
    ], 
    "source": "Advanced Player's Guide", 
    "feat_types": {
        "feat_type": "Combat"
    }, 
    "type": "feat", 
    "description": "Your enemies are living weapons in your hands."
}