{
    "name": "Improved Stonecunning", 
    "url": "pfsrd://Advanced Players Guide/Feats/Improved Stonecunning", 
    "sections": [
        {
            "source": "Advanced Player's Guide", 
            "type": "section", 
            "name": "Prerequisites", 
            "description": " Wis 13, dwarf, stonecunning racial trait."
        }, 
        {
            "body": "<p class=\"stat-block-1\"> You receive a +4 bonus on Perception checks to notice unusual stonework. This bonus replaces the stonecunning ability's normal bonus on Perception checks.</p>", 
            "source": "Advanced Player's Guide", 
            "type": "section", 
            "name": "Benefits"
        }
    ], 
    "source": "Advanced Player's Guide", 
    "feat_types": {
        "feat_type": "General"
    }, 
    "type": "feat", 
    "description": "Your sense for stonework is uncanny."
}