{
    "name": "Improved Dirty Trick", 
    "url": "pfsrd://Advanced Players Guide/Feats/Improved Dirty Trick", 
    "sections": [
        {
            "source": "Advanced Player's Guide", 
            "type": "section", 
            "name": "Prerequisites", 
            "description": " Int 13, Combat Expertise."
        }, 
        {
            "body": "<p class=\"stat-block-1\"> You do not provoke an attack of opportunity when performing a dirty trick combat maneuver. In addition, you receive a +2 bonus on checks made to attempt a dirty trick. You also receive a +2 bonus to your Combat Maneuver Defense when an opponent tries a dirty trick on you.</p>", 
            "source": "Advanced Player's Guide", 
            "type": "section", 
            "name": "Benefits"
        }, 
        {
            "body": "<p class=\"stat-block-1\"> You provoke an attack of opportunity when performing a dirty trick combat maneuver.</p>", 
            "source": "Advanced Player's Guide", 
            "type": "section", 
            "name": "Normal"
        }
    ], 
    "source": "Advanced Player's Guide", 
    "feat_types": {
        "feat_type": "Combat"
    }, 
    "type": "feat", 
    "description": "You are skilled at pulling dirty tricks on your foes."
}