{
    "name": "Improved Sidestep", 
    "url": "pfsrd://Advanced Players Guide/Feats/Improved Sidestep", 
    "sections": [
        {
            "source": "Advanced Player's Guide", 
            "type": "section", 
            "name": "Prerequisites", 
            "description": " Dex 15, Dodge, Mobility, Sidestep."
        }, 
        {
            "body": "<p class=\"stat-block-1\"> After sidestepping an opponent's missed attack using the Sidestep feat, you may still take a 5-foot step during your next turn, or you may move up to your full speed if you take an action to move during your next turn.</p>", 
            "source": "Advanced Player's Guide", 
            "type": "section", 
            "name": "Benefits"
        }, 
        {
            "body": "<p class=\"stat-block-1\"> If you use the Sidestep feat, you cannot take a 5-foot step during your next turn.</p>", 
            "source": "Advanced Player's Guide", 
            "type": "section", 
            "name": "Normal"
        }
    ], 
    "source": "Advanced Player's Guide", 
    "feat_types": {
        "feat_type": "Combat"
    }, 
    "type": "feat", 
    "description": "You are adept at sidestepping your opponent's melee attacks without compromising your mobility."
}