{
    "name": "Improved Drag", 
    "url": "pfsrd://Advanced Players Guide/Feats/Improved Drag", 
    "sections": [
        {
            "source": "Advanced Player's Guide", 
            "type": "section", 
            "name": "Prerequisites", 
            "description": " Str 13, Power Attack, base attack bonus +1."
        }, 
        {
            "body": "<p class=\"stat-block-1\"> You do not provoke an attack of opportunity when performing a drag combat maneuver. In addition, you receive a +2 bonus on checks made to drag a foe. You also receive a +2 bonus to your Combat Maneuver Defense when an opponent tries to drag you.</p>", 
            "source": "Advanced Player's Guide", 
            "type": "section", 
            "name": "Benefits"
        }, 
        {
            "body": "<p class=\"stat-block-1\"> You provoke an attack of opportunity when performing a drag combat maneuver.</p>", 
            "source": "Advanced Player's Guide", 
            "type": "section", 
            "name": "Normal"
        }
    ], 
    "source": "Advanced Player's Guide", 
    "feat_types": {
        "feat_type": "Combat"
    }, 
    "type": "feat", 
    "description": "You are skilled at dragging foes around the battlefield."
}