{
    "name": "Improved Reposition", 
    "url": "pfsrd://Advanced Players Guide/Feats/Improved Reposition", 
    "sections": [
        {
            "source": "Advanced Player's Guide", 
            "type": "section", 
            "name": "Prerequisites", 
            "description": " Int 13, Combat Expertise."
        }, 
        {
            "body": "<p class=\"stat-block-1\"> You do not provoke an attack of opportunity when performing a reposition combat maneuver. In addition, you receive a +2 bonus on checks made to reposition a foe. You also receive a +2 bonus to your Combat Maneuver Defense when an opponent tries to reposition you.</p>", 
            "source": "Advanced Player's Guide", 
            "type": "section", 
            "name": "Benefits"
        }, 
        {
            "body": "<p class=\"stat-block-1\"> You provoke an attack of opportunity when performing a reposition combat maneuver.</p>", 
            "source": "Advanced Player's Guide", 
            "type": "section", 
            "name": "Normal"
        }
    ], 
    "source": "Advanced Player's Guide", 
    "feat_types": {
        "feat_type": "Combat"
    }, 
    "type": "feat", 
    "description": "You have learned how to force your enemies to move around the battlefield."
}