{
    "name": "Improved Blind-Fight", 
    "url": "pfsrd://Advanced Players Guide/Feats/Improved Blind-Fight", 
    "sections": [
        {
            "source": "Advanced Player's Guide", 
            "type": "section", 
            "name": "Prerequisites", 
            "description": " Perception 10 ranks, Blind-Fight."
        }, 
        {
            "body": "<p class=\"stat-block-1\"> Your melee attacks ignore the miss chance for less than total concealment. You may still reroll your miss chance percentile roll for total concealment. </p><p class=\"stat-block-2\">If you successfully pinpoint an invisible or hidden attacker within 30 feet, that attacker gets no advantages related to hitting you with ranged attacks. That is, you don't lose your Dexterity bonus to Armor Class, and the attacker doesn't get the usual +2 bonus for being invisible.</p>", 
            "source": "Advanced Player's Guide", 
            "type": "section", 
            "name": "Benefits"
        }, 
        {
            "body": "<p class=\"stat-block-1\"> The Improved Blind-Fight feat is of no use against a character who is the subject of a <i>blink</i> spell.</p>", 
            "source": "Advanced Player's Guide", 
            "type": "section", 
            "name": "Special"
        }
    ], 
    "source": "Advanced Player's Guide", 
    "feat_types": {
        "feat_type": "Combat"
    }, 
    "type": "feat", 
    "description": "Your keen senses guide your hand against hidden foes."
}