{
    "name": "Improved Second Chance", 
    "url": "pfsrd://Advanced Players Guide/Feats/Improved Second Chance", 
    "sections": [
        {
            "source": "Advanced Player's Guide", 
            "type": "section", 
            "name": "Prerequisites", 
            "description": " Int 13, Combat Expertise, Second Chance, base attack bonus +11."
        }, 
        {
            "body": "<p class=\"stat-block-1\"> When you reroll a missed attack using the Second Chance feat, you can still make the rest of your attacks that turn, albeit at a &ndash;5 penalty to each attack.</p>", 
            "source": "Advanced Player's Guide", 
            "type": "section", 
            "name": "Benefits"
        }, 
        {
            "body": "<p class=\"stat-block-1\"> When using the Second Chance feat, you must normally forgo the rest of your attacks that turn.</p>", 
            "source": "Advanced Player's Guide", 
            "type": "section", 
            "name": "Normal"
        }
    ], 
    "source": "Advanced Player's Guide", 
    "feat_types": {
        "feat_type": "Combat"
    }, 
    "type": "feat", 
    "description": "You can turn a missed strike into a second chance without sacrificing later attacks."
}