{
    "name": "In Harm's Way", 
    "url": "pfsrd://Advanced Players Guide/Feats/In Harms Way", 
    "sections": [
        {
            "source": "Advanced Player's Guide", 
            "type": "section", 
            "name": "Prerequisites", 
            "description": " Bodyguard."
        }, 
        {
            "body": "<p class=\"stat-block-1\"> While using the aid another action to improve an adjacent ally's AC, you can intercept a successful attack against that ally as an immediate action, taking full damage from that attack and any associated effects (bleed, poison, etc.). A creature cannot benefit from this feat more than once per attack.</p>", 
            "source": "Advanced Player's Guide", 
            "type": "section", 
            "name": "Benefits"
        }
    ], 
    "source": "Advanced Player's Guide", 
    "feat_types": {
        "feat_type": "Combat"
    }, 
    "type": "feat", 
    "description": "You put yourself in danger's path to save your allies."
}