{
    "name": "Ironguts", 
    "url": "pfsrd://Advanced Players Guide/Feats/Ironguts", 
    "sections": [
        {
            "source": "Advanced Player's Guide", 
            "type": "section", 
            "name": "Prerequisites", 
            "description": " Con 13; dwarf, half-orc, or orc."
        }, 
        {
            "body": "<p class=\"stat-block-1\"> You gain a +2 racial bonus on saving throws against any effect causing the nauseated or sickened conditions and against all ingested poisons (but not other poisons). In addition, you receive a +2 bonus on Survival skill checks to find food for yourself (and only yourself).</p>", 
            "source": "Advanced Player's Guide", 
            "type": "section", 
            "name": "Benefits"
        }
    ], 
    "source": "Advanced Player's Guide", 
    "feat_types": {
        "feat_type": "General"
    }, 
    "type": "feat", 
    "description": "You have an especially strong stomach."
}