{
    "name": "Ironhide", 
    "url": "pfsrd://Advanced Players Guide/Feats/Ironhide", 
    "sections": [
        {
            "source": "Advanced Player's Guide", 
            "type": "section", 
            "name": "Prerequisites", 
            "description": " Con 13; dwarf, half-orc, or orc."
        }, 
        {
            "body": "<p class=\"stat-block-1\"> You gain a +1 natural armor bonus due to your unusually tough hide.</p>", 
            "source": "Advanced Player's Guide", 
            "type": "section", 
            "name": "Benefits"
        }
    ], 
    "source": "Advanced Player's Guide", 
    "feat_types": {
        "feat_type": "General"
    }, 
    "type": "feat", 
    "description": "Your skin is thicker and more resilient than that of most of your people."
}