{
    "name": "Ki Throw", 
    "url": "pfsrd://Advanced Players Guide/Feats/Ki Throw", 
    "sections": [
        {
            "source": "Advanced Player's Guide", 
            "type": "section", 
            "name": "Prerequisites", 
            "description": " Improved Trip, Improved Unarmed Strike."
        }, 
        {
            "body": "<p class=\"stat-block-1\"> On a successful unarmed trip attack against a target your size or smaller, you may throw the target prone in any square you threaten rather than its own square. This movement does not provoke attacks of opportunity, and you cannot throw the creature into a space occupied by other creatures.</p>", 
            "source": "Advanced Player's Guide", 
            "type": "section", 
            "name": "Benefits"
        }, 
        {
            "body": "<p class=\"stat-block-1\"> A monk may gain <i>Ki</i> Throw as a bonus feat at 10th level. A monk with this feat can affect creatures larger than his own size by spending 1 <i>ki</i> point per size category difference.</p>", 
            "source": "Advanced Player's Guide", 
            "type": "section", 
            "name": "Special"
        }
    ], 
    "source": "Advanced Player's Guide", 
    "feat_types": {
        "feat_type": "Combat"
    }, 
    "type": "feat", 
    "description": "Your physical control and mastery of momentum allows you to throw enemies."
}