{
    "name": "Leaf Singer", 
    "url": "pfsrd://Advanced Players Guide/Feats/Leaf Singer", 
    "sections": [
        {
            "source": "Advanced Player's Guide", 
            "type": "section", 
            "name": "Prerequisites", 
            "description": " Cha 13, bardic performance class feature, elf or half-elf."
        }, 
        {
            "body": "<p class=\"stat-block-1\"> When you use bardic performance with audible components in a forest, the range or area of your chosen performance is doubled. In addition, the DC for saving throws against your bardic performance is increased by +2 for creatures of the fey type, regardless of where the performance occurs.</p>", 
            "source": "Advanced Player's Guide", 
            "type": "section", 
            "name": "Benefits"
        }
    ], 
    "source": "Advanced Player's Guide", 
    "feat_types": {
        "feat_type": "General"
    }, 
    "type": "feat", 
    "description": "Your songs recount the ways and mysteries of your people."
}