{
    "name": "Lingering Performance", 
    "url": "pfsrd://Advanced Players Guide/Feats/Lingering Performance", 
    "sections": [
        {
            "source": "Advanced Player's Guide", 
            "type": "section", 
            "name": "Prerequisites", 
            "description": " Bardic performance class feature."
        }, 
        {
            "body": "<p class=\"stat-block-1\"> The bonuses and penalties from your bardic performance continue for 2 rounds after you cease performing. Any other requirement, such as range or specific conditions, must still be met for the effect to continue. If you begin a new bardic performance during this time, the effects of the previous performance immediately cease.</p>", 
            "source": "Advanced Player's Guide", 
            "type": "section", 
            "name": "Benefits"
        }
    ], 
    "source": "Advanced Player's Guide", 
    "feat_types": {
        "feat_type": "General"
    }, 
    "type": "feat", 
    "description": "The effects of your bardic performance carry on, even after you have stopped performing."
}