{
    "name": "Low Profile", 
    "url": "pfsrd://Advanced Players Guide/Feats/Low Profile", 
    "sections": [
        {
            "source": "Advanced Player's Guide", 
            "type": "section", 
            "name": "Prerequisites", 
            "description": " Dex 13, Small size or smaller."
        }, 
        {
            "body": "<p class=\"stat-block-1\"> You gain a +1 dodge bonus to AC against ranged attacks. In addition, you do not provide soft cover to creatures when ranged attacks pass through your square. </p>", 
            "source": "Advanced Player's Guide", 
            "type": "section", 
            "name": "Benefits"
        }
    ], 
    "source": "Advanced Player's Guide", 
    "feat_types": {
        "feat_type": "Combat"
    }, 
    "type": "feat", 
    "description": "Yours small stature helps you avoid ranged attacks."
}