{
    "name": "Lucky Halfling", 
    "url": "pfsrd://Advanced Players Guide/Feats/Lucky Halfling", 
    "sections": [
        {
            "source": "Advanced Player's Guide", 
            "type": "section", 
            "name": "Prerequisites", 
            "description": " Halfling."
        }, 
        {
            "body": "<p class=\"stat-block-1\"> Once per day, when one of your allies within 30 feet makes a saving throw, you may roll the same saving throw as if you were the one subject to the effect requiring it. You may use this ability after your ally has rolled, but before the GM declares if the roll was a success or failure. Your ally may choose to use your saving throw in place of his own.</p>", 
            "source": "Advanced Player's Guide", 
            "type": "section", 
            "name": "Benefits"
        }
    ], 
    "source": "Advanced Player's Guide", 
    "feat_types": {
        "feat_type": "General"
    }, 
    "type": "feat", 
    "description": "You bring luck to those with whom you travel."
}