{
    "body": "<p>To others, it seems that you always have a bit of luck around you.</p>", 
    "name": "Luck of Heroes", 
    "url": "pfsrd://Advanced Players Guide/Rules/New Rules/Hero Points/Hero Point Feats/Luck of Heroes", 
    "type": "feat", 
    "source": "Advanced Player's Guide", 
    "feat_types": {
        "feat_type": "Optional"
    }, 
    "sections": [
        {
            "body": "<p>Hero's Fortune.</p>", 
            "url": "pfsrd://Advanced Players Guide/Rules/New Rules/Hero Points/Hero Point Feats/Luck of Heroes/Prerequisite", 
            "type": "section", 
            "name": "Prerequisite", 
            "source": "Advanced Player's Guide"
        }, 
        {
            "body": "<p>Whenever you spend a hero point to reroll a die roll or to grant yourself a bonus before a die roll is made, there is a chance that the hero point is not spent. Whenever you spend a hero point, roll a d20. If the result is greater than 15, the hero point is not spent. You cannot use this feat when you cheat death.</p>", 
            "url": "pfsrd://Advanced Players Guide/Rules/New Rules/Hero Points/Hero Point Feats/Luck of Heroes/Benefit", 
            "type": "section", 
            "name": "Benefit", 
            "source": "Advanced Player's Guide"
        }
    ]
}