{
    "name": "Master Alchemist", 
    "url": "pfsrd://Advanced Players Guide/Feats/Master Alchemist", 
    "sections": [
        {
            "source": "Advanced Player's Guide", 
            "type": "section", 
            "name": "Prerequisites", 
            "description": " Craft (alchemy) 5 ranks."
        }, 
        {
            "body": "<p class=\"stat-block-1\"> You receive a +2 bonus on Craft (alchemy) checks, and you may create mundane alchemical items much more quickly than normal. When making poisons, you can create a number of doses equal to your Intelligence modifier (minimum 1) at one time. These additional doses do not increase the time required, but they do increase the raw material cost.</p><p class=\"stat-block-2\">In addition, whenever you make alchemical items or poisons using Craft (alchemy), use the item's gp value as its sp value when determining your progress (do not multiply the item's gp cost by 10 to determine its sp cost).</p>", 
            "source": "Advanced Player's Guide", 
            "type": "section", 
            "name": "Benefits"
        }
    ], 
    "source": "Advanced Player's Guide", 
    "feat_types": {
        "feat_type": "General"
    }, 
    "type": "feat", 
    "description": "Your mastery of alchemy is nearly supernatural."
}