{
    "name": "Merciful Spell", 
    "url": "pfsrd://Advanced Players Guide/Feats/Merciful Spell", 
    "sections": [
        {
            "body": "<p class=\"stat-block-1\"> You can alter spells that inflict damage to inflict nonlethal damage instead. Spells that inflict damage of a particular type (such as fire) inflict nonlethal damage of that same type. A merciful spell does not use up a higher-level spell slot than the spell's actual level.</p>", 
            "source": "Advanced Player's Guide", 
            "type": "section", 
            "name": "Benefits"
        }
    ], 
    "source": "Advanced Player's Guide", 
    "feat_types": {
        "feat_type": "Metamagic"
    }, 
    "type": "feat", 
    "description": "Your damaging spells subdue rather than kill."
}