{
    "name": "Minor Spell Expertise", 
    "url": "pfsrd://Advanced Players Guide/Feats/Minor Spell Expertise", 
    "sections": [
        {
            "source": "Advanced Player's Guide", 
            "type": "section", 
            "name": "Prerequisites", 
            "description": " Ability to cast 4th-level spells."
        }, 
        {
            "body": "<p class=\"stat-block-1\"> Choose one 1st-level spell that you know. You may cast that spell twice per day as a spell-like ability. The caster level for this spell-like ability is equal to your caster level in the class from whose spell list the spell is taken. The spell-like ability's save DC is Charisma-based. If the spell has an expensive focus or material component, it may not be chosen for this feat. You cannot apply metamagic feats to this spell.</p>", 
            "source": "Advanced Player's Guide", 
            "type": "section", 
            "name": "Benefits"
        }, 
        {
            "body": "<p class=\"stat-block-1\"> You can gain this feat multiple times. Its effects do not stack. Each time you take the feat, it applies to a new spell.</p>", 
            "source": "Advanced Player's Guide", 
            "type": "section", 
            "name": "Special"
        }
    ], 
    "source": "Advanced Player's Guide", 
    "feat_types": {
        "feat_type": "General"
    }, 
    "type": "feat", 
    "description": "You are able to cast a 1st-level spell as a spell-like ability."
}