{
    "name": "Mounted Shield", 
    "url": "pfsrd://Advanced Players Guide/Feats/Mounted Shield", 
    "sections": [
        {
            "source": "Advanced Player's Guide", 
            "type": "section", 
            "name": "Prerequisites", 
            "description": " Mounted Combat, Shield Focus."
        }, 
        {
            "body": "<p class=\"stat-block-1\"> You may add your base shield bonus (including the bonus from Shield Focus but not including enhancement bonuses) to your mount's AC. In addition, you may add this bonus when making a Ride check to negate a hit against your mount using the Mounted Combat feat.</p>", 
            "source": "Advanced Player's Guide", 
            "type": "section", 
            "name": "Benefits"
        }
    ], 
    "source": "Advanced Player's Guide", 
    "feat_types": {
        "feat_type": "Combat"
    }, 
    "type": "feat", 
    "description": "Your defensive tactics defend both you and your mount."
}