{
    "name": "Mounted Skirmisher", 
    "url": "pfsrd://Advanced Players Guide/Feats/Mounted Skirmisher", 
    "sections": [
        {
            "source": "Advanced Player's Guide", 
            "type": "section", 
            "name": "Prerequisites", 
            "description": " Ride rank 14, Mounted Combat, Trick Riding."
        }, 
        {
            "body": "<p class=\"stat-block-1\"> If your mount moves its speed or less, you can still take a full-attack action.</p>", 
            "source": "Advanced Player's Guide", 
            "type": "section", 
            "name": "Benefits"
        }, 
        {
            "body": "<p class=\"stat-block-1\"> If your mount moves more than 5 feet, you can only take an attack action.</p>", 
            "source": "Advanced Player's Guide", 
            "type": "section", 
            "name": "Normal"
        }
    ], 
    "source": "Advanced Player's Guide", 
    "feat_types": {
        "feat_type": "Combat"
    }, 
    "type": "feat", 
    "description": "You are adept at attacking from upon a swift moving steed."
}