{
    "name": "Outflank", 
    "url": "pfsrd://Advanced Players Guide/Feats/Outflank", 
    "sections": [
        {
            "source": "Advanced Player's Guide", 
            "type": "section", 
            "name": "Prerequisites", 
            "description": " Base attack bonus +4."
        }, 
        {
            "body": "<p class=\"stat-block-1\"> Whenever you and an ally who also has this feat are flanking the same creature, your flanking bonus on attack rolls increases to +4. In addition, whenever you score a critical hit against the flanked creature, it provokes an attack of opportunity from your ally.</p>", 
            "source": "Advanced Player's Guide", 
            "type": "section", 
            "name": "Benefits"
        }
    ], 
    "source": "Advanced Player's Guide", 
    "feat_types": {
        "feat_type": "Teamwork"
    }, 
    "type": "feat", 
    "description": "You look for every edge when flanking an enemy."
}