{
    "name": "Parry Spell", 
    "url": "pfsrd://Advanced Players Guide/Feats/Parry Spell", 
    "sections": [
        {
            "source": "Advanced Player's Guide", 
            "type": "section", 
            "name": "Prerequisites", 
            "description": " Spellcraft 15 ranks, Improved Counterspell ."
        }, 
        {
            "body": "<p class=\"stat-block-1\"> Whenever you successfully counter a spell, it returns back to its caster. This works exactly like the <i>spell turning</i> spell.</p>", 
            "source": "Advanced Player's Guide", 
            "type": "section", 
            "name": "Benefits"
        }
    ], 
    "source": "Advanced Player's Guide", 
    "feat_types": {
        "feat_type": "General"
    }, 
    "type": "feat", 
    "description": "You can throw an enemy spell back at its caster."
}