{
    "name": "Pass For Human", 
    "url": "pfsrd://Advanced Players Guide/Feats/Pass For Human", 
    "sections": [
        {
            "source": "Advanced Player's Guide", 
            "type": "section", 
            "name": "Prerequisites", 
            "description": " Half-elf, half-orc, or halfling (see Special)."
        }, 
        {
            "body": "<p class=\"stat-block-1\"> You receive a +10 bonus on Disguise checks to disguise yourself as a human, and do not receive the penalty for disguising yourself as a member of another race when you do so. In areas largely populated or settled by humans, you can take 10 on your Disguise check, meaning most people tend to assume you are human unless given a reason to think otherwise.</p>", 
            "source": "Advanced Player's Guide", 
            "type": "section", 
            "name": "Benefits"
        }, 
        {
            "body": "<p class=\"stat-block-1\"> A halfling may take this feat, but must have the Childlike feat as a prerequisite. The benefits of the two feats stack.</p>", 
            "source": "Advanced Player's Guide", 
            "type": "section", 
            "name": "Special"
        }
    ], 
    "source": "Advanced Player's Guide", 
    "feat_types": {
        "feat_type": "General"
    }, 
    "type": "feat", 
    "description": "You're easily mistaken for a human rather than a member of your own race."
}