{
    "name": "Point Blank Master", 
    "url": "pfsrd://Advanced Players Guide/Feats/Point Blank Master", 
    "sections": [
        {
            "source": "Advanced Player's Guide", 
            "type": "section", 
            "name": "Prerequisites", 
            "description": " Weapon Specialization with selected ranged weapon."
        }, 
        {
            "body": "<p class=\"stat-block-1\"> Choose one type of ranged weapon. You do not provoke attacks of opportunity when firing the selected weapon while threatened.</p>", 
            "source": "Advanced Player's Guide", 
            "type": "section", 
            "name": "Benefits"
        }, 
        {
            "body": "<p class=\"stat-block-1\"> Using a ranged weapon while you are threatened provokes attacks of opportunity.</p>", 
            "source": "Advanced Player's Guide", 
            "type": "section", 
            "name": "Normal"
        }, 
        {
            "body": "<p class=\"stat-block-1\"> Starting at 6th level, a ranger with the archery combat style may select Point Blank Master as a combat style feat, but he must have Weapon Focus instead of Weapon Specialization in the selected weapon.</p>", 
            "source": "Advanced Player's Guide", 
            "type": "section", 
            "name": "Special"
        }
    ], 
    "source": "Advanced Player's Guide", 
    "feat_types": {
        "feat_type": "Combat"
    }, 
    "type": "feat", 
    "description": "You are adept at firing ranged weapons in close quarters. "
}