{
    "name": "Practiced Tactician", 
    "url": "pfsrd://Advanced Players Guide/Feats/Practiced Tactician", 
    "sections": [
        {
            "source": "Advanced Player's Guide", 
            "type": "section", 
            "name": "Prerequisites", 
            "description": " Tactician class feature."
        }, 
        {
            "body": "<p class=\"stat-block-1\"> You can use your tactician ability to grant allies a teamwork feat one additional time per day. </p>", 
            "source": "Advanced Player's Guide", 
            "type": "section", 
            "name": "Benefits"
        }, 
        {
            "body": "<p class=\"stat-block-1\"> You can gain Practiced Tactician multiple times. Its effects stack.</p>", 
            "source": "Advanced Player's Guide", 
            "type": "section", 
            "name": "Special"
        }
    ], 
    "source": "Advanced Player's Guide", 
    "feat_types": {
        "feat_type": "General"
    }, 
    "type": "feat", 
    "description": "With only a few quick gestures and commands, you can direct others in combat."
}