{
    "name": "Precise Strike", 
    "url": "pfsrd://Advanced Players Guide/Feats/Precise Strike", 
    "sections": [
        {
            "source": "Advanced Player's Guide", 
            "type": "section", 
            "name": "Prerequisites", 
            "description": " Dex 13, base attack bonus +1."
        }, 
        {
            "body": "<p class=\"stat-block-1\"> Whenever you and an ally who also has this feat are flanking the same the creature, you deal an additional 1d6 points of precision damage with each successful melee attack. This bonus damage stacks with other sources of precision damage, such as sneak attack. This bonus damage is not multiplied on a critical hit.</p>", 
            "source": "Advanced Player's Guide", 
            "type": "section", 
            "name": "Benefits"
        }
    ], 
    "source": "Advanced Player's Guide", 
    "feat_types": {
        "feat_type": "Teamwork"
    }, 
    "type": "feat", 
    "description": "You are skilled at striking where it counts, as long as an ally distracts your foe."
}