{
    "name": "Preferred Spell", 
    "url": "pfsrd://Advanced Players Guide/Feats/Preferred Spell", 
    "sections": [
        {
            "source": "Advanced Player's Guide", 
            "type": "section", 
            "name": "Prerequisites", 
            "description": " Spellcraft 5 ranks, Heighten Spell."
        }, 
        {
            "body": "<p class=\"stat-block-1\"> Choose one spell which you have the ability to cast. You can cast that spell spontaneously by sacrificing a prepared spell or spell slot of equal or higher level. You can apply any metamagic feats you possess to this spell when you cast it. This increases the minimum level of the prepared spell or spell slot you must sacrifice in order to cast it but does not affect the casting time.</p>", 
            "source": "Advanced Player's Guide", 
            "type": "section", 
            "name": "Benefits"
        }, 
        {
            "body": "<p class=\"stat-block-1\"> You can gain this feat multiple times. Its effects do not stack. Each time you take the feat, it applies to a different spell.</p>", 
            "source": "Advanced Player's Guide", 
            "type": "section", 
            "name": "Special"
        }
    ], 
    "source": "Advanced Player's Guide", 
    "feat_types": {
        "feat_type": "General"
    }, 
    "type": "feat", 
    "description": "You find it very easy to cast one particular spell."
}