{
    "name": "Racial Heritage", 
    "url": "pfsrd://Advanced Players Guide/Feats/Racial Heritage", 
    "sections": [
        {
            "source": "Advanced Player's Guide", 
            "type": "section", 
            "name": "Prerequisites", 
            "description": " Human."
        }, 
        {
            "body": "<p class=\"stat-block-1\"> Choose another humanoid race. You count as both human and that race for any effects related to race. For example, if you choose dwarf, you are considered both a human and a dwarf for the purpose of taking traits, feats, how spells and magic items affect you, and so on.</p>", 
            "source": "Advanced Player's Guide", 
            "type": "section", 
            "name": "Benefits"
        }
    ], 
    "source": "Advanced Player's Guide", 
    "feat_types": {
        "feat_type": "General"
    }, 
    "type": "feat", 
    "description": "The blood of a non-human ancestor flows in your veins."
}