{
    "name": "Ray Shield", 
    "url": "pfsrd://Advanced Players Guide/Feats/Ray Shield", 
    "sections": [
        {
            "source": "Advanced Player's Guide", 
            "type": "section", 
            "name": "Prerequisites", 
            "description": " Dex 15, Missile Shield, Spellbreaker."
        }, 
        {
            "body": "<p class=\"stat-block-1\"> You must be using a light, heavy, or tower shield to use this feat. Once per round when you would normally be hit with a ranged touch attack (including rays and similar magical effects), you may deflect it so that you take no damage from it. Your shield suffers the full effects of the spell or effect, if applicable. </p>", 
            "source": "Advanced Player's Guide", 
            "type": "section", 
            "name": "Benefits"
        }
    ], 
    "source": "Advanced Player's Guide", 
    "feat_types": {
        "feat_type": "Combat"
    }, 
    "type": "feat", 
    "description": "You can even deflect rays with your shield."
}