{
    "name": "Razortusk", 
    "url": "pfsrd://Advanced Players Guide/Feats/Razortusk", 
    "sections": [
        {
            "source": "Advanced Player's Guide", 
            "type": "section", 
            "name": "Prerequisites", 
            "description": " Half-orc."
        }, 
        {
            "body": "<p class=\"stat-block-1\"> You can make a bite attack for 1d4 points of damage, plus your Strength modifier. You're considered proficient in this attack and can apply feats or effects appropriate to natural attacks to it. If used as part of a full attack action, the bite is considered a secondary attack and is made at your full base attack bonus &ndash;5, and adds half your Strength modifier to damage.</p>", 
            "source": "Advanced Player's Guide", 
            "type": "section", 
            "name": "Benefits"
        }
    ], 
    "source": "Advanced Player's Guide", 
    "feat_types": {
        "feat_type": "General"
    }, 
    "type": "feat", 
    "description": "Your powerful jaws and steely teeth are deadly enough to give you a bite attack."
}