{
    "name": "Rending Claws", 
    "url": "pfsrd://Advanced Players Guide/Feats/Rending Claws", 
    "sections": [
        {
            "source": "Advanced Player's Guide", 
            "type": "section", 
            "name": "Prerequisites", 
            "description": " Str 13, two claw natural weapon attacks, base attack bonus +6."
        }, 
        {
            "body": "<p class=\"stat-block-1\"> If you hit a creature with two claw attacks in the same turn, the second claw attack deals an additional 1d6 points of damage. This damage is precision damage and is not multiplied on a critical hit. You can use this feat once per round.</p>", 
            "source": "Advanced Player's Guide", 
            "type": "section", 
            "name": "Benefits"
        }
    ], 
    "source": "Advanced Player's Guide", 
    "feat_types": {
        "feat_type": "Combat"
    }, 
    "type": "feat", 
    "description": "Your claw attacks do greater harm to your enemy."
}