{
    "name": "Repositioning Strike", 
    "url": "pfsrd://Advanced Players Guide/Feats/Repositioning Strike", 
    "sections": [
        {
            "source": "Advanced Player's Guide", 
            "type": "section", 
            "name": "Prerequisites", 
            "description": " Int 13, Combat Expertise, Improved Trip, base attack bonus +9."
        }, 
        {
            "body": "<p class=\"stat-block-1\"> Whenever you score a critical hit with a melee attack, you can move your opponent, in addition to the normal damage dealt by the attack. If your confirmation roll exceeds your opponent's CMD, you may move your opponent as if from the reposition combat maneuver. This does not provoke an attack of opportunity.</p>", 
            "source": "Advanced Player's Guide", 
            "type": "section", 
            "name": "Benefits"
        }, 
        {
            "body": "<p class=\"stat-block-1\"> You must perform a reposition combat maneuver to reposition an opponent.</p>", 
            "source": "Advanced Player's Guide", 
            "type": "section", 
            "name": "Normal"
        }, 
        {
            "body": "<p class=\"stat-block-1\"> You can only apply the effects of one of the following feats to a given critical hit: Bull Rush Strike, Disarming Strike, Repositioning Strike, Sundering Strike, or Tripping Strike. You may choose to use this feat after you make your confirmation roll.</p>", 
            "source": "Advanced Player's Guide", 
            "type": "section", 
            "name": "Special"
        }
    ], 
    "source": "Advanced Player's Guide", 
    "feat_types": {
        "feat_type": "Combat"
    }, 
    "type": "feat", 
    "description": "Your critical hits can move your foes where you wish."
}