{
    "name": "Saving Shield", 
    "url": "pfsrd://Advanced Players Guide/Feats/Saving Shield", 
    "sections": [
        {
            "source": "Advanced Player's Guide", 
            "type": "section", 
            "name": "Prerequisites", 
            "description": " Shield Proficiency."
        }, 
        {
            "body": "<p id=\"benefits\">Whenever an adjacent ally is the target of an attack, you can, as an immediate action, grant that adjacent ally a +2 shield bonus to AC. You must be wielding a light shield, heavy shield, or tower shield to use this feat.</p>", 
            "source": "Advanced Player's Guide", 
            "type": "section", 
            "name": "Benefits"
        }
    ], 
    "source": "Advanced Player's Guide", 
    "feat_types": {
        "feat_type": "Combat"
    }, 
    "type": "feat", 
    "description": "You deflect attacks that could mean your ally's death. "
}