{
    "name": "Second Chance", 
    "url": "pfsrd://Advanced Players Guide/Feats/Second Chance", 
    "sections": [
        {
            "source": "Advanced Player's Guide", 
            "type": "section", 
            "name": "Prerequisites", 
            "description": " Int 13, Combat Expertise, base attack bonus +6."
        }, 
        {
            "body": "<p class=\"stat-block-1\"> When making a full attack, if you miss on your first attack, you can forgo making any other attacks for the rest of your turn to reroll that attack at your highest base attack bonus.</p>", 
            "source": "Advanced Player's Guide", 
            "type": "section", 
            "name": "Benefits"
        }
    ], 
    "source": "Advanced Player's Guide", 
    "feat_types": {
        "feat_type": "Combat"
    }, 
    "type": "feat", 
    "description": "Quick reflexes turn missed strikes into second chances."
}