{
    "name": "Selective Spell", 
    "url": "pfsrd://Advanced Players Guide/Feats/Selective Spell", 
    "sections": [
        {
            "source": "Advanced Player's Guide", 
            "type": "section", 
            "name": "Prerequisites", 
            "description": " Spellcraft 10 ranks."
        }, 
        {
            "body": "<p class=\"stat-block-1\"> When casting a selective spell with an area effect and a duration of instantaneous, you can choose a number of targets in the area equal to the ability score modifier used to determine bonus spells of the same type (Charisma for bards, oracles, paladins, sorcerers, and summoners; Intelligence for witches and wizards; Wisdom for clerics, druids, inquisitors, and rangers). These targets are excluded from the effects of your spell. A selective spell uses up a spell slot one level higher than the spell's actual level.</p><p class=\"stat-block-2\">Spells that do not have an area of effect do not benefit from this feat.</p>", 
            "source": "Advanced Player's Guide", 
            "type": "section", 
            "name": "Benefits"
        }
    ], 
    "source": "Advanced Player's Guide", 
    "feat_types": {
        "feat_type": "Metamagic"
    }, 
    "type": "feat", 
    "description": "Your allies need not fear friendly fire."
}