{
    "name": "Shared Insight", 
    "url": "pfsrd://Advanced Players Guide/Feats/Shared Insight", 
    "sections": [
        {
            "source": "Advanced Player's Guide", 
            "type": "section", 
            "name": "Prerequisites", 
            "description": " Wis 13, half-elf."
        }, 
        {
            "body": "<p class=\"stat-block-1\"> As a move action, you can grant all friendly creatures within 30 feet who can see or hear you a +2 bonus on Perception checks for a number of rounds equal to your Wisdom modifier (minimum 1 round).</p>", 
            "source": "Advanced Player's Guide", 
            "type": "section", 
            "name": "Benefits"
        }
    ], 
    "source": "Advanced Player's Guide", 
    "feat_types": {
        "feat_type": "General"
    }, 
    "type": "feat", 
    "description": "You deftly direct others' attentions where you wish."
}