{
    "name": "Sharp Senses", 
    "url": "pfsrd://Advanced Players Guide/Feats/Sharp Senses", 
    "sections": [
        {
            "source": "Advanced Player's Guide", 
            "type": "section", 
            "name": "Prerequisites", 
            "description": " Keen senses racial trait."
        }, 
        {
            "body": "<p class=\"stat-block-1\"> You receive a +4 racial bonus on Perception skill checks. This replaces the normal bonus from the keen senses racial trait.</p>", 
            "source": "Advanced Player's Guide", 
            "type": "section", 
            "name": "Benefits"
        }, 
        {
            "body": "<p class=\"stat-block-1\"> The keen senses trait normally grants a +2 racial bonus on Perception skill checks.</p>", 
            "source": "Advanced Player's Guide", 
            "type": "section", 
            "name": "Normal"
        }
    ], 
    "source": "Advanced Player's Guide", 
    "feat_types": {
        "feat_type": "General"
    }, 
    "type": "feat", 
    "description": "Your senses are especially sharp, even for your kind."
}