{
    "name": "Shielded Caster", 
    "url": "pfsrd://Advanced Players Guide/Feats/Shielded Caster", 
    "sections": [
        {
            "body": "<p class=\"stat-block-1\"> Whenever you are adjacent to an ally who also has this feat, you receive a +4 competence bonus on concentration checks. If your ally is wielding a buckler or a light shield, this bonus increases by +1. If your ally is wielding a heavy shield or a tower shield, this bonus increases by +2. Finally, if an enemy threatening you and your ally has the Disruptive feat, or another ability that increases the DC of concentration checks, the amount of the increase is halved.</p>", 
            "source": "Advanced Player's Guide", 
            "type": "section", 
            "name": "Benefits"
        }
    ], 
    "source": "Advanced Player's Guide", 
    "feat_types": {
        "feat_type": "Teamwork"
    }, 
    "type": "feat", 
    "description": "Your allies cover you while you cast complicated spells."
}