{
    "name": "Shield Specialization", 
    "url": "pfsrd://Advanced Players Guide/Feats/Shield Specialization", 
    "sections": [
        {
            "source": "Advanced Player's Guide", 
            "type": "section", 
            "name": "Prerequisites", 
            "description": " Proficiency with selected shield, Shield Focus, fighter level 4th."
        }, 
        {
            "body": "<p class=\"stat-block-1\"> Choose one type of shield (buckler, light, heavy, or tower shield). With the selected shield, you gain a +2 bonus to your Armor Class against critical hit confirmation rolls. In addition, you may add your base shield bonus (including the bonus from Shield Focus but not including enhancement bonuses) to your CMD.</p>", 
            "source": "Advanced Player's Guide", 
            "type": "section", 
            "name": "Benefits"
        }, 
        {
            "body": "<p class=\"stat-block-1\"> You can gain this feat multiple times. Its effects do not stack. Each time you take the feat, it applies to a new type of shield.</p>", 
            "source": "Advanced Player's Guide", 
            "type": "section", 
            "name": "Special"
        }
    ], 
    "source": "Advanced Player's Guide", 
    "feat_types": {
        "feat_type": "Combat"
    }, 
    "type": "feat", 
    "description": "You have mastered the use of one type of shield. "
}