{
    "name": "Shield of Swings", 
    "url": "pfsrd://Advanced Players Guide/Feats/Shield of Swings", 
    "sections": [
        {
            "source": "Advanced Player's Guide", 
            "type": "section", 
            "name": "Prerequisites", 
            "description": " Str 13, Power Attack, base attack bonus +1."
        }, 
        {
            "body": "<p class=\"stat-block-1\"> When you take a full-attack action while wielding a two-handed weapon, you can choose to reduce the damage by 1/2 to gain a +4 shield bonus to AC and CMD until the beginning of your next turn. The reduction in damage applies until the beginning of your next turn.</p>", 
            "source": "Advanced Player's Guide", 
            "type": "section", 
            "name": "Benefits"
        }
    ], 
    "source": "Advanced Player's Guide", 
    "feat_types": {
        "feat_type": "Combat"
    }, 
    "type": "feat", 
    "description": "A wild frenzy of attacks serves to bolster your defenses."
}