{
    "name": "Smash", 
    "url": "pfsrd://Advanced Players Guide/Feats/Smash", 
    "sections": [
        {
            "source": "Advanced Player's Guide", 
            "type": "section", 
            "name": "Prerequisites", 
            "description": " Power Attack, half-orc."
        }, 
        {
            "body": "<p class=\"stat-block-1\"> When you attack an inanimate, unattended object, you ignore the first 5 points of its hardness. You also receive a +5 bonus on Strength checks made to knock down or break open doors.</p>", 
            "source": "Advanced Player's Guide", 
            "type": "section", 
            "name": "Benefits"
        }, 
        {
            "body": "<p class=\"stat-block-1\"> The benefits of this feat do not apply to sunder attempts or attacks against constructs, only attacks on inanimate, unattended objects.</p>", 
            "source": "Advanced Player's Guide", 
            "type": "section", 
            "name": "Special"
        }
    ], 
    "source": "Advanced Player's Guide", 
    "feat_types": {
        "feat_type": "Combat"
    }, 
    "type": "feat", 
    "description": "You overcome obstacles by breaking them."
}