{
    "name": "Smell Fear", 
    "url": "pfsrd://Advanced Players Guide/Feats/Smell Fear", 
    "sections": [
        {
            "source": "Advanced Player's Guide", 
            "type": "section", 
            "name": "Prerequisites", 
            "description": " Keen Scent, half-orc or orc."
        }, 
        {
            "body": "<p class=\"stat-block-1\"> You receive a +4 bonus on Perception checks to detect creatures with the shaken, frightened, or panicked conditions using scent. You can substitute your Perception skill for Sense Motive skill checks if the subject has one of the previous conditions or is attempting to cover up their fear in some way.</p>", 
            "source": "Advanced Player's Guide", 
            "type": "section", 
            "name": "Benefits"
        }
    ], 
    "source": "Advanced Player's Guide", 
    "feat_types": {
        "feat_type": "General"
    }, 
    "type": "feat", 
    "description": "You can catch the sour scent of fear on the wind."
}