{
    "name": "Sociable", 
    "url": "pfsrd://Advanced Players Guide/Feats/Sociable", 
    "sections": [
        {
            "source": "Advanced Player's Guide", 
            "type": "section", 
            "name": "Prerequisites", 
            "description": " Cha 13, half-elf."
        }, 
        {
            "body": "<p class=\"stat-block-1\"> As a move action, you grant all friendly creatures within 30 feet who can see or hear you (including yourself) a +2 bonus on Diplomacy checks for a number of rounds equal to your Charisma modifier (minimum 1 round).</p>", 
            "source": "Advanced Player's Guide", 
            "type": "section", 
            "name": "Benefits"
        }
    ], 
    "source": "Advanced Player's Guide", 
    "feat_types": {
        "feat_type": "General"
    }, 
    "type": "feat", 
    "description": "You have a way of helping others to get along."
}