{
    "name": "Spider Step", 
    "url": "pfsrd://Advanced Players Guide/Feats/Spider Step", 
    "sections": [
        {
            "source": "Advanced Player's Guide", 
            "type": "section", 
            "name": "Prerequisites", 
            "description": " Acrobatics 6 ranks, Climb 6 ranks, monk level 6th."
        }, 
        {
            "body": "<p class=\"stat-block-1\"> As a move action, you can move up to half your slow fall distance across a wall or ceiling or across ropes, branches, or even water or other surfaces that cannot support your weight. You must reach a solid, level surface by the end of your turn or you will fall.</p>", 
            "source": "Advanced Player's Guide", 
            "type": "section", 
            "name": "Benefits"
        }
    ], 
    "source": "Advanced Player's Guide", 
    "feat_types": {
        "feat_type": "General"
    }, 
    "type": "feat", 
    "description": "Your physical mastery grants you an impossible stride."
}