{
    "name": "Step Up and Strike", 
    "url": "pfsrd://Advanced Players Guide/Feats/Step Up and Strike", 
    "sections": [
        {
            "source": "Advanced Player's Guide", 
            "type": "section", 
            "name": "Prerequisites", 
            "description": " Dex 13, Following Step, Step Up, base attack bonus +6."
        }, 
        {
            "body": "<p class=\"stat-block-1\"> When using the Step Up or Following Step feats to follow an adjacent foe, you may also make a single melee attack against that foe at your highest base attack bonus. This attack counts as one of your attacks of opportunity for the round. Using this feat does not count toward the number of actions you can usually take each round.</p>", 
            "source": "Advanced Player's Guide", 
            "type": "section", 
            "name": "Benefits"
        }, 
        {
            "body": "<p class=\"stat-block-1\"> You can usually only take one standard action and one 5-foot step each round.</p>", 
            "source": "Advanced Player's Guide", 
            "type": "section", 
            "name": "Normal"
        }
    ], 
    "source": "Advanced Player's Guide", 
    "feat_types": {
        "feat_type": "Combat"
    }, 
    "type": "feat", 
    "description": "When a foe tries to move away, you can follow and make an attack."
}