{
    "name": "Stone Singer", 
    "url": "pfsrd://Advanced Players Guide/Feats/Stone Singer", 
    "sections": [
        {
            "source": "Advanced Player's Guide", 
            "type": "section", 
            "name": "Prerequisites", 
            "description": " Cha 13, bardic performance class feature, dwarf."
        }, 
        {
            "body": "<p class=\"stat-block-1\"> When you use bardic performance with audible components underground, the range or area of your chosen performance is doubled, and you can affect deaf creatures if they possess tremorsense and are in your new range. In addition, the DC for saving throws against your bardic performance is increased by +2 for creatures of the earth subtype, regardless of where the performance occurs.</p>", 
            "source": "Advanced Player's Guide", 
            "type": "section", 
            "name": "Benefits"
        }
    ], 
    "source": "Advanced Player's Guide", 
    "feat_types": {
        "feat_type": "General"
    }, 
    "type": "feat", 
    "description": "Your songs are in accordance with the ways and lands of your people."
}