{
    "name": "Stone Sense", 
    "url": "pfsrd://Advanced Players Guide/Feats/Stone Sense", 
    "sections": [
        {
            "source": "Advanced Player's Guide", 
            "type": "section", 
            "name": "Prerequisites", 
            "description": " Improved Stonecunning, Perception 10 ranks."
        }, 
        {
            "body": "<p class=\"stat-block-1\"> You gain tremorsense to a range of 10 feet.</p>", 
            "source": "Advanced Player's Guide", 
            "type": "section", 
            "name": "Benefits"
        }
    ], 
    "source": "Advanced Player's Guide", 
    "feat_types": {
        "feat_type": "General"
    }, 
    "type": "feat", 
    "description": "You can feel movement in the very earth and stones around you."
}