{
    "name": "Stone-Faced", 
    "url": "pfsrd://Advanced Players Guide/Feats/Stone-Faced", 
    "sections": [
        {
            "source": "Advanced Player's Guide", 
            "type": "section", 
            "name": "Prerequisites", 
            "description": " Dwarf."
        }, 
        {
            "body": "<p class=\"stat-block-1\"> You receive a +4 bonus on Bluff checks to lie or conceal your feelings or true motives, but not to feint in combat or deliver secret messages. In addition, the DC for Sense Motive checks to get a hunch about you is 25 rather than 20.</p>", 
            "source": "Advanced Player's Guide", 
            "type": "section", 
            "name": "Benefits"
        }
    ], 
    "source": "Advanced Player's Guide", 
    "feat_types": {
        "feat_type": "General"
    }, 
    "type": "feat", 
    "description": "Rocks show more expression than you."
}