{
    "name": "Stunning Assault", 
    "url": "pfsrd://Advanced Players Guide/Feats/Stunning Assault", 
    "sections": [
        {
            "source": "Advanced Player's Guide", 
            "type": "section", 
            "name": "Prerequisites", 
            "description": " Str 13, Power Attack, base attack bonus +16."
        }, 
        {
            "body": "<p class=\"stat-block-1\"> You can choose to take a &ndash;5 penalty on all melee attack rolls and combat maneuver checks to stun targets you hit with your melee attacks for 1 round. A successful Fortitude save negates the effect. The DC of this save is 10 + your base attack bonus. You must choose to use this feat before making the attack roll, and its effects last until your next turn.</p>", 
            "source": "Advanced Player's Guide", 
            "type": "section", 
            "name": "Benefits"
        }
    ], 
    "source": "Advanced Player's Guide", 
    "feat_types": {
        "feat_type": "Combat"
    }, 
    "type": "feat", 
    "description": "You powerful but imprecise attacks can stun your enemies."
}