{
    "name": "Summoner's Call", 
    "url": "pfsrd://Advanced Players Guide/Feats/Summoners Call", 
    "sections": [
        {
            "source": "Advanced Player's Guide", 
            "type": "section", 
            "name": "Prerequisites", 
            "description": " Eidolon class feature."
        }, 
        {
            "body": "<p class=\"stat-block-1\"> Whenever you summon your eidolon, you may give it a +2 enhancement bonus to its Strength, Dexterity, or Constitution. This bonus lasts 10 minutes after the summoning ritual is complete.</p>", 
            "source": "Advanced Player's Guide", 
            "type": "section", 
            "name": "Benefits"
        }
    ], 
    "source": "Advanced Player's Guide", 
    "feat_types": {
        "feat_type": "General"
    }, 
    "type": "feat", 
    "description": "Whenever you summon your eidolon, it is more powerful for a brief period of time."
}