{
    "name": "Swift Aid", 
    "url": "pfsrd://Advanced Players Guide/Feats/Swift Aid", 
    "sections": [
        {
            "source": "Advanced Player's Guide", 
            "type": "section", 
            "name": "Prerequisites", 
            "description": " Int 13, Combat Expertise, base attack bonus +6."
        }, 
        {
            "body": "<p class=\"stat-block-1\"> As a swift action, you can attempt the aid another action, granting your ally either a +1 bonus on his next attack roll or a +1 bonus to his AC.</p>", 
            "source": "Advanced Player's Guide", 
            "type": "section", 
            "name": "Benefits"
        }, 
        {
            "body": "<p class=\"stat-block-1\"> Aid another is a standard action.</p>", 
            "source": "Advanced Player's Guide", 
            "type": "section", 
            "name": "Normal"
        }
    ], 
    "source": "Advanced Player's Guide", 
    "feat_types": {
        "feat_type": "Combat"
    }, 
    "type": "feat", 
    "description": "With a quick but harmless swipe, you can aid an ally's assault."
}