{
    "name": "Taunt", 
    "url": "pfsrd://Advanced Players Guide/Feats/Taunt", 
    "sections": [
        {
            "source": "Advanced Player's Guide", 
            "type": "section", 
            "name": "Prerequisites", 
            "description": " Cha 13, Small size or smaller."
        }, 
        {
            "body": "<p class=\"stat-block-1\"> You can demoralize opponents using Bluff rather than Intimidate (see the Intimidate skill description for details) and take no skill check penalty for being smaller than your target.</p>", 
            "source": "Advanced Player's Guide", 
            "type": "section", 
            "name": "Benefits"
        }
    ], 
    "source": "Advanced Player's Guide", 
    "feat_types": {
        "feat_type": "General"
    }, 
    "type": "feat", 
    "description": "You may be small, but your remarks cut others down to size."
}