{
    "name": "Team Up", 
    "url": "pfsrd://Advanced Players Guide/Feats/Team Up", 
    "sections": [
        {
            "source": "Advanced Player's Guide", 
            "type": "section", 
            "name": "Prerequisites", 
            "description": " Int 13, Combat Expertise, Gang Up, base attack bonus +6."
        }, 
        {
            "body": "<p class=\"stat-block-1\"> When you and at least two of your allies are adjacent to an opponent, you can attempt the aid another action as a move action.</p>", 
            "source": "Advanced Player's Guide", 
            "type": "section", 
            "name": "Benefits"
        }, 
        {
            "body": "<p class=\"stat-block-1\"> Aid another is a standard action.</p>", 
            "source": "Advanced Player's Guide", 
            "type": "section", 
            "name": "Normal"
        }
    ], 
    "source": "Advanced Player's Guide", 
    "feat_types": {
        "feat_type": "Combat"
    }, 
    "type": "feat", 
    "description": "When you are ganging up against an enemy, you can aid an ally with a quick feint."
}