{
    "name": "Teleport Tactician", 
    "url": "pfsrd://Advanced Players Guide/Feats/Teleport Tactician", 
    "sections": [
        {
            "source": "Advanced Player's Guide", 
            "type": "section", 
            "name": "Prerequisites", 
            "description": " Combat Reflexes, Disruptive, Spellbreaker."
        }, 
        {
            "body": "<p class=\"stat-block-1\"> Any creature using a teleportation effect to enter or leave a square threatened by you provokes an attack of opportunity, even if casting defensively or using a supernatural ability. </p>", 
            "source": "Advanced Player's Guide", 
            "type": "section", 
            "name": "Benefits"
        }
    ], 
    "source": "Advanced Player's Guide", 
    "feat_types": {
        "feat_type": "Combat"
    }, 
    "type": "feat", 
    "description": "You are highly alert for enemies using teleportation to approach you or flee from you."
}