{
    "name": "Tenacious Transmutation", 
    "url": "pfsrd://Advanced Players Guide/Feats/Tenacious Transmutation", 
    "sections": [
        {
            "source": "Advanced Player's Guide", 
            "type": "section", 
            "name": "Prerequisites", 
            "description": " Spell Focus (transmutation)."
        }, 
        {
            "body": "<p class=\"stat-block-1\"> The DC of caster level checks to dispel or remove your transmutations increases by 2; even if the spell is negated, its effects persist for 1 additional round before dissipating.</p>", 
            "source": "Advanced Player's Guide", 
            "type": "section", 
            "name": "Benefits"
        }
    ], 
    "source": "Advanced Player's Guide", 
    "feat_types": {
        "feat_type": "General"
    }, 
    "type": "feat", 
    "description": "Your mastery of the magic of changing makes your transmutations more durable."
}