{
    "name": "Touch of Serenity", 
    "url": "pfsrd://Advanced Players Guide/Feats/Touch of Serenity", 
    "sections": [
        {
            "source": "Advanced Player's Guide", 
            "type": "section", 
            "name": "Prerequisites", 
            "description": " Wis 18, Improved Unarmed Strike, base attack bonus +8."
        }, 
        {
            "body": "<p class=\"stat-block-1\"> You must declare that you are using this feat before you make your attack roll (thus a failed attack roll ruins the attempt). On a successful hit, the attack deals no damage and bestows no other effect or condition, but the target cannot cast spells or attack (including attacks of opportunity and attacks as immediate actions) for 1 round unless it succeeds on a Will saving throw with a DC of 10 + 1/2 your character level + your Wisdom modifier. You may attempt a touch of serenity once per day for every four levels you have attained (but see Special), and no more than once per round.</p>", 
            "source": "Advanced Player's Guide", 
            "type": "section", 
            "name": "Benefits"
        }, 
        {
            "body": "<p class=\"stat-block-1\"> A monk of the lotus receives Touch of Serenity as a bonus feat at 1st level, even if he does not meet the prerequisites. A monk may attempt a touch of serenity a number of times per day equal to his monk level, plus one more time per day for every four levels he has in classes other than monk.</p>", 
            "source": "Advanced Player's Guide", 
            "type": "section", 
            "name": "Special"
        }
    ], 
    "source": "Advanced Player's Guide", 
    "feat_types": {
        "feat_type": "Combat"
    }, 
    "type": "feat", 
    "description": "With a single touch you can reduce the threat of even the most savage of foes."
}