{
    "name": "Trick Riding", 
    "url": "pfsrd://Advanced Players Guide/Feats/Trick Riding", 
    "sections": [
        {
            "source": "Advanced Player's Guide", 
            "type": "section", 
            "name": "Prerequisites", 
            "description": " Ride 9 ranks, Mounted Combat."
        }, 
        {
            "body": "<p class=\"stat-block-1\"> While wearing light or no armor, you do not need to make Ride skill checks for any task listed in the Ride skill with a DC of 15 or lower. You do not take a &ndash;5 penalty for riding a mount bareback. You can make a check using Mounted Combat to negate a hit on your mount twice per round instead of just once. </p>", 
            "source": "Advanced Player's Guide", 
            "type": "section", 
            "name": "Benefits"
        }
    ], 
    "source": "Advanced Player's Guide", 
    "feat_types": {
        "feat_type": "Combat"
    }, 
    "type": "feat", 
    "description": "You are not only skilled at controlling a horse in combat; you can make it look like art. "
}