{
    "name": "Underfoot", 
    "url": "pfsrd://Advanced Players Guide/Feats/Underfoot", 
    "sections": [
        {
            "source": "Advanced Player's Guide", 
            "type": "section", 
            "name": "Prerequisites", 
            "description": " Dodge, Mobility, Small size or smaller."
        }, 
        {
            "body": "<p class=\"stat-block-1\"> You receive a +4 dodge bonus on Acrobatics checks to move past opponents without provoking attacks of opportunity, so long as they are larger than you. In addition, you gain a +2 dodge bonus to Armor Class against attacks of opportunity caused when you move out of or within a larger opponent's threatened area (this stacks with the +4 bonus provided by Mobility, for a total bonus of +6).</p>", 
            "source": "Advanced Player's Guide", 
            "type": "section", 
            "name": "Benefits"
        }
    ], 
    "source": "Advanced Player's Guide", 
    "feat_types": {
        "feat_type": "Combat"
    }, 
    "type": "feat", 
    "description": "You slip under and around your larger foes."
}