{
    "name": "Under and Over", 
    "url": "pfsrd://Advanced Players Guide/Feats/Under and Over", 
    "sections": [
        {
            "source": "Advanced Player's Guide", 
            "type": "section", 
            "name": "Prerequisites", 
            "description": " Agile Maneuvers, Small size or smaller."
        }, 
        {
            "body": "<p class=\"stat-block-1\"> If an opponent larger than you attempts to grapple you and fails, you may make a trip attack as an immediate action against that opponent with a +2 bonus. This does not provoke an attack of opportunity. </p>", 
            "source": "Advanced Player's Guide", 
            "type": "section", 
            "name": "Benefits"
        }
    ], 
    "source": "Advanced Player's Guide", 
    "feat_types": {
        "feat_type": "Combat"
    }, 
    "type": "feat", 
    "description": "You can slip under a foe trying to grab you, knocking him off balance."
}