{
    "name": "Vermin Heart", 
    "url": "pfsrd://Advanced Players Guide/Feats/Vermin Heart", 
    "sections": [
        {
            "source": "Advanced Player's Guide", 
            "type": "section", 
            "name": "Prerequisites", 
            "description": " Wild empathy class feature."
        }, 
        {
            "body": "<p class=\"stat-block-1\"> You may target vermin with spells and special abilities that only affect animals (although they are still affected by spells targeting vermin as well). You may use wild empathy to influence vermin as easily as you influence animals.</p>", 
            "source": "Advanced Player's Guide", 
            "type": "section", 
            "name": "Benefits"
        }
    ], 
    "source": "Advanced Player's Guide", 
    "feat_types": {
        "feat_type": "General"
    }, 
    "type": "feat", 
    "description": "You have a special bond with things that creep, crawl, skitter, and sting."
}