{
    "name": "War Singer", 
    "url": "pfsrd://Advanced Players Guide/Feats/War Singer", 
    "sections": [
        {
            "source": "Advanced Player's Guide", 
            "type": "section", 
            "name": "Prerequisites", 
            "description": " Cha 13, bardic performance class feature, half-orc or orc."
        }, 
        {
            "body": "<p class=\"stat-block-1\"> When you use bardic performance with audible components on a battlefield (any area where a combat involving a dozen or more combatants is taking place), the range or area of your chosen performance is doubled. In addition, the DC for saving throws against your bardic performance is increased by +2 for creatures of the orc subtype, regardless of where the performance occurs.</p>", 
            "source": "Advanced Player's Guide", 
            "type": "section", 
            "name": "Benefits"
        }
    ], 
    "source": "Advanced Player's Guide", 
    "feat_types": {
        "feat_type": "General"
    }, 
    "type": "feat", 
    "description": "Your songs draw upon the savage chants and brutal ways of your people, inspiring those around you to new heights of violence and savagery."
}