{
    "body": "<p>Everyone who lives in the city understands that a wealthy man stays wealthy by guarding his purse while wandering the streets and markets. Cutpurses are often trained by guilds to collect the guild's tax from local businesses on a daily basis, whether through intimidation or pickpocketing. Some find themselves taking up the mantle of adventurer, and their talents are generally appreciated in this role, but the cutpurse is still the first person her companions look to when an item goes missing. </p>", 
    "name": "Cutpurse", 
    "source": "Advanced Player's Guide", 
    "url": "pfsrd://Advanced Players Guide/Rules/Core Classes/Rogue/Rogue Archetypes/Cutpurse", 
    "type": "class_archetype", 
    "subtype": "rogue", 
    "sections": [
        {
            "body": "<p id=\"measure-the-mark\">When a cutpurse makes a Sleight of Hand check to take something from a creature, the target makes its Perception check before the rogue makes her Sleight of Hand check, and the rogue knows the Perception check result. She can decide whether or not to make the check based on the results of the target's Perception check. If the rogue elects not to make the check, she can make a Bluff check, opposed by the target's Sense Motive, to prevent the target from noticing the attempt. This ability replaces trapfinding.</p>", 
            "name": "Measure the Mark", 
            "url": "pfsrd://Advanced Players Guide/Rules/Core Classes/Rogue/Rogue Archetypes/Cutpurse/Measure the Mark", 
            "ability_types": {
                "ability_type": "Extraordinary"
            }, 
            "source": "Advanced Player's Guide", 
            "type": "ability"
        }, 
        {
            "body": "<p id=\"stab-and-grab\">At 3rd level, as a full-round action, a cutpurse can make an attack and also make a Sleight of Hand check to steal something from the target of the attack. If the attack deals sneak attack damage, the rogue can use Sleight of Hand to take an item from the creature during combat; otherwise this ability can only be used in a surprise round before the target has acted. If the attack is successful, the target takes a &ndash;5 penalty on the Perception check to notice the theft. This ability replaces trap sense.</p>", 
            "name": "Stab and Grab", 
            "url": "pfsrd://Advanced Players Guide/Rules/Core Classes/Rogue/Rogue Archetypes/Cutpurse/Stab and Grab", 
            "ability_types": {
                "ability_type": "Extraordinary"
            }, 
            "source": "Advanced Player's Guide", 
            "type": "ability"
        }, 
        {
            "body": "<p>The following rogue talents complement the cutpurse archetype: combat swipe, fast fingers, fast getaway, hard to fool, minor magic*, slow reactions*, and surprise attack*.</p>", 
            "source": "Advanced Player's Guide", 
            "type": "section", 
            "name": "Rogue Talents"
        }, 
        {
            "body": "<p>The following advanced rogue talents complement the cutpurse archetype: crippling strike*, fast tumble, and skill mastery*.</p>", 
            "source": "Advanced Player's Guide", 
            "type": "section", 
            "name": "Advanced Talents"
        }
    ]
}