{
    "body": "<p>Some say that the sniper is the worst kind of assassin: a killer who waits silently in the shadows and then strikes from a distance without remorse. Snipers, of course, understand that such protestations about &ldquo;cowardice&rdquo; and &ldquo;honor&rdquo; regarding their profession are in fact merely the bleatings of sheep fearing the slaughter and pay them no heed. Most snipers take pride in their formidable abilities, which allow them to take life quickly, quietly, and efficiently, then disappear into their surroundings without a trace.</p>", 
    "name": "Sniper", 
    "source": "Advanced Player's Guide", 
    "url": "pfsrd://Advanced Players Guide/Rules/Core Classes/Rogue/Rogue Archetypes/Sniper", 
    "type": "class_archetype", 
    "subtype": "rogue", 
    "sections": [
        {
            "body": "<p id=\"accuracy\">At 1st level, a sniper halves all range increment penalties when making ranged attacks with a bow or crossbow. This ability replaces trapfinding.</p>", 
            "name": "Accuracy", 
            "url": "pfsrd://Advanced Players Guide/Rules/Core Classes/Rogue/Rogue Archetypes/Sniper/Accuracy", 
            "ability_types": {
                "ability_type": "Extraordinary"
            }, 
            "source": "Advanced Player's Guide", 
            "type": "ability"
        }, 
        {
            "body": "<p id=\"deadly-range\">At 3rd level, a sniper increases the range at which she can apply her sneak attack damage by 10 feet. This range increases by 10 feet for every 3 levels after 3rd. This ability replaces trap sense.</p>", 
            "name": "Deadly Range", 
            "url": "pfsrd://Advanced Players Guide/Rules/Core Classes/Rogue/Rogue Archetypes/Sniper/Deadly Range", 
            "ability_types": {
                "ability_type": "Extraordinary"
            }, 
            "source": "Advanced Player's Guide", 
            "type": "ability"
        }, 
        {
            "body": "<p>The following rogue talents complement the sniper archetype: camouflage, snap shot, sniper's eye, and weapon training*.</p>", 
            "source": "Advanced Player's Guide", 
            "type": "section", 
            "name": "Rogue Talents"
        }, 
        {
            "body": "<p>The following advanced rogue talents complement the sniper archetype: defensive roll*, master of disguise, and stealthy sniper.</p>", 
            "source": "Advanced Player's Guide", 
            "type": "section", 
            "name": "Advanced Talents"
        }
    ]
}