{
    "body": "<p>The best spies are like chameleons, but not only can they change their appearances to fit the situation, they can also change their personalities, allegiances, and even loves if that's what it takes to achieve their clandestine goals. Spies are the ultimate manipulators, and even those who commission their services sometimes find that they've merely served the spies' own interests. </p>", 
    "name": "Spy", 
    "source": "Advanced Player's Guide", 
    "url": "pfsrd://Advanced Players Guide/Rules/Core Classes/Rogue/Rogue Archetypes/Spy", 
    "type": "class_archetype", 
    "subtype": "rogue", 
    "sections": [
        {
            "body": "<p id=\"skilled-liar\">Whenever a spy uses Bluff to attempt to deceive someone, she gains a bonus on the opposed roll equal to 1/2 her rogue level (minimum +1). This bonus does not apply to feint attempts or attempts to pass secret messages. This ability replaces trapfinding.</p>", 
            "name": "Skilled Liar", 
            "url": "pfsrd://Advanced Players Guide/Rules/Core Classes/Rogue/Rogue Archetypes/Spy/Skilled Liar", 
            "ability_types": {
                "ability_type": "Extraordinary"
            }, 
            "source": "Advanced Player's Guide", 
            "type": "ability"
        }, 
        {
            "body": "<p id=\"poison-use\">A 3rd level, a spy is trained in the use of poison and cannot accidentally poison herself when applying poison to a blade. This ability replaces trap sense.</p>", 
            "name": "Poison Use", 
            "url": "pfsrd://Advanced Players Guide/Rules/Core Classes/Rogue/Rogue Archetypes/Spy/Poison Use", 
            "ability_types": {
                "ability_type": "Extraordinary"
            }, 
            "source": "Advanced Player's Guide", 
            "type": "ability"
        }, 
        {
            "body": "<p>The following rogue talents complement the spy archetype: canny observer, guileful polyglot, honeyed words, major magic*, minor magic*, and quick disguise.</p>", 
            "source": "Advanced Player's Guide", 
            "type": "section", 
            "name": "Rogue Talents"
        }, 
        {
            "body": "<p>The following advanced rogue talents complement the spy archetype: crippling strike*, master of disguise, and stealthy sniper.</p>", 
            "source": "Advanced Player's Guide", 
            "type": "section", 
            "name": "Advanced Talents"
        }
    ]
}