{
    "body": "<p>A paragon of mobile swordplay, the swashbuckler is a rogue who focuses almost exclusively on honing her skill at arms and perfecting daring acrobatic moves and elaborate flourishes that border on performance.</p>", 
    "name": "Swashbuckler", 
    "source": "Advanced Player's Guide", 
    "url": "pfsrd://Advanced Players Guide/Rules/Core Classes/Rogue/Rogue Archetypes/Swashbuckler", 
    "type": "class_archetype", 
    "subtype": "rogue", 
    "sections": [
        {
            "body": "<p id=\"martial-training\">At 1st level, the swashbuckler may select one martial weapon to add to her list of weapon proficiencies. In addition, she may take the combat trick rogue talent up to two times. This ability replaces trapfinding.</p>", 
            "name": "Martial Training", 
            "url": "pfsrd://Advanced Players Guide/Rules/Core Classes/Rogue/Rogue Archetypes/Swashbuckler/Martial Training", 
            "ability_types": {
                "ability_type": "Extraordinary"
            }, 
            "source": "Advanced Player's Guide", 
            "type": "ability"
        }, 
        {
            "body": "<p id=\"daring\">At 3rd level, a swashbuckler gains a +1 morale bonus on Acrobatics checks and saving throws against fear. This bonus increases by +1 for every 3 levels beyond 3rd. This ability replaces trap sense.</p>", 
            "name": "Daring", 
            "url": "pfsrd://Advanced Players Guide/Rules/Core Classes/Rogue/Rogue Archetypes/Swashbuckler/Daring", 
            "ability_types": {
                "ability_type": "Extraordinary"
            }, 
            "source": "Advanced Player's Guide", 
            "type": "ability"
        }, 
        {
            "body": "<p>The following rogue talents complement the swashbuckler archetype: offensive defense, positioning attack, powerful sneak, and weapon training*.</p>", 
            "source": "Advanced Player's Guide", 
            "type": "section", 
            "name": "Rogue Talents"
        }, 
        {
            "body": "<p>The following advanced rogue talents complement the swashbuckler archetype: crippling strike*, entanglement of blades, and redirect attack.</p>", 
            "source": "Advanced Player's Guide", 
            "type": "section", 
            "name": "Advanced Talents"
        }
    ]
}