{
    "slot": "feet", 
    "name": "Boots of Friendly Terrain", 
    "weight": "1 lb.", 
    "cl": "5th", 
    "url": "pfsrd://Advanced Players Guide/Rules/Magic Items/Wondrous Items/Boots of Friendly Terrain", 
    "type": "item", 
    "price": "2,400 gp", 
    "misc": {
        "Construction": {
            "Cost": "1,200 gp", 
            "Requirements": "Craft Wondrous Item, pass without trace, creator must be a ranger"
        }
    }, 
    "source": "Advanced Player's Guide", 
    "aura": "faint transmutation", 
    "subtype": "feet", 
    "sections": [
        {
            "body": "<p>Each pair of these supple leather boots corresponds to a specific sort of environment as defined by the ranger's favored terrain class feature (jungle, plains, and so on). A ranger wearing the boots can treat the corresponding environment of the boots as one of his favored terrains, granting him a +2 bonus. If he already has that particular environment as one of his favored terrains, his bonus for that terrain increases by +2.</p>", 
            "source": "Advanced Player's Guide", 
            "type": "section", 
            "name": "Description"
        }
    ]
}