{
    "slot": "shoulders", 
    "name": "Muleback Cords", 
    "weight": "1/4 lb.", 
    "cl": "3rd", 
    "url": "pfsrd://Advanced Players Guide/Rules/Magic Items/Wondrous Items/Muleback Cords", 
    "type": "item", 
    "price": "1,000 gp", 
    "misc": {
        "Construction": {
            "Cost": "500 gp", 
            "Requirements": "Craft Wondrous Item, bull's strength"
        }
    }, 
    "source": "Advanced Player's Guide", 
    "aura": "faint transmutation", 
    "subtype": "shoulders", 
    "sections": [
        {
            "body": "<p>These thick leather cords wrap around the wearer's biceps and shoulders; when worn, they make the muscles appear larger than normal. The wearer treats his Strength score as 8 higher than normal when determining his carrying capacity. This bonus does not apply to combat, breaking items, or any other Strength-related rolls except the amount of equipment or material the wearer can carry.</p>", 
            "source": "Advanced Player's Guide", 
            "type": "section", 
            "name": "Description"
        }
    ]
}