{
    "body": "<p>A master of the martial applications of steel and spell, the arcane duelist blends both into a lethal combination. </p>", 
    "name": "Arcane Duelist", 
    "source": "Advanced Player's Guide", 
    "url": "pfsrd://Advanced Players Guide/Rules/Core Classes/Bard/Bard Archetypes/Arcane Duelist", 
    "type": "class_archetype", 
    "subtype": "bard", 
    "sections": [
        {
            "body": "<p id=\"arcane-strike\">Arcane duelists gain Arcane Strike as a bonus feat at 1st level. This ability replaces bardic knowledge.</p>", 
            "url": "pfsrd://Advanced Players Guide/Rules/Core Classes/Bard/Bard Archetypes/Arcane Duelist/Arcane Strike", 
            "type": "section", 
            "name": "Arcane Strike", 
            "source": "Advanced Player's Guide"
        }, 
        {
            "body": "<p id=\"bardic-performance\">An arcane duelist gains the following types of bardic performance.</p>", 
            "type": "section", 
            "sections": [
                {
                    "body": "<p id=\"rallying-cry\">At 1st level, an arcane duelist can use performance to rally dispirited allies. Each round he makes an Intimidate check. Any ally (including the bard) within 30 feet may use this check in place of his own saving throw against fear and despair effects. Those already under a fear or despair effect can attempt a new save each round using the bard's Intimidate check. Rallying cry does not work on effects that don't allow saves. This is a mind-affecting ability that uses audible components. This performance replaces countersong.</p>", 
                    "name": "Rallying Cry", 
                    "url": "pfsrd://Advanced Players Guide/Rules/Core Classes/Bard/Bard Archetypes/Arcane Duelist/Bardic Performance/Rallying Cry", 
                    "ability_types": {
                        "ability_type": "Supernatural"
                    }, 
                    "source": "Advanced Player's Guide", 
                    "type": "ability"
                }, 
                {
                    "body": "<p id=\"bladethirst\">An arcane duelist of 6th level or higher may use performance to grant one weapon, one natural weapon, one end of a double weapon, or 50 items of ammunition of the same type within 30 feet a +1 enhancement bonus. This enhancement bonus increases by +1 for every three levels after 6th (maximum +5 at 18th level). These bonuses stack with existing bonuses and may be used to increase the item's enhancement bonus up to +5 or to add any of the following weapon properties: <i>defending</i>, <i>distance</i>, <i>ghost touch</i>, <i>keen</i>, <i>mighty cleaving</i>, <i>returning</i>, <i>shock</i>, <i>shocking burst</i>, <i>seeking</i>, <i>speed</i>, or <i>wounding</i>. If the weapon is not magical, at least a +1 enhancement bonus must be added before adding special abilities. This performance replaces suggestion.</p>", 
                    "name": "Bladethirst", 
                    "url": "pfsrd://Advanced Players Guide/Rules/Core Classes/Bard/Bard Archetypes/Arcane Duelist/Bardic Performance/Bladethirst", 
                    "ability_types": {
                        "ability_type": "Supernatural"
                    }, 
                    "source": "Advanced Player's Guide", 
                    "type": "ability"
                }, 
                {
                    "body": "<p id=\"mass-bladethirst\">An arcane duelist of 18th level or higher can use his bladethirst performance to enhance the weapons of as many allies as desired within 30 feet. The bonus provided by this power is +4 if conferred on two allies, +3 for three allies, +2 for four allies, and +1 for five or more allies. The power granted to each weapon must be identical. This ability replaces mass suggestion.</p>", 
                    "name": "Mass Bladethirst", 
                    "url": "pfsrd://Advanced Players Guide/Rules/Core Classes/Bard/Bard Archetypes/Arcane Duelist/Bardic Performance/Mass Bladethirst", 
                    "ability_types": {
                        "ability_type": "Supernatural"
                    }, 
                    "source": "Advanced Player's Guide", 
                    "type": "ability"
                }
            ], 
            "name": "Bardic Performance", 
            "source": "Advanced Player's Guide"
        }, 
        {
            "body": "<p id=\"bonus-feats\">An arcane duelist weaves might and magic in his combat style, gaining the following bonus feats at 2nd level and every four levels thereafter: 2nd level&mdash;Combat Casting, 6th level&mdash;Disruptive, 10th level&mdash;Spellbreaker, 14th level&mdash;Penetrating Strike, 18th level&mdash;Greater Penetrating Strike. This ability replaces versatile performance and well-versed.</p>", 
            "source": "Advanced Player's Guide", 
            "type": "section", 
            "name": "Bonus Feats"
        }, 
        {
            "body": "<p id=\"arcane-bond\">At 5th level, an arcane duelist gains the arcane bond ability as a wizard, using a weapon as his bonded item, allowing him to cast any one addition spell that he knows once per day. He may not choose a familiar or other type of bonded item. He may use the hand holding his bonded weapon for somatic components. This ability replaces lore master.</p>", 
            "name": "Arcane Bond", 
            "url": "pfsrd://Advanced Players Guide/Rules/Core Classes/Bard/Bard Archetypes/Arcane Duelist/Arcane Bond", 
            "ability_types": {
                "ability_type": "Extraordinary"
            }, 
            "source": "Advanced Player's Guide", 
            "type": "ability"
        }, 
        {
            "body": "<p id=\"arcane-armor\">At 10th level, an arcane duelist gains Medium Armor Proficiency and can cast bard spells in medium armor with no chance of arcane spell failure. At 16th level, he gains Heavy Armor Proficiency and can cast bard spells in heavy armor with no arcane spell failure. This ability replaces jack of all trades.</p>", 
            "name": "Arcane Armor", 
            "url": "pfsrd://Advanced Players Guide/Rules/Core Classes/Bard/Bard Archetypes/Arcane Duelist/Arcane Armor", 
            "ability_types": {
                "ability_type": "Extraordinary"
            }, 
            "source": "Advanced Player's Guide", 
            "type": "ability"
        }
    ]
}