{
    "body": "<p>Grim and determined, the inquisitor roots out enemies of the faith, using trickery and guile when righteousness and purity is not enough. Although inquisitors are dedicated to a deity, they are above many of the normal rules and conventions of the church. They answer to their deity and their own sense of justice alone, and are willing to take extreme measures to meet their goals.</p>", 
    "name": "Inquisitor", 
    "source": "Advanced Player's Guide", 
    "url": "pfsrd://Advanced Players Guide/Classes/Inquisitor", 
    "type": "class", 
    "image": "Inquisitor.png", 
    "subtype": "base", 
    "hit_die": "d8", 
    "alt": "Imrijka", 
    "sections": [
        {
            "body": "<p id=\"role\">Inquisitors tend to move from place to place, chasing down enemies and researching emerging threats. As a result, they often travel with others, if for no other reason than to mask their presence. Inquisitors work with members of their faith whenever possible, but even such allies are not above suspicion.</p>", 
            "source": "Advanced Player's Guide", 
            "type": "section", 
            "name": "Role"
        }, 
        {
            "body": "<p>The following table lists the starting gold piece value for inquisitor characters. In addition, each character begins play with an outfit worth 10 gp or less.</p>", 
            "type": "section", 
            "sections": [
                {
                    "body": "<table><caption>Table: Starting Wealth</caption><thead><tr><th>Class</th><th>Starting Wealth</th><th>Average</th></tr></thead><tr class=\"even\"><td>Inquisitor</td><td>4d6 &times; 10 gp</td><td>140 gp</td></tr></table>", 
                    "source": "Advanced Player's Guide", 
                    "type": "table"
                }
            ], 
            "name": "Starting Wealth", 
            "source": "Advanced Player's Guide"
        }, 
        {
            "body": "<p>The inquisitor's class skills are Bluff (Cha), Climb (Str), Craft (Int), Diplomacy (Cha), Disguise (Cha), Heal (Wis), Intimidate (Cha), Knowledge (arcana) (Int), Knowledge (dungeoneering) (Int), Knowledge (nature) (Int), Knowledge (planes) (Int), Knowledge (religion) (Int), Perception (Wis), Profession (Wis), Ride (Dex), Sense Motive (Wis), Spellcraft (Int), Stealth (Dex), Survival (Wis), and Swim (Str). </p>", 
            "type": "section", 
            "sections": [
                {
                    "body": "<p id=\"skill-ranks-per-level\">6 + Int modifier.</p>", 
                    "type": "section", 
                    "sections": [
                        {
                            "body": "<table id=\"table-2-3:-inquisitor\"><caption>Table:  Inquisitor</caption><thead><tr id=\"level-bonus-save-save-save-special-1st-2nd-3rd-4th-5th-6th\"><th rowspan=\"2\">Level</th><th rowspan=\"2\">Base Attack Bonus</th><th rowspan=\"2\">Fort Save</th><th rowspan=\"2\">Ref Save</th><th rowspan=\"2\">Will Save</th><th rowspan=\"2\">Special</th><th colspan=\"6\">Spells per Day</th></tr><tr><th>1st</th><th>2nd</th><th>3rd</th><th>4th</th><th>5th</th><th>6th</th></tr></thead><tr class=\"odd\"><td>1st</td><td>+0</td><td>+2</td><td>+0</td><td>+2</td><td style=\"white-space: normal;\">Domain, judgment 1/day, monster lore, orisons, stern gaze</td><td>1</td><td>&mdash;</td><td>&mdash;</td><td>&mdash;</td><td>&mdash;</td><td>&mdash;</td></tr><tr class=\"even\"><td>2nd</td><td>+1</td><td>+3</td><td>+0</td><td>+3</td><td style=\"white-space: normal;\">Cunning initiative, <i>detect alignment</i>, track</td><td>2</td><td>&mdash;</td><td>&mdash;</td><td>&mdash;</td><td>&mdash;</td><td>&mdash;</td></tr><tr class=\"odd\"><td>3rd</td><td>+2</td><td>+3</td><td>+1</td><td>+3</td><td style=\"white-space: normal;\">Solo tactics, teamwork feat</td><td>3</td><td>&mdash;</td><td>&mdash;</td><td>&mdash;</td><td>&mdash;</td><td>&mdash;</td></tr><tr class=\"even\"><td>4th</td><td>+3</td><td>+4</td><td>+1</td><td>+4</td><td style=\"white-space: normal;\">Judgment 2/day</td><td>3</td><td>1</td><td>&mdash;</td><td>&mdash;</td><td>&mdash;</td><td>&mdash;</td></tr><tr class=\"odd\"><td>5th</td><td>+3</td><td>+4</td><td>+1</td><td>+4</td><td style=\"white-space: normal;\">Bane, <i>discern lies</i></td><td>4</td><td>2</td><td>&mdash;</td><td>&mdash;</td><td>&mdash;</td><td>&mdash;</td></tr><tr class=\"even\"><td>6th</td><td>+4</td><td>+5</td><td>+2</td><td>+5</td><td style=\"white-space: normal;\">Teamwork feat</td><td>4</td><td>3</td><td>&mdash;</td><td>&mdash;</td><td>&mdash;</td><td>&mdash;</td></tr><tr class=\"odd\"><td>7th</td><td>+5</td><td>+5</td><td>+2</td><td>+5</td><td style=\"white-space: normal;\">Judgment 3/day</td><td>4</td><td>3</td><td>1</td><td>&mdash;</td><td>&mdash;</td><td>&mdash;</td></tr><tr class=\"even\"><td>8th</td><td>+6/+1</td><td>+6</td><td>+2</td><td>+6</td><td style=\"white-space: normal;\">Second judgment</td><td>4</td><td>4</td><td>2</td><td>&mdash;</td><td>&mdash;</td><td>&mdash;</td></tr><tr class=\"odd\"><td>9th</td><td>+6/+1</td><td>+6</td><td>+3</td><td>+6</td><td style=\"white-space: normal;\">Teamwork feat</td><td>5</td><td>4</td><td>3</td><td>&mdash;</td><td>&mdash;</td><td>&mdash;</td></tr><tr class=\"even\"><td>10th</td><td>+7/+2</td><td>+7</td><td>+3</td><td>+7</td><td style=\"white-space: normal;\">Judgment 4/day</td><td>5</td><td>4</td><td>3</td><td>1</td><td>&mdash;</td><td>&mdash;</td></tr><tr class=\"odd\"><td>11th</td><td>+8/+3</td><td>+7</td><td>+3</td><td>+7</td><td style=\"white-space: normal;\">Stalwart</td><td>5</td><td>4</td><td>4</td><td>2</td><td>&mdash;</td><td>&mdash;</td></tr><tr class=\"even\"><td>12th</td><td>+9/+4</td><td>+8</td><td>+4</td><td>+8</td><td style=\"white-space: normal;\">Greater bane, teamwork feat</td><td>5</td><td>5</td><td>4</td><td>3</td><td>&mdash;</td><td>&mdash;</td></tr><tr class=\"odd\"><td>13th</td><td>+9/+4</td><td>+8</td><td>+4</td><td>+8</td><td style=\"white-space: normal;\">Judgment 5/day</td><td>5</td><td>5</td><td>4</td><td>3</td><td>1</td><td>&mdash;</td></tr><tr class=\"even\"><td>14th</td><td>+10/+5</td><td>+9</td><td>+4</td><td>+9</td><td style=\"white-space: normal;\">Exploit weakness</td><td>5</td><td>5</td><td>4</td><td>4</td><td>2</td><td>&mdash;</td></tr><tr class=\"odd\"><td>15th</td><td>+11/+6/+1</td><td>+9</td><td>+5</td><td>+9</td><td style=\"white-space: normal;\">Teamwork feat</td><td>5</td><td>5</td><td>5</td><td>4</td><td>3</td><td>&mdash;</td></tr><tr class=\"even\"><td>16th</td><td>+12/+7/+2</td><td>+10</td><td>+5</td><td>+10</td><td style=\"white-space: normal;\">Judgment 6/day, third judgment</td><td>5</td><td>5</td><td>5</td><td>4</td><td>3</td><td>1</td></tr><tr class=\"odd\"><td>17th</td><td>+12/+7/+2</td><td>+10</td><td>+5</td><td>+10</td><td style=\"white-space: normal;\">Slayer</td><td>5</td><td>5</td><td>5</td><td>4</td><td>4</td><td>2</td></tr><tr class=\"even\"><td>18th</td><td>+13/+8/+3</td><td>+11</td><td>+6</td><td>+11</td><td style=\"white-space: normal;\">Teamwork feat</td><td>5</td><td>5</td><td>5</td><td>5</td><td>4</td><td>3</td></tr><tr class=\"odd\"><td>19th</td><td>+14/+9/+4</td><td>+11</td><td>+6</td><td>+11</td><td style=\"white-space: normal;\">Judgment 7/day</td><td>5</td><td>5</td><td>5</td><td>5</td><td>5</td><td>4</td></tr><tr class=\"even\"><td>20th</td><td>+15/+10/+5</td><td>+12</td><td>+6</td><td>+12</td><td style=\"white-space: normal;\">True judgment</td><td>5</td><td>5</td><td>5</td><td>5</td><td>5</td><td>5</td></tr></table>", 
                            "url": "pfsrd://Advanced Players Guide/Classes/Inquisitor/Class Skills/Skill Ranks per Level/Table Inquisitor", 
                            "type": "table", 
                            "name": "Table: Inquisitor", 
                            "source": "Advanced Player's Guide"
                        }, 
                        {
                            "body": "<table id=\"table-2-4:-inquisitor-spells-known\"><caption>Table:  Inquisitor Spells Known</caption><thead><tr id=\"level-0-1st-2nd-3rd-4th-5th-6th\"><th rowspan=\"2\">Level</th><th colspan=\"7\">Spells Known</th></tr><tr><th>0</th><th>1st</th><th>2nd</th><th>3rd</th><th>4th</th><th>5th</th><th>6th</th></tr></thead><tr class=\"odd\"><td>1st</td><td>4</td><td>2</td><td>&mdash;</td><td>&mdash;</td><td>&mdash;</td><td>&mdash;</td><td>&mdash;</td></tr><tr class=\"even\"><td>2nd</td><td>5</td><td>3</td><td>&mdash;</td><td>&mdash;</td><td>&mdash;</td><td>&mdash;</td><td>&mdash;</td></tr><tr class=\"odd\"><td>3rd</td><td>6</td><td>4</td><td>&mdash;</td><td>&mdash;</td><td>&mdash;</td><td>&mdash;</td><td>&mdash;</td></tr><tr class=\"even\"><td>4th</td><td>6</td><td>4</td><td>2</td><td>&mdash;</td><td>&mdash;</td><td>&mdash;</td><td>&mdash;</td></tr><tr class=\"odd\"><td>5th</td><td>6</td><td>4</td><td>3</td><td>&mdash;</td><td>&mdash;</td><td>&mdash;</td><td>&mdash;</td></tr><tr class=\"even\"><td>6th</td><td>6</td><td>4</td><td>4</td><td>&mdash;</td><td>&mdash;</td><td>&mdash;</td><td>&mdash;</td></tr><tr class=\"odd\"><td>7th</td><td>6</td><td>5</td><td>4</td><td>2</td><td>&mdash;</td><td>&mdash;</td><td>&mdash;</td></tr><tr class=\"even\"><td>8th</td><td>6</td><td>5</td><td>4</td><td>3</td><td>&mdash;</td><td>&mdash;</td><td>&mdash;</td></tr><tr class=\"odd\"><td>9th</td><td>6</td><td>5</td><td>4</td><td>4</td><td>&mdash;</td><td>&mdash;</td><td>&mdash;</td></tr><tr class=\"even\"><td>10th</td><td>6</td><td>5</td><td>5</td><td>4</td><td>2</td><td>&mdash;</td><td>&mdash;</td></tr><tr class=\"odd\"><td>11th</td><td>6</td><td>6</td><td>5</td><td>4</td><td>3</td><td>&mdash;</td><td>&mdash;</td></tr><tr class=\"even\"><td>12th</td><td>6</td><td>6</td><td>5</td><td>4</td><td>4</td><td>&mdash;</td><td>&mdash;</td></tr><tr class=\"odd\"><td>13th</td><td>6</td><td>6</td><td>5</td><td>5</td><td>4</td><td>2</td><td>&mdash;</td></tr><tr class=\"even\"><td>14th</td><td>6</td><td>6</td><td>6</td><td>5</td><td>4</td><td>3</td><td>&mdash;</td></tr><tr class=\"odd\"><td>15th</td><td>6</td><td>6</td><td>6</td><td>5</td><td>4</td><td>4</td><td>&mdash;</td></tr><tr class=\"even\"><td>16th</td><td>6</td><td>6</td><td>6</td><td>5</td><td>5</td><td>4</td><td>2</td></tr><tr class=\"odd\"><td>17th</td><td>6</td><td>6</td><td>6</td><td>6</td><td>5</td><td>4</td><td>3</td></tr><tr class=\"even\"><td>18th</td><td>6</td><td>6</td><td>6</td><td>6</td><td>5</td><td>4</td><td>4</td></tr><tr class=\"odd\"><td>19th</td><td>6</td><td>6</td><td>6</td><td>6</td><td>5</td><td>5</td><td>4</td></tr><tr class=\"even\"><td>20th</td><td>6</td><td>6</td><td>6</td><td>6</td><td>6</td><td>5</td><td>5</td></tr></table>", 
                            "url": "pfsrd://Advanced Players Guide/Classes/Inquisitor/Class Skills/Skill Ranks per Level/Table Inquisitor Spells Known", 
                            "type": "table", 
                            "name": "Table: Inquisitor Spells Known", 
                            "source": "Advanced Player's Guide"
                        }
                    ], 
                    "name": "Skill Ranks per Level", 
                    "source": "Advanced Player's Guide"
                }
            ], 
            "name": "Class Skills", 
            "source": "Advanced Player's Guide"
        }, 
        {
            "body": "<p>The following are class features of the inquisitor.</p>", 
            "type": "section", 
            "sections": [
                {
                    "body": "<p id=\"weapon-and-armor-proficiency\">An inquisitor is proficient with all simple weapons, plus the hand crossbow, longbow, repeating crossbow, shortbow, and the favored weapon of her deity. She is also proficient with light armor, medium armor, and shields (except tower shields).</p>", 
                    "source": "Advanced Player's Guide", 
                    "type": "section", 
                    "name": "Weapon and Armor Proficiency"
                }, 
                {
                    "body": "<p id=\"spells\">An inquisitor casts divine spells drawn from the inquisitor spell list. She can cast any spell she knows at any time without preparing it ahead of time, assuming she has not yet used up her allotment of spells per day for the spell's level. </p><p>To learn or cast a spell, an inquisitor must have a Wisdom score equal to at least 10 + the spell level. The Difficulty Class for a saving throw against an inquisitor's spell is 10 + the spell level + the inquisitor's Wisdom modifier.</p><p>An inquisitor can cast only a certain number of spells of each spell level each day. Her base daily spell allotment is given on Table 2&ndash;3. In addition, she receives bonus spells per day if she has a high Wisdom score (see Table 1&ndash;3 of the <i>Pathfinder RPG Core Rulebook</i>).</p><p>An inquisitor's selection of spells is extremely limited. An inquisitor begins play knowing four 0-level spells and two 1st-level spells of the inquisitor's choice. At each new inquisitor level, she gains one or more new spells as indicated on Table 2&ndash;4. (Unlike spells per day, the number of spells an inquisitor knows is not affected by her Wisdom score. The numbers on Table 2&ndash;4 are fixed.) </p><p>Upon reaching 5th level, and at every third inquisitor level thereafter (8th, 11th, and so on), an inquisitor can choose to learn a new spell in place of one she already knows. In effect, the inquisitor &ldquo;loses&rdquo; the old spell in exchange for the new one. The new spell's level must be the same as that of the spell being exchanged, and it must be at least one level lower than the highest-level inquisitor spell she can cast. The inquisitor may swap out only a single spell at any given level and must choose whether or not to swap the spell at the same time that she gains new spells known for the level.</p>", 
                    "source": "Advanced Player's Guide", 
                    "type": "section", 
                    "name": "Spells"
                }, 
                {
                    "body": "<p id=\"domain\">Like a cleric's deity, an inquisitor's deity influences her alignment, what magic she can perform, and her values. Although not as tied to the tenets of the deity as a cleric, an inquisitor must still hold such guidelines in high regard, despite that fact she can go against them if it serves the greater good of the faith. An inquisitor can select one domain from among those belonging to her deity. She can select an alignment domain only if her alignment matches that domain. With the GM's approval, an inquisitor can be devoted to an ideal instead of a deity, selecting one domain to represent her personal inclination and abilities. The restriction on alignment domains still applies.</p><p>Each domain grants a number of domain powers, depending on the level of the inquisitor. An inquisitor does not gain the bonus spells listed for each domain, nor does she gain bonus spell slots. The inquisitor uses her level as her effective cleric level when determining the power and effect of her domain powers. If the inquisitor has cleric levels, one of her two domain selections must be the same domain selected as an inquisitor. Levels of cleric and inquisitor stack for the purpose of determining domain powers and abilities, but not for bonus spells.</p>", 
                    "url": "pfsrd://Advanced Players Guide/Classes/Inquisitor/Class Features/Domain", 
                    "type": "section", 
                    "name": "Domain", 
                    "source": "Advanced Player's Guide"
                }, 
                {
                    "body": "<p id=\"judgment\">Starting at 1st level, an inquisitor can pronounce judgment upon her foes as a swift action. Starting when the judgment is made, the inquisitor receives a bonus or special ability based on the type of judgment made. </p><p>At 1st level, an inquisitor can use this ability once per day. At 4th level and every three levels thereafter, the inquisitor can use this ability one additional time per day. Once activated, this ability lasts until the combat ends, at which point all of the bonuses immediately end. The inquisitor must participate in the combat to gain these bonuses. If she is frightened, panicked, paralyzed, stunned, unconscious, or otherwise prevented from participating in the combat, the ability does not end, but the bonuses do not resume until she can participate in the combat again.</p><p>When the inquisitor uses this ability, she must select one type of judgment to make. As a swift action, she can change this judgment to another type. If the inquisitor is evil, she receives profane bonuses instead of sacred, as appropriate. Neutral inquisitors must select profane or sacred bonuses. Once made, this choice cannot be changed.</p>", 
                    "name": "Judgment", 
                    "url": "pfsrd://Advanced Players Guide/Classes/Inquisitor/Class Features/Judgment", 
                    "sections": [
                        {
                            "body": "<p id=\"destruction\">The inquisitor is filled with divine wrath, gaining a +1 sacred bonus on all weapon damage rolls. This bonus increases by +1 for every three inquisitor levels she possesses.</p>", 
                            "source": "Advanced Player's Guide", 
                            "type": "section", 
                            "name": "Destruction"
                        }, 
                        {
                            "body": "<p id=\"healing\">The inquisitor is surrounded by a healing light, gaining fast healing 1. This causes the inquisitor to heal 1 point of damage each round as long as the inquisitor is alive and the judgment lasts. The amount of healing increases by 1 point for every three inquisitor levels she possesses.</p>", 
                            "url": "pfsrd://Advanced Players Guide/Classes/Inquisitor/Class Features/Judgment/Healing", 
                            "type": "section", 
                            "name": "Healing", 
                            "source": "Advanced Player's Guide"
                        }, 
                        {
                            "body": "<p id=\"justice\">This judgment spurs the inquisitor to seek justice, granting a +1 sacred bonus on all attack rolls. This bonus increases by +1 for every five inquisitor levels she possesses. At 10th level, this bonus is doubled on all attack rolls made to confirm critical hits.</p>", 
                            "url": "pfsrd://Advanced Players Guide/Classes/Inquisitor/Class Features/Judgment/Justice", 
                            "type": "section", 
                            "name": "Justice", 
                            "source": "Advanced Player's Guide"
                        }, 
                        {
                            "body": "<p id=\"piercing\">This judgment gives the inquisitor great focus and makes her spells more potent. This benefit grants a +1 sacred bonus on concentration checks and caster level checks made to overcome a target's spell resistance. This bonus increases by +1 for every three inquisitor levels she possesses.</p>", 
                            "url": "pfsrd://Advanced Players Guide/Classes/Inquisitor/Class Features/Judgment/Piercing", 
                            "type": "section", 
                            "name": "Piercing", 
                            "source": "Advanced Player's Guide"
                        }, 
                        {
                            "body": "<p id=\"protection\">The inquisitor is surrounded by a protective aura, granting a +1 sacred bonus to Armor Class. This bonus increases by +1 for every five inquisitor levels she possesses. At 10th level, this bonus is doubled against attack rolls made to confirm critical hits against the inquisitor.</p>", 
                            "url": "pfsrd://Advanced Players Guide/Classes/Inquisitor/Class Features/Judgment/Protection", 
                            "type": "section", 
                            "name": "Protection", 
                            "source": "Advanced Player's Guide"
                        }, 
                        {
                            "body": "<p id=\"purity\">The inquisitor is protected from the vile taint of her foes, gaining a +1 sacred bonus on all saving throws. This bonus increases by +1 for every five inquisitor levels she possesses. At 10th level, the bonus is doubled against curses, diseases, and poisons.</p>", 
                            "url": "pfsrd://Advanced Players Guide/Classes/Inquisitor/Class Features/Judgment/Purity", 
                            "type": "section", 
                            "name": "Purity", 
                            "source": "Advanced Player's Guide"
                        }, 
                        {
                            "body": "<p id=\"resiliency\">This judgment makes the inquisitor resistant to harm, granting DR 1/magic. This DR increases by 1 for every five levels she possesses. At 10th level, this DR changes from magic to an alignment (chaotic, evil, good, or lawful) that is opposite the inquisitor's. If she is neutral, the inquisitor does not receive this increase.</p>", 
                            "url": "pfsrd://Advanced Players Guide/Classes/Inquisitor/Class Features/Judgment/Resiliency", 
                            "type": "section", 
                            "name": "Resiliency", 
                            "source": "Advanced Player's Guide"
                        }, 
                        {
                            "body": "<p id=\"resistance\">The inquisitor is shielded by a flickering aura, gaining 2 points of energy resistance against one energy type (acid, cold, electricity, fire, or sonic) chosen when the judgment is declared. The protection increases by 2 for every three inquisitor levels she possesses.</p>", 
                            "url": "pfsrd://Advanced Players Guide/Classes/Inquisitor/Class Features/Judgment/Resistance", 
                            "type": "section", 
                            "name": "Resistance", 
                            "source": "Advanced Player's Guide"
                        }, 
                        {
                            "body": "<p id=\"smiting\">This judgment bathes the inquisitor's weapons in a divine light. The inquisitor's weapons count as magic for the purposes of bypassing damage reduction. At 6th level, the inquisitor's weapons also count as one alignment type (chaotic, evil, good, or lawful) for the purpose of bypassing damage reduction. The type selected must match one of the inquisitor's alignments. If the inquisitor is neutral, she does not receive this bonus. At 10th level, the inquisitor's weapons also count as adamantine for the purpose of overcoming damage reduction (but not for reducing hardness).</p>", 
                            "url": "pfsrd://Advanced Players Guide/Classes/Inquisitor/Class Features/Judgment/Smiting", 
                            "type": "section", 
                            "name": "Smiting", 
                            "source": "Advanced Player's Guide"
                        }
                    ], 
                    "ability_types": {
                        "ability_type": "Supernatural"
                    }, 
                    "source": "Advanced Player's Guide", 
                    "type": "ability"
                }, 
                {
                    "body": "<p id=\"monster-lore\">The inquisitor adds her Wisdom modifier on Knowledge skill checks in addition to her Intelligence modifier, when making skill checks to identify the abilities and weaknesses of creatures.</p>", 
                    "name": "Monster Lore", 
                    "url": "pfsrd://Advanced Players Guide/Classes/Inquisitor/Class Features/Monster Lore", 
                    "ability_types": {
                        "ability_type": "Extraordinary"
                    }, 
                    "source": "Advanced Player's Guide", 
                    "type": "ability"
                }, 
                {
                    "body": "<p id=\"orisons\">Inquisitors learn a number of orisons, or 0-level spells, as noted on Table 2&ndash;4 under &ldquo;Spells Known.&rdquo; These spells are cast like any other spell, but they are not expended when cast and may be used again. Orisons prepared using other spell slots, such as those due to metamagic feats, are expended normally.</p>", 
                    "url": "pfsrd://Advanced Players Guide/Classes/Inquisitor/Class Features/Orisons", 
                    "type": "section", 
                    "name": "Orisons", 
                    "source": "Advanced Player's Guide"
                }, 
                {
                    "body": "<p id=\"stern-gaze\">Inquisitors are skilled at sensing deception and intimidating their foes. An inquisitor receives a morale bonus on all Intimidate and Sense Motive checks equal to 1/2 her inquisitor level (minimum +1).</p>", 
                    "name": "Stern Gaze", 
                    "url": "pfsrd://Advanced Players Guide/Classes/Inquisitor/Class Features/Stern Gaze", 
                    "ability_types": {
                        "ability_type": "Extraordinary"
                    }, 
                    "source": "Advanced Player's Guide", 
                    "type": "ability"
                }, 
                {
                    "body": "<p id=\"cunning-initiative\">At 2nd level, an inquisitor adds her Wisdom modifier on initiative checks, in addition to her Dexterity modifier.</p>", 
                    "name": "Cunning Initiative", 
                    "url": "pfsrd://Advanced Players Guide/Classes/Inquisitor/Class Features/Cunning Initiative", 
                    "ability_types": {
                        "ability_type": "Extraordinary"
                    }, 
                    "source": "Advanced Player's Guide", 
                    "type": "ability"
                }, 
                {
                    "body": "<p id=\"detect-alignment\">At will, an inquisitor can use <i>detect chaos</i>, <i>detect evil</i>, <i>detect good</i>, or <i>detect law</i>. She can only use one of these at any given time.</p>", 
                    "name": "Detect Alignment", 
                    "url": "pfsrd://Advanced Players Guide/Classes/Inquisitor/Class Features/Detect Alignment", 
                    "ability_types": {
                        "ability_type": "Spell-Like"
                    }, 
                    "source": "Advanced Player's Guide", 
                    "type": "ability"
                }, 
                {
                    "body": "<p id=\"track\">At 2nd level, an inquisitor adds half her level on Survival skill checks made to follow or identify tracks.</p>", 
                    "name": "Track", 
                    "url": "pfsrd://Advanced Players Guide/Classes/Inquisitor/Class Features/Track", 
                    "ability_types": {
                        "ability_type": "Extraordinary"
                    }, 
                    "source": "Advanced Player's Guide", 
                    "type": "ability"
                }, 
                {
                    "body": "<p id=\"solo-tactics\">At 3rd level, all of the inquisitor's allies are treated as if they possessed the same teamwork feats as the inquisitor for the purpose of determining whether the inquisitor receives a bonus from her teamwork feats. Her allies do not receive any bonuses from these feats unless they actually possess the feats themselves. The allies' positioning and actions must still meet the prerequisites listed in the teamwork feat for the inquisitor to receive the listed bonus.</p>", 
                    "name": "Solo Tactics", 
                    "url": "pfsrd://Advanced Players Guide/Classes/Inquisitor/Class Features/Solo Tactics", 
                    "ability_types": {
                        "ability_type": "Extraordinary"
                    }, 
                    "source": "Advanced Player's Guide", 
                    "type": "ability"
                }, 
                {
                    "body": "<p id=\"teamwork-feat\">At 3rd level, and every three levels thereafter, the inquisitor gains a bonus feat in addition to those gained from normal advancement. These bonus feats must be selected from those listed as teamwork feats. The inquisitor must meet the prerequisites of the selected bonus feat.</p><p>As a standard action, the inquisitor can choose to learn a new bonus teamwork feat in place of the most recent bonus teamwork feat she has already learned. In effect, the inquisitor loses the bonus feat in exchange for the new one. She can only change the most recent teamwork feat gained. Whenever she gains a new teamwork feat, the previous teamwork feat becomes set and cannot be changed again. An inquisitor can change her most recent teamwork feat a number of times per day equal to her Wisdom modifier.</p>", 
                    "url": "pfsrd://Advanced Players Guide/Classes/Inquisitor/Class Features/Teamwork Feat", 
                    "type": "section", 
                    "name": "Teamwork Feat", 
                    "source": "Advanced Player's Guide"
                }, 
                {
                    "body": "<p id=\"bane\">At 5th level, an inquisitor can imbue one of her weapons with the <i>bane</i> weapon special ability as a swift action. She must select one creature type when she uses this ability (and a subtype if the creature type selected is humanoid or outsider). Once selected, the type can be changed as a swift action. This ability only functions while the inquisitor wields the weapon. If dropped or taken, the weapon resumes granting this ability if it is returned to the inquisitor before the duration expires. This ability lasts for a number of rounds per day equal to the inquisitor's level. These rounds do not need to be consecutive. </p>", 
                    "name": "Bane", 
                    "url": "pfsrd://Advanced Players Guide/Classes/Inquisitor/Class Features/Bane", 
                    "ability_types": {
                        "ability_type": "Supernatural"
                    }, 
                    "source": "Advanced Player's Guide", 
                    "type": "ability"
                }, 
                {
                    "body": "<p id=\"discern-lies\">At 5th level, an inquisitor can <i>discern lies</i>, as per the spell, for a number of rounds per day equal to her inquisitor level. These rounds do not need to be consecutive. Activating this ability is an immediate action.</p>", 
                    "name": "Discern Lies", 
                    "url": "pfsrd://Advanced Players Guide/Classes/Inquisitor/Class Features/Discern Lies", 
                    "ability_types": {
                        "ability_type": "Spell-Like"
                    }, 
                    "source": "Advanced Player's Guide", 
                    "type": "ability"
                }, 
                {
                    "body": "<p id=\"second-judgment\">At 8th level, whenever an inquisitor uses her judgment ability, she selects two different judgments, instead of one. This only consumes one use of her judgment ability. As a swift action, she can change one of these judgments to another type. </p>", 
                    "name": "Second Judgment", 
                    "url": "pfsrd://Advanced Players Guide/Classes/Inquisitor/Class Features/Second Judgment", 
                    "ability_types": {
                        "ability_type": "Extraordinary"
                    }, 
                    "source": "Advanced Player's Guide", 
                    "type": "ability"
                }, 
                {
                    "body": "<p id=\"stalwart\">At 11th level, an inquisitor can use mental and physical resiliency to avoid certain attacks. If she makes a Fortitude or Will saving throw against an attack that has a reduced effect on a successful save, she instead avoids the effect entirely. This ability can only be used if the inquisitor is wearing light armor, medium armor, or no armor. A helpless inquisitor does not gain the benefit of the stalwart ability.</p>", 
                    "name": "Stalwart", 
                    "url": "pfsrd://Advanced Players Guide/Classes/Inquisitor/Class Features/Stalwart", 
                    "ability_types": {
                        "ability_type": "Extraordinary"
                    }, 
                    "source": "Advanced Player's Guide", 
                    "type": "ability"
                }, 
                {
                    "body": "<p id=\"greater-bane\">At 12th level, whenever an inquisitor uses her bane ability, the amount of bonus damage dealt by the weapon against creatures of the selected type increases to 4d6. </p>", 
                    "name": "Greater Bane", 
                    "url": "pfsrd://Advanced Players Guide/Classes/Inquisitor/Class Features/Greater Bane", 
                    "ability_types": {
                        "ability_type": "Supernatural"
                    }, 
                    "source": "Advanced Player's Guide", 
                    "type": "ability"
                }, 
                {
                    "body": "<p id=\"exploit-weakness\">At 14th level, the inquisitor learns to take advantage of any opportunity that presents itself. Whenever the inquisitor scores a critical hit, she ignores any damage reduction the target might have. In addition, if the target has regeneration, the creature loses regeneration on the round following the critical hit and can die normally during that round. Creatures whose regeneration always functions are immune to this ability. Finally, if the inquisitor deals energy damage to a creature with vulnerability to that energy type, she deals +1 point of damage per die rolled.</p>", 
                    "name": "Exploit Weakness", 
                    "url": "pfsrd://Advanced Players Guide/Classes/Inquisitor/Class Features/Exploit Weakness", 
                    "ability_types": {
                        "ability_type": "Extraordinary"
                    }, 
                    "source": "Advanced Player's Guide", 
                    "type": "ability"
                }, 
                {
                    "body": "<p id=\"third-judgment\">At 16th level, whenever an inquisitor uses her judgment ability, she selects three different judgments, instead of just two. This only consumes one use of her judgment ability. As a swift action, the inquisitor can change one of these judgments to another type. </p>", 
                    "name": "Third Judgment", 
                    "url": "pfsrd://Advanced Players Guide/Classes/Inquisitor/Class Features/Third Judgment", 
                    "ability_types": {
                        "ability_type": "Extraordinary"
                    }, 
                    "source": "Advanced Player's Guide", 
                    "type": "ability"
                }, 
                {
                    "body": "<p id=\"slayer\">At 17th level, an inquisitor learns to focus her judgment. Whenever an inquisitor uses her judgment ability, she must select one type of judgment. She is treated as if she were 5 levels higher for the purposes of determining the bonus granted by the judgment. Unlike other types of judgment, the one enhanced by this ability cannot be changed for the remainder of the judgment</p>", 
                    "name": "Slayer", 
                    "url": "pfsrd://Advanced Players Guide/Classes/Inquisitor/Class Features/Slayer", 
                    "ability_types": {
                        "ability_type": "Extraordinary"
                    }, 
                    "source": "Advanced Player's Guide", 
                    "type": "ability"
                }, 
                {
                    "body": "<p id=\"true-judgment\">At 20th level, an inquisitor can call true judgment down upon a foe during combat. Whenever an inquisitor uses her judgment ability, the inquisitor can invoke true judgment on a foe as a swift action. Once declared, the inquisitor can make a single melee (or ranged attack, if the foe is within 30 feet) against the target. If the attack hits, it deals damage normally and the target must make a Fortitude save or die. The DC of this save is equal to 10 + 1/2 the inquisitor's level + the inquisitor's Wisdom modifier. Regardless of whether or not the save is made, the target creature is immune to the inquisitor's true judgment ability for 24 hours. Once this ability has been used, it cannot be used again for 1d4 rounds.</p>", 
                    "name": "True Judgment", 
                    "url": "pfsrd://Advanced Players Guide/Classes/Inquisitor/Class Features/True Judgment", 
                    "ability_types": {
                        "ability_type": "Supernatural"
                    }, 
                    "source": "Advanced Player's Guide", 
                    "type": "ability"
                }, 
                {
                    "body": "<p id=\"chaotic,-evil,-good,-and-lawful-spells\">An inquisitor can't cast spells of an alignment opposed to her own or her deity's (if she has one). Spells associated with particular alignments are indicated by the chaotic, evil, good and lawful descriptors in their spell descriptions. </p>", 
                    "url": "pfsrd://Advanced Players Guide/Classes/Inquisitor/Class Features/Chaotic/Evil/Good/and Lawful Spells", 
                    "type": "section", 
                    "name": "Chaotic, Evil, Good, and Lawful Spells", 
                    "source": "Advanced Player's Guide"
                }
            ], 
            "name": "Class Features", 
            "source": "Advanced Player's Guide"
        }, 
        {
            "body": "<p>An inquisitor who slips into corruption or changes to a prohibited alignment loses all spells and the judgment ability. She cannot thereafter gain levels as an inquisitor until she atones (see the <i>atonement</i> spell description).</p>", 
            "url": "pfsrd://Advanced Players Guide/Classes/Inquisitor/Ex-Inquisitors", 
            "type": "section", 
            "name": "Ex-Inquisitors", 
            "source": "Advanced Player's Guide"
        }, 
        {
            "body": "<p>Inquisitors gain access to the following spells. While most of these spells are found in the <i>Core Rulebook</i>, those marked with an asterisk (*) appear in Chapter 5 of this book.</p>", 
            "name": "Inquisitor Spells", 
            "source": "Advanced Player's Guide", 
            "url": "pfsrd://Advanced Players Guide/Classes/Inquisitor/Inquisitor Spells", 
            "subtype": "spell_list", 
            "type": "embed", 
            "description": "inquisitor"
        }, 
        {
            "source": "Ultimate Magic", 
            "type": "link", 
            "name": "Inquisitions: Ultimate Magic"
        }, 
        {
            "source": "Ultimate Combat", 
            "type": "link", 
            "name": "Inquisitons: Ultimate Combat"
        }, 
        {
            "url": "pfsrd://Advanced Players Guide/Classes/Inquisitor/Inquisitor Archetypes", 
            "type": "section", 
            "sections": [
                {
                    "source": "Ultimate Magic", 
                    "type": "link", 
                    "name": "Inquisitor Archetypes: Ultimate Magic"
                }, 
                {
                    "source": "Ultimate Combat", 
                    "type": "link", 
                    "name": "Inquisitor Archetypes: Ultimate Combat"
                }
            ], 
            "name": "Inquisitor Archetypes", 
            "source": "Core Rulebook"
        }
    ], 
    "alignment": "An inquisitor's alignment must be within one step of her deity's, along either the law/chaos axis or the good/evil axis."
}