{
    "slot": "ring", 
    "name": "Dungeon Ring", 
    "weight": "&mdash", 
    "cl": "8th", 
    "url": "pfsrd://Advanced Players Guide/Rules/Magic Items/Rings/Dungeon Ring", 
    "type": "item", 
    "price": "16,000 gp (jailer's ring), 250 gp (prisoner's ring)", 
    "misc": {
        "Construction": {
            "Cost": "8,000 gp (jailer's ring), 125 gp (prisoner's ring)", 
            "Requirements": "Forge Ring, scrying, status"
        }
    }, 
    "source": "Advanced Player's Guide", 
    "aura": "moderate divination", 
    "subtype": "ring", 
    "sections": [
        {
            "body": "<p>A <i>jailer's dungeon ring</i> is worked gold, set with a carnelian. The ring is magically attuned to one or more iron <i>prisoner's dungeon rings</i>. When the wearer of a <i>jailer's ring</i> places a <i>prisoner's ring</i> on a subject, the prisoner cannot remove the ring without the use of a <i>remove curse</i>, <i>limited wish</i>, <i>miracle</i>, or <i>wish</i> spell. The wearer of the <i>jailer's ring</i> can also remove a linked <i>prisoner's ring</i> at any time.</p><p>The jailer is aware of any wearer of a linked <i>prisoner's ring</i> like a constant <i>status</i> spell. Additionally, all wearers of linked <i>prisoner's rings</i> count as familiar to the jailer for purposes of spells such as <i>scrying</i> and <i>teleport</i>.</p>", 
            "source": "Advanced Player's Guide", 
            "type": "section", 
            "name": "Description"
        }
    ]
}