{
    "slot": "ring", 
    "name": "Ring of Maniacal Devices", 
    "weight": "&mdash", 
    "cl": "3rd", 
    "url": "pfsrd://Advanced Players Guide/Rules/Magic Items/Rings/Ring of Maniacal Devices", 
    "type": "item", 
    "price": "5,000 gp", 
    "misc": {
        "Construction": {
            "Cost": "2,500 gp", 
            "Requirements": "Forge Ring, fox's cunning, creator must have 5 ranks in the relevant skill"
        }
    }, 
    "source": "Advanced Player's Guide", 
    "aura": "faint transmutation", 
    "subtype": "ring", 
    "sections": [
        {
            "body": "<p>This deceptively precious looking ring grants the wearer a +5 competence bonus on all Craft (traps) and Disable Device checks. Even if he has no ranks in these skills, the wearer may make Craft (traps) and Disable Device checks as if he were trained in them.</p>", 
            "source": "Advanced Player's Guide", 
            "type": "section", 
            "name": "Description"
        }
    ]
}