{
    "slot": "ring", 
    "name": "Ring of Heroes", 
    "weight": "&mdash", 
    "cl": "7th", 
    "url": "pfsrd://Advanced Players Guide/Rules/New Rules/Hero Points/Hero Point Magic Items/Ring of Heroes", 
    "type": "item", 
    "price": "8,000 gp", 
    "misc": {
        "Construction": {
            "Cost": "4,000 gp", 
            "Requirements": "Forge Ring, Luck of Heroes"
        }
    }, 
    "source": "Advanced Player's Guide", 
    "aura": "moderate (no school)", 
    "subtype": "ring", 
    "sections": [
        {
            "body": "<p>Sculpted in the shape of two noble looking bronze lions charging toward a centrally placed garnet, this ring grants the wearer the Luck of Heroes feat. The ring must be worn for 24 hours before it takes effect. The wearer can also call upon the ring's power to gain a hero point that must be used immediately, although this causes the ring to lose its powers permanently.</p>", 
            "source": "Advanced Player's Guide", 
            "type": "section", 
            "name": "Description"
        }
    ]
}