{
    "slot": "ring", 
    "name": "Ring of Retribution", 
    "weight": "&mdash", 
    "cl": "13th", 
    "url": "pfsrd://Advanced Players Guide/Rules/Magic Items/Rings/Ring of Retribution", 
    "type": "item", 
    "price": "15,000 gp", 
    "misc": {
        "Construction": {
            "Cost": "7,500 gp", 
            "Requirements": "Forge Ring, Quicken Spell, fireball"
        }
    }, 
    "source": "Advanced Player's Guide", 
    "aura": "strong evocation", 
    "subtype": "ring", 
    "sections": [
        {
            "body": "<p>Once per day, the wearer of this charred bone ring may, as an immediate action, cause it to detonate in a 30-foot-radius burst that deals 10d6 points of fire damage (Reflex DC 14 half). If the wearer is killed by the detonation, all magical equipment he carries must also save or take fire damage, and all nonmagical equipment takes this damage with no saving throw. This explosion never destroys the ring.</p>", 
            "source": "Advanced Player's Guide", 
            "type": "section", 
            "name": "Description"
        }
    ]
}