{
    "slot": "chest", 
    "name": "All Tools Vest", 
    "weight": "5 lbs.", 
    "cl": "1st", 
    "url": "pfsrd://Advanced Players Guide/Rules/Magic Items/Wondrous Items/All Tools Vest", 
    "type": "item", 
    "price": "1,800 gp", 
    "misc": {
        "Construction": {
            "Cost": "900 gp", 
            "Requirements": "Craft Wondrous Item, summon instrument"
        }
    }, 
    "source": "Advanced Player's Guide", 
    "aura": "faint conjuration", 
    "subtype": "chest", 
    "sections": [
        {
            "body": "<p>The stitching along the many pockets of this light leather vest depicts cheerful laborers going about their daily work. Once per day, as a standard action, the wearer can speak its command word and order it to bring forth all the standard tools required to make checks for any one Craft skill. These tools appear in the countless pockets of the vest or, if too heavy, on the floor, on a nearby shelf, on a workbench, or in a toolbox or cupboard that appears nearby. Once summoned, they remain for 24 hours or until another creature touches them, whichever comes first.</p>", 
            "source": "Advanced Player's Guide", 
            "type": "section", 
            "name": "Description"
        }
    ]
}