{
    "slot": "chest", 
    "name": "Sash of the War Champion", 
    "weight": "1 lb.", 
    "cl": "9th", 
    "url": "pfsrd://Advanced Players Guide/Rules/Magic Items/Wondrous Items/Sash of the War Champion", 
    "type": "item", 
    "price": "4,000 gp", 
    "misc": {
        "Construction": {
            "Cost": "2,000 gp", 
            "Requirements": "Craft Wondrous Item, cat's grace, remove fear"
        }
    }, 
    "source": "Advanced Player's Guide", 
    "aura": "moderate abjuration", 
    "subtype": "chest", 
    "sections": [
        {
            "body": "<p>This bright red strip of cloth, stitched with images of a cheering crowd throwing garlands toward a chariot, fits across the wearer's shoulders and then diagonally down his chest to reach his opposite hip. The wearer treats his fighter level as 4 higher than normal for the purpose of the armor training and bravery class features.</p>", 
            "source": "Advanced Player's Guide", 
            "type": "section", 
            "name": "Description"
        }
    ]
}