{
    "slot": "chest", 
    "name": "Vest of the Cockroach", 
    "weight": "2 lbs.", 
    "cl": "3rd", 
    "url": "pfsrd://Advanced Players Guide/Rules/Magic Items/Wondrous Items/Vest of the Cockroach", 
    "type": "item", 
    "price": "16,000 gp", 
    "misc": {
        "Construction": {
            "Cost": "8,000 gp", 
            "Requirements": "Craft Wondrous Item, false life"
        }
    }, 
    "source": "Advanced Player's Guide", 
    "aura": "faint necromancy", 
    "subtype": "chest", 
    "sections": [
        {
            "body": "<p>This padded and slightly bulky vest, made from dyed, red-brown cloth, causes its wearer to feel vaguely uncomfortable whenever lying prone. If the wearer is a rogue, she gains the resiliency rogue talent. If she already has this talent, activating the talent grants her 2 hit points per rogue level instead of 1.</p>", 
            "source": "Advanced Player's Guide", 
            "type": "section", 
            "name": "Description"
        }
    ]
}