{
    "slot": "hands", 
    "name": "Gloves of Dueling", 
    "weight": "&mdash", 
    "cl": "5th", 
    "url": "pfsrd://Advanced Players Guide/Rules/Magic Items/Wondrous Items/Gloves of Dueling", 
    "type": "item", 
    "price": "15,000 gp", 
    "misc": {
        "Construction": {
            "Cost": "7,500 gp", 
            "Requirements": "Craft Wondrous Item, greater magic weapon"
        }
    }, 
    "source": "Advanced Player's Guide", 
    "aura": "faint transmutation", 
    "subtype": "hands", 
    "sections": [
        {
            "body": "<p>These supple leather gloves grant the wearer gains a +4 bonus to his CMD against disarm attacks, attempts to sunder his wielded weapons, and effects that cause him to lose his grip on his weapons (such as <i>grease</i>). The wearer doesn't drop held weapons when panicked or stunned. If the wearer has the weapon training class feature and is using an appropriate weapon, his weapon training bonus increases by +2.</p>", 
            "source": "Advanced Player's Guide", 
            "type": "section", 
            "name": "Description"
        }
    ]
}