{
    "slot": "hands", 
    "name": "Glowing Glove", 
    "weight": "&mdash", 
    "cl": "1st", 
    "url": "pfsrd://Advanced Players Guide/Rules/Magic Items/Wondrous Items/Glowing Glove", 
    "type": "item", 
    "price": "2,000 gp", 
    "misc": {
        "Construction": {
            "Cost": "1,000 gp", 
            "Requirements": "Craft Wondrous Item, arcane mark"
        }
    }, 
    "source": "Advanced Player's Guide", 
    "aura": "faint universal", 
    "subtype": "hands", 
    "sections": [
        {
            "body": "<p>The wearer of this slender white leather glove may, as a standard action, press it against any surface or object and cause a luminous handprint to appear. This print glows with any color the wearer wishes, sheds light as a candle, and is easily visible from a distance of up to 60 feet. These handprints last for 1 day before fading away. The glowing handprint matches the wearer's hand in terms of size, position of fingers, and so on.</p>", 
            "source": "Advanced Player's Guide", 
            "type": "section", 
            "name": "Description"
        }
    ]
}