{
    "body": "<p>The antipaladin's class skills are Bluff (Cha), Craft (Int), Disguise (Cha), Handle Animal (Cha), Intimidate (Cha), Knowledge (religion) (Int), Profession (Wis), Ride (Dex), Sense Motive (Wis), Spellcraft (Int), and Stealth (Dex).</p>", 
    "name": "Class Skills", 
    "source": "Advanced Player's Guide", 
    "url": "pfsrd://Advanced Players Guide/Rules/Core Classes/Paladin/Antipaladin/Class Skills", 
    "type": "class_archetype", 
    "subtype": "paladin", 
    "sections": [
        {
            "body": "<p id=\"skill-ranks-per-level\">2 + Int modifier.</p>", 
            "source": "Advanced Player's Guide", 
            "type": "section", 
            "name": "Skill Ranks per Level"
        }, 
        {
            "body": "<p>Not all paladins that fall become antipaladins. In fact, the transformation is quite rare. Most paladins spend months or even years regaining their paladinhood, but they never stray so far from the path as to become irredeemable. Rarely, a paladin turns from the light and seeks instead to make a pact with the dark powers. Often this is through temptation or some sort of ruse, but once the deal is struck, the paladin finds himself on the path to damnation. </p><p>When such a fall occurs, the transformation can be swift. The paladin trades in all of his paladin levels for antipaladin levels on a 1-for-1 basis. This is usually a traumatic experience, involving a complex ritual that involves a living sacrifice and dark oaths made to foul powers (who sometimes send minions to bear witness). Once complete, the anitpaladin emerges, ready to bring ruin to the world.</p><p>It should be noted that not all antipaladins are fallen heroes. Some warriors are trained from a young age to assume the mantle of antipaladin, forged through pain and trauma into exemplars of evil. These cruel warriors know nothing of compassion or loyalty, but they can teach a great deal about pain and suffering.</p>", 
            "name": "Fall From Grace", 
            "url": "pfsrd://Advanced Players Guide/Rules/Core Classes/Paladin/Antipaladin/Class Skills/Fall From Grace", 
            "type": "section", 
            "source": "Advanced Player's Guide", 
            "sections": [
                {
                    "body": "<table id=\"table-2-13:-antipaladin\"><caption>Table:  Antipaladin</caption><thead><tr id=\"level-bonus-save-save-save-special-1st-2nd-3rd-4th\"><th rowspan=\"2\">Level</th><th rowspan=\"2\">Base Attack Bonus</th><th rowspan=\"2\">Fort Save</th><th rowspan=\"2\">Ref Save</th><th rowspan=\"2\">Will Save</th><th rowspan=\"2\">Special</th><th colspan=\"4\">Spells per Day</th></tr><tr><th>1st</th><th>2nd</th><th>3rd</th><th>4th</th></tr></thead><tr class=\"odd\"><td>1st</td><td>+1</td><td>+2</td><td>+0</td><td>+2</td><td style=\"white-space: normal;\">Aura of evil<i>, </i>detect good, smite good 1/day</td><td>&mdash;</td><td>&mdash;</td><td>&mdash;</td><td>&mdash;</td></tr><tr class=\"even\"><td>2nd</td><td>+2</td><td>+3</td><td>+0</td><td>+3</td><td style=\"white-space: normal;\">Touch of corruption, unholy resilience</td><td>&mdash;</td><td>&mdash;</td><td>&mdash;</td><td>&mdash;</td></tr><tr class=\"odd\"><td>3rd</td><td>+3</td><td>+3</td><td>+1</td><td>+3</td><td style=\"white-space: normal;\">Aura of cowardice, cruelty, plague bringer</td><td>&mdash;</td><td>&mdash;</td><td>&mdash;</td><td>&mdash;</td></tr><tr class=\"even\"><td>4th</td><td>+4</td><td>+4</td><td>+1</td><td>+4</td><td style=\"white-space: normal;\">Channel negative energy, smite good 2/day</td><td>0</td><td>&mdash;</td><td>&mdash;</td><td>&mdash;</td></tr><tr class=\"odd\"><td>5th</td><td>+5</td><td>+4</td><td>+1</td><td>+4</td><td style=\"white-space: normal;\">Fiendish boon</td><td>1</td><td>&mdash;</td><td>&mdash;</td><td>&mdash;</td></tr><tr class=\"even\"><td>6th</td><td>+6/+1</td><td>+5</td><td>+2</td><td>+5</td><td style=\"white-space: normal;\">Cruelty</td><td>1</td><td>&mdash;</td><td>&mdash;</td><td>&mdash;</td></tr><tr class=\"odd\"><td>7th</td><td>+7/+2</td><td>+5</td><td>+2</td><td>+5</td><td style=\"white-space: normal;\">Smite good 3/day</td><td>1</td><td>0</td><td>&mdash;</td><td>&mdash;</td></tr><tr class=\"even\"><td>8th</td><td>+8/+3</td><td>+6</td><td>+2</td><td>+6</td><td style=\"white-space: normal;\">Aura of despair</td><td>1</td><td>1</td><td>&mdash;</td><td>&mdash;</td></tr><tr class=\"odd\"><td>9th</td><td>+9/+4</td><td>+6</td><td>+3</td><td>+6</td><td style=\"white-space: normal;\">Cruelty</td><td>2</td><td>1</td><td>&mdash;</td><td>&mdash;</td></tr><tr class=\"even\"><td>10th</td><td>+10/+5</td><td>+7</td><td>+3</td><td>+7</td><td style=\"white-space: normal;\">Smite good 4/day</td><td>2</td><td>1</td><td>0</td><td>&mdash;</td></tr><tr class=\"odd\"><td>11th</td><td>+11/+6/+1</td><td>+7</td><td>+3</td><td>+7</td><td style=\"white-space: normal;\">Aura of vengeance</td><td>2</td><td>1</td><td>1</td><td>&mdash;</td></tr><tr class=\"even\"><td>12th</td><td>+12/+7/+2</td><td>+8</td><td>+4</td><td>+8</td><td style=\"white-space: normal;\">Cruelty</td><td>2</td><td>2</td><td>1</td><td>&mdash;</td></tr><tr class=\"odd\"><td>13th</td><td>+13/+8/+3</td><td>+8</td><td>+4</td><td>+8</td><td style=\"white-space: normal;\">Smite good 5/day</td><td>3</td><td>2</td><td>1</td><td>0</td></tr><tr class=\"even\"><td>14th</td><td>+14/+9/+4</td><td>+9</td><td>+4</td><td>+9</td><td style=\"white-space: normal;\">Aura of sin</td><td>3</td><td>2</td><td>1</td><td>1</td></tr><tr class=\"odd\"><td>15th</td><td>+15/+10/+5</td><td>+9</td><td>+5</td><td>+9</td><td style=\"white-space: normal;\">Cruelty</td><td>3</td><td>2</td><td>2</td><td>1</td></tr><tr class=\"even\"><td>16th</td><td>+16/+11/+6/+1</td><td>+10</td><td>+5</td><td>+10</td><td style=\"white-space: normal;\">Smite good 6/day</td><td>3</td><td>3</td><td>2</td><td>1</td></tr><tr class=\"odd\"><td>17th</td><td>+17/+12/+7/+2</td><td>+10</td><td>+5</td><td>+10</td><td style=\"white-space: normal;\">Aura of depravity</td><td>4</td><td>3</td><td>2</td><td>1</td></tr><tr class=\"even\"><td>18th</td><td>+18/+13/+8/+3</td><td>+11</td><td>+6</td><td>+11</td><td style=\"white-space: normal;\">Cruelty</td><td>4</td><td>3</td><td>2</td><td>2</td></tr><tr class=\"odd\"><td>19th</td><td>+19/+14/+9/+4</td><td>+11</td><td>+6</td><td>+11</td><td style=\"white-space: normal;\">Smite good 7/day</td><td>4</td><td>3</td><td>3</td><td>2</td></tr><tr class=\"even\"><td>20th</td><td>+20/+15/+10/+5</td><td>+12</td><td>+6</td><td>+12</td><td style=\"white-space: normal;\">Unholy champion</td><td>4</td><td>4</td><td>3</td><td>3</td></tr></table>", 
                    "url": "pfsrd://Advanced Players Guide/Rules/Core Classes/Paladin/Antipaladin/Class Skills/Fall From Grace/Table Antipaladin", 
                    "type": "table", 
                    "name": "Table: Antipaladin", 
                    "source": "Advanced Player's Guide"
                }
            ]
        }
    ]
}