{
    "body": "<p>A antipaladin who ceases to be chaotic evil, who willfully commits an good act, or who violates the code of conduct loses all antipaladin spells and class features (including the fiendish boon, but not weapon, armor, and shield proficiencies). He may not progress any further in levels as an antipaladin. He regains his abilities and advancement potential if he atones for his violations (see the <i>atonement</i> spell), as appropriate.</p>", 
    "name": "Ex-Antipaladins", 
    "source": "Advanced Player's Guide", 
    "url": "pfsrd://Advanced Players Guide/Rules/Core Classes/Paladin/Antipaladin/Ex-Antipaladins", 
    "subtype": "paladin", 
    "type": "class_archetype"
}