{
    "body": "<p>While paladins often are seen mounted atop a loyal steed, the shining knight is the true symbol of mounted bravery. They are never far from their steeds and are always clad in brightly polished armor. The shining knight has the following class features.</p>", 
    "name": "Shining Knight", 
    "source": "Advanced Player's Guide", 
    "url": "pfsrd://Advanced Players Guide/Rules/Core Classes/Paladin/Paladin Archetypes/Shining Knight", 
    "type": "class_archetype", 
    "subtype": "paladin", 
    "sections": [
        {
            "body": "<p id=\"skilled-rider-(ex-and-su)\">At 3rd level, a shining knight does not take any penalty to her Ride skill due to her armor check penalty. In addition, any mount she is riding gains the benefit of her divine grace class feature, adding her Charisma bonus (if any) to its saving throws. This ability replaces divine health.</p>", 
            "name": "Skilled Rider", 
            "url": "pfsrd://Advanced Players Guide/Rules/Core Classes/Paladin/Paladin Archetypes/Shining Knight/Skilled Rider", 
            "ability_types": {
                "ability_type": "Supernatural"
            }, 
            "source": "Advanced Player's Guide", 
            "type": "ability"
        }, 
        {
            "body": "<p id=\"divine-bond\">Upon reaching 5th level, a shining knight must form a bond with a mount. This ability otherwise functions as the paladin ability.</p>", 
            "name": "Divine Bond", 
            "url": "pfsrd://Advanced Players Guide/Rules/Core Classes/Paladin/Paladin Archetypes/Shining Knight/Divine Bond", 
            "ability_types": {
                "ability_type": "Supernatural"
            }, 
            "source": "Advanced Player's Guide", 
            "type": "ability"
        }, 
        {
            "body": "<p id=\"knight's-charge\">At 11th level, whenever a mounted shining knight charges a foe, her movement does not provoke attacks of opportunity, for either her or her mount. In addition, if her target is also the target of her smite evil ability and the charge attack hits, the target must make a Will save or be panicked for a number of rounds equal to 1/2 the shining knight's level. The DC of this save is equal to 10 + 1/2 the shining knight's level + the shining knight's Charisma modifier. This ability replaces aura of justice.</p>", 
            "name": "Knight's Charge", 
            "url": "pfsrd://Advanced Players Guide/Rules/Core Classes/Paladin/Paladin Archetypes/Shining Knight/Knights Charge", 
            "ability_types": {
                "ability_type": "Supernatural"
            }, 
            "source": "Advanced Player's Guide", 
            "type": "ability"
        }
    ]
}