{
    "slot": "body", 
    "name": "Robes of Arcane Heritage", 
    "weight": "1 lb.", 
    "cl": "9th", 
    "url": "pfsrd://Advanced Players Guide/Rules/Magic Items/Wondrous Items/Robes of Arcane Heritage", 
    "type": "item", 
    "price": "16,000 gp", 
    "misc": {
        "Construction": {
            "Cost": "8,000 gp", 
            "Requirements": "Craft Wondrous Item, speak with dead, creator must be a sorcerer"
        }
    }, 
    "source": "Advanced Player's Guide", 
    "aura": "moderate necromancy", 
    "subtype": "body", 
    "sections": [
        {
            "body": "<p>These elegant, dark purple and royal blue robes are usually decorated with gold stitching depicting a sorcerer bloodline, though some indicate a family tree. The stitching changes to match the sorcerer bloodline of the wearer. The wearer treats her sorcerer level as 4 higher than normal for the purpose of determining what bloodline powers she can use and their effects.</p>", 
            "source": "Advanced Player's Guide", 
            "type": "section", 
            "name": "Description"
        }
    ]
}