{
    "slot": "eyes", 
    "name": "Annihilation Spectacles", 
    "weight": "1/4 lb.", 
    "cl": "11th", 
    "url": "pfsrd://Advanced Players Guide/Rules/Magic Items/Wondrous Items/Annihilation Spectacles", 
    "type": "item", 
    "price": "25,000 gp", 
    "misc": {
        "Construction": {
            "Cost": "12,500 gp", 
            "Requirements": "Craft Wondrous Item, disintegrate, creator must be a transmuter"
        }
    }, 
    "source": "Advanced Player's Guide", 
    "aura": "moderate transmutation", 
    "subtype": "eyes", 
    "sections": [
        {
            "body": "<p>Creatures viewed through these darkly tinted glasses sometimes seem, ever so briefly, to flicker in and out of existence. A transmuter can use these spectacles to spontaneously convert any prepared wizard transmutation spell into any other wizard transmutation spell he knows; the desired spell must be of the same level or lower than the prepared spell. Once per day, he may use the spectacles to spontaneously cast <i>disintegrate</i> in place of one of his prepared transmutation wizard spells of 6th level or higher, even if he doesn't know that spell.</p>", 
            "source": "Advanced Player's Guide", 
            "type": "section", 
            "name": "Description"
        }
    ]
}