{
    "slot": "eyes", 
    "name": "Sniper Goggles", 
    "weight": "1 lb.", 
    "cl": "5th", 
    "url": "pfsrd://Advanced Players Guide/Rules/Magic Items/Wondrous Items/Sniper Goggles", 
    "type": "item", 
    "price": "20,000 gp", 
    "misc": {
        "Construction": {
            "Cost": "10,000 gp", 
            "Requirements": "Craft Wondrous Item, true strike"
        }
    }, 
    "source": "Advanced Player's Guide", 
    "aura": "faint divination", 
    "subtype": "eyes", 
    "sections": [
        {
            "body": "<p>The leather strap attached to these bulbous lenses allows their wearer to fit them to his head. The wearer of these goggles can make ranged sneak attacks from any distance instead of the normal 30 feet. When making ranged sneak attacks within 30 feet, the wearer gains a +2 circumstance bonus on each sneak attack damage die.</p>", 
            "source": "Advanced Player's Guide", 
            "type": "section", 
            "name": "Description"
        }
    ]
}