{
    "body": "<p id=\"agile-breastplate\">This breastplate is specially crafted in a manner that allows extra maneuverability for some physical activities. The armor check penalty for Climb checks and jump checks is only &ndash;1 (masterwork and mithral versions of this armor reduce this penalty as well as the normal penalty).</p>", 
    "name": "Agile Breastplate", 
    "weight": "25 lbs.", 
    "url": "pfsrd://Advanced Players Guide/Rules/Gear/Armor/Agile Breastplate", 
    "price": "400 gp", 
    "misc": {
        "Armor": {
            "Armor Check Penalty": "&ndash;4", 
            "Maximum Dex Bonus": "+3", 
            "Arcane Spell Failure Chance": "25%", 
            "Armor Type": "Medium Armor", 
            "Armor Bonus": "+6", 
            "Speed (20 ft.)": "15 ft.", 
            "Speed (30 ft.)": "20 ft."
        }
    }, 
    "source": "Advanced Player's Guide", 
    "type": "item"
}