{
    "body": "<p id=\"alchemical-grease\">Each pot of this slick black goo has sufficient contents to cover one Medium or two Small creatures. If you coat yourself in alchemical grease, you gain a +5 alchemical bonus on Escape Artist checks, on combat maneuver checks made to escape a grapple, and to your CMD to avoid being grappled; this lasts 4 hours or until you wash it off.</p>", 
    "name": "Alchemical Grease", 
    "weight": "1 lb.", 
    "url": "pfsrd://Advanced Players Guide/Rules/Gear/Goods and Services/Special Substances and Items/Alchemical Grease", 
    "price": "5 gp", 
    "misc": {
        "null": {
            "Gear Type": "Special Substances and Items", 
            "Craft DC": "15"
        }
    }, 
    "source": "Advanced Player's Guide", 
    "type": "item"
}