{
    "body": "<p id=\"alchemist's-kindness\">Favored by young rakes and others of means, this is a crystalline powder resembling salt. Mixed with water, it makes a fizzing cocktail that eliminates the effects of a hangover within 10 minutes of drinking it.</p>", 
    "name": "Alchemist's Kindness", 
    "weight": "&mdash;", 
    "url": "pfsrd://Advanced Players Guide/Rules/Gear/Goods and Services/Special Substances and Items/Alchemists Kindness", 
    "price": "1 gp", 
    "misc": {
        "null": {
            "Gear Type": "Special Substances and Items", 
            "Craft DC": "20"
        }
    }, 
    "source": "Advanced Player's Guide", 
    "type": "item"
}