{
    "body": "<p id=\"alchemist's-lab,-portable\">This compact version of a full-sized alchemist's lab provides a +1 circumstance bonus on Craft (alchemy) checks.</p>", 
    "name": "Alchemist's Lab, Portable", 
    "weight": "20 lbs.", 
    "url": "pfsrd://Advanced Players Guide/Rules/Gear/Goods and Services/Tools and Skill Kits/Alchemists Lab/Portable", 
    "price": "75 gp", 
    "misc": {
        "null": {
            "Gear Type": "Tools and Skill Kits"
        }
    }, 
    "source": "Advanced Player's Guide", 
    "type": "item"
}