{
    "body": "<p id=\"animal-harness\">This leather or hemp harness allows a holder to restrain and control a domesticated animal. Ready-made harnesses are available in most markets for common domesticated animals such as cats, dogs, horses, and oxen, but harnesses can be made for nearly any creature.</p>", 
    "name": "Animal Harness", 
    "weight": "2 lbs.", 
    "url": "pfsrd://Advanced Players Guide/Rules/Gear/Goods and Services/Animal-Related Gear/Animal Harness", 
    "price": "2 gp", 
    "misc": {
        "null": {
            "Gear Type": "Animal-Related Gear"
        }
    }, 
    "source": "Advanced Player's Guide", 
    "type": "item"
}