{
    "body": "<p id=\"antiplague\">If you drink a vial of this foul-tasting, milky tonic, you gain a +5 alchemical bonus on Fortitude saving throws against disease for the next hour. If already infected, you may also make two saving throws (without the +5 bonus) that day and use the better result.</p>", 
    "name": "Antiplague", 
    "weight": "&mdash;", 
    "url": "pfsrd://Advanced Players Guide/Rules/Gear/Goods and Services/Special Substances and Items/Antiplague", 
    "price": "50 gp/vial", 
    "misc": {
        "null": {
            "Gear Type": "Special Substances and Items", 
            "Craft DC": "25"
        }
    }, 
    "source": "Advanced Player's Guide", 
    "type": "item"
}