{
    "slot": "none", 
    "name": "Apple of Eternal Sleep", 
    "weight": "&mdash", 
    "cl": "10th", 
    "url": "pfsrd://Advanced Players Guide/Rules/Magic Items/Wondrous Items/Apple of Eternal Sleep", 
    "type": "item", 
    "price": "2,500 gp", 
    "misc": {
        "Construction": {
            "Cost": "1,125 gp", 
            "Requirements": "Brew Potion, Craft Wondrous Item, eternal sleep hex"
        }
    }, 
    "source": "Advanced Player's Guide", 
    "aura": "moderate enchantment", 
    "sections": [
        {
            "body": "<p>This beautiful, ripe red apple appears fresh and tempting. Should anyone bite into it (even a small taste), he must make an immediate DC 19 Will saving throw or be stricken by eternal sleep, the same as the witch's hex of that name. The victim can only be awakened by a casting of <i>break enchantment</i>, <i>limited wish</i>, <i>wish</i>, or <i>miracle</i>, or by a kiss from someone of royal blood.</p>", 
            "source": "Advanced Player's Guide", 
            "type": "section", 
            "name": "Description"
        }
    ]
}