{
    "body": "<p id=\"arrow,-blunt\">These arrows have rounded wooden tips. They deal bludgeoning damage rather than piercing damage. An archer can use a blunt arrow to deal nonlethal damage (at the normal &ndash;4 attack penalty for using a lethal weapon to deal nonlethal damage).</p>", 
    "name": "Arrow, Blunt", 
    "weight": "3 lbs.", 
    "url": "pfsrd://Advanced Players Guide/Rules/Gear/Weapons/Arrow/Blunt", 
    "price": "2 gp/20", 
    "misc": {
        "Weapon": {
            "Proficiency": "Martial Weapons", 
            "Weapon Class": "Ranged Weapons", 
            "Type": "B", 
            "Special": "see text"
        }
    }, 
    "source": "Advanced Player's Guide", 
    "type": "item"
}