{
    "body": "<p id=\"arrow,-flight\">These arrows have light shafts and special fletchings to give them greater range. A flight arrow's range increment is 20 feet greater with longbows, 10 feet greater with shortbows. They deal damage as if one size category smaller.</p>", 
    "name": "Arrow, Flight", 
    "weight": "3 lbs.", 
    "url": "pfsrd://Advanced Players Guide/Rules/Gear/Weapons/Arrow/Flight", 
    "price": "2 gp/20", 
    "misc": {
        "Weapon": {
            "Proficiency": "Martial Weapons", 
            "Weapon Class": "Ranged Weapons", 
            "Range": "see text", 
            "Type": "P", 
            "Special": "see text"
        }
    }, 
    "source": "Advanced Player's Guide", 
    "type": "item"
}