{
    "body": "<p id=\"arrow,-smoke\">This arrow is actually a specially-shaped smokestick that can be fired from a bow. It trails smoke as it flies, and creates a 5-foot cube of smoke where it strikes. It otherwise functions like a normal arrow in terms of damage, range, and so on.</p>", 
    "name": "Arrow, Smoke", 
    "weight": "&mdash;", 
    "url": "pfsrd://Advanced Players Guide/Rules/Gear/Weapons/Arrow/Smoke", 
    "price": "10 gp", 
    "misc": {
        "Weapon": {
            "Proficiency": "Martial Weapons", 
            "Weapon Class": "Ranged Weapons", 
            "Type": "P", 
            "Special": "see text"
        }
    }, 
    "source": "Advanced Player's Guide", 
    "type": "item"
}