{
    "body": "<p id=\"balancing-pole\">These flexible poles range from 15&ndash;30 feet in length and, when used properly, help you keep your balance when crossing narrow walkways. Using a balancing pole grants you a +1 circumstance bonus on Acrobatics checks made to traverse a narrow surface.</p>", 
    "name": "Balancing Pole", 
    "weight": "12 lbs.", 
    "url": "pfsrd://Advanced Players Guide/Rules/Gear/Goods and Services/Tools and Skill Kits/Balancing Pole", 
    "price": "8 sp", 
    "misc": {
        "null": {
            "Gear Type": "Tools and Skill Kits"
        }
    }, 
    "source": "Advanced Player's Guide", 
    "type": "item"
}