{
    "body": "<p id=\"bardiche\">The crescent axe-blade of this polearm is attached to the haft at two points: the center of the blade attaches to a socket at the top of the haft, and the lower point of the blade attaches to a secondary mount point. The blade is often very long, sometimes almost as long as the haft. You gain a +2 bonus to your CMD to resist sunder attempts against a bardiche.</p>", 
    "name": "Bardiche", 
    "weight": "14 lbs.", 
    "url": "pfsrd://Advanced Players Guide/Rules/Gear/Weapons/Bardiche", 
    "price": "13 gp", 
    "misc": {
        "Weapon": {
            "Weapon Class": "Two-Handed Melee Weapons", 
            "Special": "brace, reach, see text", 
            "Dmg (S)": "1d8", 
            "Proficiency": "Martial Weapons", 
            "Critical": "19&ndash;20/&times;2", 
            "Dmg (M)": "1d10", 
            "Dmg (L)": "2d8", 
            "Type": "S", 
            "Dmg (T)": "1d6"
        }
    }, 
    "source": "Advanced Player's Guide", 
    "type": "item"
}