{
    "body": "<p id=\"bayonet\">Bayonets are close combat weapons designed to fit into the grooves or muzzles of crossbows and firearms. They allow you to make melee attacks with these weapons but render them temporarily useless as ranged weapons. Attaching or removing a bayonet is a move action.</p>", 
    "name": "Bayonet", 
    "weight": "1 lb.", 
    "url": "pfsrd://Advanced Players Guide/Rules/Gear/Weapons/Bayonet", 
    "price": "5 gp", 
    "misc": {
        "Weapon": {
            "Weapon Class": "Two-Handed Melee Weapons", 
            "Dmg (S)": "1d4", 
            "Proficiency": "Simple Weapons", 
            "Critical": "&times;2", 
            "Dmg (M)": "1d6", 
            "Dmg (L)": "1d8", 
            "Type": "P", 
            "Dmg (T)": "1d3"
        }
    }, 
    "source": "Advanced Player's Guide", 
    "type": "item"
}