{
    "body": "<p id=\"bec-de-corbin\">The bec de corbin is a polearm very similar to the lucerne hammer, but the hammer head is blunt rather than spiked and the spike is stouter and more hooked. You primarily attack with the spike. You gain a +2 bonus to your CMB to sunder medium or heavy armor with a bec de corbin.</p>", 
    "name": "Bec de Corbin", 
    "weight": "12 lbs.", 
    "url": "pfsrd://Advanced Players Guide/Rules/Gear/Weapons/Bec de Corbin", 
    "price": "15 gp", 
    "misc": {
        "Weapon": {
            "Weapon Class": "Two-Handed Melee Weapons", 
            "Special": "brace, reach, see text", 
            "Dmg (S)": "1d8", 
            "Proficiency": "Martial Weapons", 
            "Critical": "&times;3", 
            "Dmg (M)": "1d10", 
            "Dmg (L)": "2d8", 
            "Type": "B or P", 
            "Dmg (T)": "1d6"
        }
    }, 
    "source": "Advanced Player's Guide", 
    "type": "item"
}