{
    "body": "<p id=\"bill\">The blade of this polearm is a curved or hooked chopping blade with a spiked projection on the back of the blade. The spike is commonly used to block and parry. When fighting defensively or with full defense, this weapon gives you a +1 shield bonus to AC. A mounted opponent hit by a bill takes a &ndash;1 penalty on his Ride check to stay mounted.</p>", 
    "name": "Bill", 
    "weight": "11 lbs.", 
    "url": "pfsrd://Advanced Players Guide/Rules/Gear/Weapons/Bill", 
    "price": "11 gp", 
    "misc": {
        "Weapon": {
            "Weapon Class": "Two-Handed Melee Weapons", 
            "Special": "brace, disarm, reach, see text", 
            "Dmg (S)": "1d6", 
            "Proficiency": "Martial Weapons", 
            "Critical": "&times;3", 
            "Dmg (M)": "1d8", 
            "Dmg (L)": "2d6", 
            "Type": "S", 
            "Dmg (T)": "1d4"
        }
    }, 
    "source": "Advanced Player's Guide", 
    "type": "item"
}