{
    "body": "<p id=\"boar-spear\">This spear with a spiraling blade has a metal crossbar approximately halfway down its length. If you ready a boar spear against a charge and your attack hits, you get a +2 shield bonus to your AC against that creature until your next turn.</p>", 
    "name": "Boar Spear", 
    "weight": "8 lbs.", 
    "url": "pfsrd://Advanced Players Guide/Rules/Gear/Weapons/Boar Spear", 
    "price": "5 gp", 
    "misc": {
        "Weapon": {
            "Weapon Class": "Two-Handed Melee Weapons", 
            "Special": "brace, see text", 
            "Dmg (S)": "1d6", 
            "Proficiency": "Simple Weapons", 
            "Critical": "&times;2", 
            "Dmg (M)": "1d8", 
            "Dmg (L)": "2d6", 
            "Type": "P", 
            "Dmg (T)": "1d4"
        }
    }, 
    "source": "Advanced Player's Guide", 
    "type": "item"
}