{
    "slot": "none", 
    "name": "Book of the Loremaster", 
    "weight": "2 lbs.", 
    "cl": "7th", 
    "url": "pfsrd://Advanced Players Guide/Rules/Magic Items/Wondrous Items/Book of the Loremaster", 
    "type": "item", 
    "price": "15,000 gp", 
    "misc": {
        "Construction": {
            "Cost": "7,500 gp", 
            "Requirements": "Craft Wondrous Item, clairaudience/clairvoyance"
        }
    }, 
    "source": "Advanced Player's Guide", 
    "aura": "moderate divination", 
    "sections": [
        {
            "body": "<p>This digest-sized book contains a seemingly random collection of words, phrases, and strange mnemonic aids. Three times each day, a bard can consult it while using the lore master class feature in order to gain a +5 competence bonus when taking 10 or taking 20 on a Knowledge check.</p>", 
            "source": "Advanced Player's Guide", 
            "type": "section", 
            "name": "Description"
        }
    ]
}