{
    "body": "<p id=\"buoy,-superior\">This buoy has a spherical or ovoid hollow metal float typically copper, a length of chain rather than twine, and a metal anchor rather than a weight. It is otherwise the same as a common buoy.</p>", 
    "name": "Buoy, Superior", 
    "weight": "30 lbs.", 
    "url": "pfsrd://Advanced Players Guide/Rules/Gear/Goods and Services/Adventuring Gear/Buoy/Superior", 
    "price": "10 gp", 
    "misc": {
        "null": {
            "Gear Type": "Adventuring Gear"
        }
    }, 
    "source": "Advanced Player's Guide", 
    "type": "item"
}