{
    "body": "<p id=\"cage\">This secure, portable enclosure is used to hold creatures&mdash;generally animals, but a large enough cage can hold anything. Cages are made from iron, wood, or bamboo, depending on local customs and available materials.</p>", 
    "name": "Cage", 
    "url": "pfsrd://Advanced Players Guide/Rules/Gear/Goods and Services/Animal-Related Gear/Cage", 
    "misc": {
        "Huge": {
            "Price": "60 gp", 
            "Weight": "960 lbs."
        }, 
        "Tiny": {
            "Price": "2 gp", 
            "Weight": "5 lbs."
        }, 
        "Large": {
            "Price": "30 gp", 
            "Weight": "240 lbs."
        }, 
        "Diminutive or Fine": {
            "Price": "10 gp", 
            "Weight": "2 lbs."
        }, 
        "null": {
            "Gear Type": "Animal-Related Gear"
        }, 
        "Small or Medium": {
            "Price": "15 gp", 
            "Weight": "60 lbs."
        }
    }, 
    "source": "Advanced Player's Guide", 
    "type": "item"
}