{
    "slot": "none", 
    "name": "Campfire Bead", 
    "weight": "&mdash", 
    "cl": "1st", 
    "url": "pfsrd://Advanced Players Guide/Rules/Magic Items/Wondrous Items/Campfire Bead", 
    "type": "item", 
    "price": "720 gp", 
    "misc": {
        "Construction": {
            "Cost": "360 gp", 
            "Requirements": "Craft Wondrous Item, produce flame"
        }
    }, 
    "source": "Advanced Player's Guide", 
    "aura": "faint evocation", 
    "sections": [
        {
            "body": "<p>This tiny glass bead transforms itself into a small (2-foot-tall) pile of burning logs whenever its command word is spoken. The fire burns for 8 hours or until extinguished, at which point it turns back into a bead. The owner of the item must wait twice as long as the fire burned before he can order the bead to become a campfire again.</p>", 
            "source": "Advanced Player's Guide", 
            "type": "section", 
            "name": "Description"
        }
    ]
}