{
    "body": "<p id=\"casting-plaster\">This white, dry powder mixes with water to form a paste, which hardens over the course of an hour to create a solid material. It can be used to make casts of footprints or carvings, fill in gaps or cracks in walls, or (if applied over a cloth wrapping) create a splint for a broken bone. Hardened plaster has hardness 1 and 5 hp per inch of thickness. A 5-pound clay pot of plaster can cover about five square feet of flat space to a depth of one inch, five Medium forearm or lower-leg casts, or two full-arm or full-leg casts.</p>", 
    "name": "Casting Plaster", 
    "weight": "5 lbs.", 
    "url": "pfsrd://Advanced Players Guide/Rules/Gear/Goods and Services/Special Substances and Items/Casting Plaster", 
    "price": "5 sp", 
    "misc": {
        "null": {
            "Gear Type": "Special Substances and Items", 
            "Craft DC": "&mdash;"
        }
    }, 
    "source": "Advanced Player's Guide", 
    "type": "item"
}