{
    "slot": "none", 
    "name": "Cauldron of Seeing", 
    "weight": "5 lbs.", 
    "cl": "10th", 
    "url": "pfsrd://Advanced Players Guide/Rules/Magic Items/Wondrous Items/Cauldron of Seeing", 
    "type": "item", 
    "price": "42,000 gp", 
    "misc": {
        "Construction": {
            "Cost": "21,000 gp", 
            "Requirements": "Craft Wondrous Item, scrying"
        }
    }, 
    "source": "Advanced Player's Guide", 
    "aura": "moderate divination", 
    "sections": [
        {
            "body": "<p>When filled with liquid, this small cauldron allows the user to see over virtually any distance as if using the <i>scrying</i> spell. It may have additional powers like those of a <i>crystal ball</i> for the same prices.</p>", 
            "source": "Advanced Player's Guide", 
            "type": "section", 
            "name": "Description"
        }
    ]
}