{
    "slot": "none", 
    "name": "Cauldron of Plenty", 
    "weight": "25 lbs.", 
    "cl": "12th", 
    "url": "pfsrd://Advanced Players Guide/Rules/Magic Items/Wondrous Items/Cauldron of Plenty", 
    "type": "item", 
    "price": "15,000 gp", 
    "misc": {
        "Construction": {
            "Cost": "7,500 gp", 
            "Requirements": "Craft Wondrous Item, create food and water, heroes' feast"
        }
    }, 
    "source": "Advanced Player's Guide", 
    "aura": "strong conjuration", 
    "sections": [
        {
            "body": "<p>This enchanted iron pot can produce nourishing, simple fare sufficient to feed up to 36 people per day upon command. Once per week it can also be commanded to create a <i>heroes' feast</i> for up to 12 people. The cauldron needs neither fire nor ingredients to produce food; it does so instantly upon command.</p>", 
            "source": "Advanced Player's Guide", 
            "type": "section", 
            "name": "Description"
        }
    ]
}