{
    "slot": "none", 
    "name": "Cauldron of Brewing", 
    "weight": "5 lbs.", 
    "cl": "5th", 
    "url": "pfsrd://Advanced Players Guide/Rules/Magic Items/Wondrous Items/Cauldron of Brewing", 
    "type": "item", 
    "price": "3,000 gp", 
    "misc": {
        "Construction": {
            "Cost": "1,500 gp", 
            "Requirements": "Craft Wondrous Item, trained in Craft (Alchemy)"
        }
    }, 
    "source": "Advanced Player's Guide", 
    "aura": "faint transmutation", 
    "sections": [
        {
            "body": "<p>A <i>cauldron of brewing</i> looks like a fine cooking pot with four stout legs. The cauldron is capable of heating any liquid placed in it to a precise temperature (anywhere from just above room temperature to hot enough to boil salt water) and maintaining it indefinitely while still remaining only slightly warm to the touch on the outside. A <i>cauldron of brewing</i> provides a +5 competence bonus on Craft (alchemy) skill checks.</p>", 
            "source": "Advanced Player's Guide", 
            "type": "section", 
            "name": "Description"
        }
    ]
}