{
    "body": "<p id=\"chest\">The common wooden chest comes in several sizes, including small (2 cubic feet, 1 hit point, Break DC 17), medium (4 cubic feet, 15 hp, Break DC 23), large (6 cubic feet, 30 hit points, Break DC 29), and huge (8 cubic feet, 50 hit points, Break DC 35). Most include a simple inset lock.</p>", 
    "name": "Chest", 
    "url": "pfsrd://Advanced Players Guide/Rules/Gear/Goods and Services/Adventuring Gear/Chest", 
    "misc": {
        "Large": {
            "Break": "DC 29 Strength Check", 
            "Price": "10 gp", 
            "Capacity": "6 cubic feet", 
            "Weight": "100 lbs.", 
            "Hit Points": "30"
        }, 
        "null": {
            "Gear Type": "Adventuring Gear"
        }, 
        "Medium": {
            "Break": "DC 23 Strength Check", 
            "Price": "5 gp", 
            "Capacity": "4 cubic feet", 
            "Weight": "50 lbs.", 
            "Hit Points": "15"
        }, 
        "Small": {
            "Break": "DC 17 Strength Check", 
            "Price": "2 gp", 
            "Capacity": "2 cubic feet", 
            "Weight": "25 lbs.", 
            "Hit Points": "1"
        }, 
        "Huge": {
            "Break": "DC 35 Strength Check", 
            "Price": "25 gp", 
            "Capacity": "8 cubic feet", 
            "Weight": "250 lbs.", 
            "Hit Points": "50"
        }
    }, 
    "source": "Advanced Player's Guide", 
    "type": "item"
}