{
    "body": "<p id=\"compass\">An ordinary compass that points to the magnetic north pole grants its user a +2 circumstance bonus on Survival checks made to avoid becoming lost. It also can be used to grant the same bonus on Knowledge (dungeoneering) checks made to navigate underground.</p>", 
    "name": "Compass", 
    "weight": "1/2 lb.", 
    "url": "pfsrd://Advanced Players Guide/Rules/Gear/Goods and Services/Tools and Skill Kits/Compass", 
    "price": "10 gp", 
    "misc": {
        "null": {
            "Gear Type": "Tools and Skill Kits"
        }
    }, 
    "source": "Advanced Player's Guide", 
    "type": "item"
}