{
    "slot": "none", 
    "name": "Construct Channel Brick", 
    "weight": "1 lb.", 
    "cl": "7th", 
    "url": "pfsrd://Advanced Players Guide/Rules/Magic Items/Wondrous Items/Construct Channel Brick", 
    "type": "item", 
    "price": "10,000 gp", 
    "misc": {
        "Construction": {
            "Cost": "5,000 gp", 
            "Requirements": "Craft Wondrous Item, make whole"
        }
    }, 
    "source": "Advanced Player's Guide", 
    "aura": "moderate transmutation", 
    "sections": [
        {
            "body": "<p>This solid red brick changes its shape to match its bearer's holy symbol. If the bearer has the channel energy class feature, she can focus her power on the brick, allowing her to repair damaged constructs and objects as if they were living creatures. The item works whether the bearer channels positive or negative energy. If the bearer has the artifice domain, she adds +2d6 points of damage to her channel energy result when repairing constructs and objects.</p>", 
            "source": "Advanced Player's Guide", 
            "type": "section", 
            "name": "Description"
        }
    ]
}