{
    "body": "<p id=\"dog-sled\">This sled is several feet long and is designed to be pulled over snow and ice by a team of trained riding dogs. Most sleds have runners at the back for a musher to stand on. A dog sled can carry up to the carrying capacity of all the dogs that pull it.</p>", 
    "name": "Dog Sled", 
    "weight": "300 lbs.", 
    "url": "pfsrd://Advanced Players Guide/Rules/Gear/Goods and Services/Animal-Related Gear/Dog Sled", 
    "price": "20 gp", 
    "misc": {
        "null": {
            "Gear Type": "Animal-Related Gear"
        }
    }, 
    "source": "Advanced Player's Guide", 
    "type": "item"
}