{
    "body": "<p id=\"drill\">A drill can create a 1-inch-diameter hole in stone, wood, or metal as a standard action. Harder materials wear down or break the drill more quickly. Hearing the sound of drilling requires a DC 15 Perception check.</p>", 
    "name": "Drill", 
    "weight": "1 lb.", 
    "url": "pfsrd://Advanced Players Guide/Rules/Gear/Goods and Services/Tools and Skill Kits/Drill", 
    "price": "5 sp", 
    "misc": {
        "null": {
            "Gear Type": "Tools and Skill Kits"
        }
    }, 
    "source": "Advanced Player's Guide", 
    "type": "item"
}