{
    "slot": "none", 
    "name": "Dustburst Bullet", 
    "weight": "1/2 lb.", 
    "cl": "5th", 
    "url": "pfsrd://Advanced Players Guide/Rules/Magic Items/Weapons/Specific Weapons/Dustburst Bullet", 
    "type": "item", 
    "price": "196 gp", 
    "misc": {
        "Construction": {
            "Cost": "98 gp", 
            "Requirements": "Craft Magic Arms and Armor, stinking cloud"
        }
    }, 
    "source": "Advanced Player's Guide", 
    "aura": "faint conjuration", 
    "sections": [
        {
            "body": "<p>This gritty and irregular <i>+1 sling bullet</i> explodes into a cloud of choking dust when it successfully strikes its target. This fills a 5-foot cube and follows the target for 1d6 rounds before dispersing. Any creature ending its turn in the cloud must make a DC 13 Fortitude save or be sickened and blinded for 1 round.</p>", 
            "source": "Advanced Player's Guide", 
            "type": "section", 
            "name": "Description"
        }
    ]
}