{
    "body": "<p id=\"earplugs\">Made of waxed cotton or cork, earplugs give you a +2 circumstance bonus on saves against effects that require hearing but also cause a &ndash;5 penalty on hearing-based Perception checks.</p>", 
    "name": "Earplugs", 
    "weight": "&mdash;", 
    "url": "pfsrd://Advanced Players Guide/Rules/Gear/Goods and Services/Adventuring Gear/Earplugs", 
    "price": "3 cp", 
    "misc": {
        "null": {
            "Gear Type": "Adventuring Gear"
        }
    }, 
    "source": "Advanced Player's Guide", 
    "type": "item"
}