{
    "slot": "none", 
    "name": "Elixir of Luck", 
    "weight": "&mdash", 
    "cl": "7th", 
    "url": "pfsrd://Advanced Players Guide/Rules/New Rules/Hero Points/Hero Point Magic Items/Elixir of Luck", 
    "type": "item", 
    "price": "3,600 gp", 
    "misc": {
        "Construction": {
            "Cost": "1,800 gp", 
            "Requirements": "Craft Wondrous Item, heroic fortune"
        }
    }, 
    "source": "Advanced Player's Guide", 
    "aura": "moderate evocation", 
    "sections": [
        {
            "body": "<p>This golden elixir grants good luck to the imbiber. After drinking the elixir, the character gains 3 hero points that must be used within 1 hour. These hero points do not count against the imbiber's limit. They can only be used to aid the imbiber. They cannot be used to aid the rolls of others. A character cannot benefit from more than one <i>elixir of luck</i> in a 1-month period.</p>", 
            "source": "Advanced Player's Guide", 
            "type": "section", 
            "name": "Description"
        }
    ]
}