{
    "body": "<p id=\"falcata\">This heavy blade has a single sharp, concave edge and a hook-shaped hilt. Its shape distributes the weight to give it the momentum of an axe with the cutting edge of a sword.</p>", 
    "name": "Falcata", 
    "weight": "4 lbs.", 
    "url": "pfsrd://Advanced Players Guide/Rules/Gear/Weapons/Falcata", 
    "price": "18 gp", 
    "misc": {
        "Weapon": {
            "Weapon Class": "One-Handed Melee Weapons", 
            "Dmg (S)": "1d6", 
            "Proficiency": "Exotic Weapons", 
            "Critical": "19&ndash;20/&times;3", 
            "Dmg (M)": "1d8", 
            "Dmg (L)": "2d6", 
            "Type": "S", 
            "Dmg (T)": "1d4"
        }
    }, 
    "source": "Advanced Player's Guide", 
    "type": "item"
}