{
    "body": "<p id=\"flash-powder\">This coarse gray powder ignites and burns almost instantly if exposed to flame, significant friction, or even a simple force such as throwing it against a floor (a standard action). Creatures within the 10-foot-radius burst are blinded for 1 round (Fortitude DC 13 negates).</p>", 
    "name": "Flash Powder", 
    "weight": "&mdash;", 
    "url": "pfsrd://Advanced Players Guide/Rules/Gear/Goods and Services/Special Substances and Items/Flash Powder", 
    "price": "50 gp", 
    "misc": {
        "null": {
            "Gear Type": "Special Substances and Items", 
            "Craft DC": "20"
        }
    }, 
    "source": "Advanced Player's Guide", 
    "type": "item"
}