{
    "slot": "none", 
    "name": "Flying Ointment", 
    "weight": "&mdash", 
    "cl": "9th", 
    "url": "pfsrd://Advanced Players Guide/Rules/Magic Items/Wondrous Items/Flying Ointment", 
    "type": "item", 
    "price": "2,250 gp", 
    "misc": {
        "Construction": {
            "Cost": "1,125 gp", 
            "Requirements": "Craft Wondrous Item, overland flight"
        }
    }, 
    "source": "Advanced Player's Guide", 
    "aura": "moderate transmutation", 
    "sections": [
        {
            "body": "<p>This preparation of herbs includes belladonna, mandrake, and foxglove (also known as &ldquo;witch's glove&rdquo;) in a base of rendered fats. When rubbed over the skin, the ointment grants the subject the ability to fly (as the<i> overland flight</i> spell) for up to 9 hours.</p>", 
            "source": "Advanced Player's Guide", 
            "type": "section", 
            "name": "Description"
        }
    ]
}