{
    "body": "<p id=\"glaive-guisarme\">This polearm combines the blade of a glaive with a wicked hook. A mounted opponent hit by a glaive-guisarme takes a &ndash;2 penalty on his Ride check to stay mounted.</p>", 
    "name": "Glaive-Guisarme", 
    "weight": "10 lbs.", 
    "url": "pfsrd://Advanced Players Guide/Rules/Gear/Weapons/Glaive-Guisarme", 
    "price": "12 gp", 
    "misc": {
        "Weapon": {
            "Weapon Class": "Two-Handed Melee Weapons", 
            "Special": "brace, reach, see text", 
            "Dmg (S)": "1d8", 
            "Proficiency": "Martial Weapons", 
            "Critical": "&times;3", 
            "Dmg (M)": "1d10", 
            "Dmg (L)": "2d8", 
            "Type": "S", 
            "Dmg (T)": "1d6"
        }
    }, 
    "source": "Advanced Player's Guide", 
    "type": "item"
}