{
    "slot": "none", 
    "name": "Hero's Blade", 
    "weight": "4 lbs.", 
    "cl": "9th", 
    "url": "pfsrd://Advanced Players Guide/Rules/New Rules/Hero Points/Hero Point Magic Items/Heros Blade", 
    "type": "item", 
    "price": "17,315 gp", 
    "misc": {
        "Construction": {
            "Cost": "8,815 gp", 
            "Requirements": "Craft Magic Arms and Armor, heroic fortune"
        }
    }, 
    "source": "Advanced Player's Guide", 
    "aura": "moderate evocation", 
    "sections": [
        {
            "body": "<p>The pommel of this ornate <i>+2 longsword</i> is made to look like a coiled golden dragon with six small diamond scales running down its back. When made, this sword holds 6 hero points. The wielder can use these points at any time, and they do not count against the wielder's maximum. As the hero points are used, the small diamonds on the dragon's back turn into coal. After the last hero point has been used, the <i>hero's blade</i> remains a <i>+2 longsword</i>.</p>", 
            "source": "Advanced Player's Guide", 
            "type": "section", 
            "name": "Description"
        }
    ]
}