{
    "slot": "none", 
    "name": "Horn of the Huntmaster", 
    "weight": "5 lbs.", 
    "cl": "11th", 
    "url": "pfsrd://Advanced Players Guide/Rules/Magic Items/Wondrous Items/Horn of the Huntmaster", 
    "type": "item", 
    "price": "5,000 gp", 
    "misc": {
        "Construction": {
            "Cost": "2,500 gp", 
            "Requirements": "Craft Wondrous Item, greater heroism"
        }
    }, 
    "source": "Advanced Player's Guide", 
    "aura": "moderate enchantment", 
    "sections": [
        {
            "body": "<p>This elongated horn curves sharply at the end, almost making it seem more like an enormous pipe than a tool for the hunt. Once each day, a person with the hunter's bond (companions) class feature may blow the horn as a standard action; this grants his full favored enemy bonus (instead of half) against a single target to all allies within 30 feet who can see and hear him. The effect lasts for 1 minute.</p>", 
            "source": "Advanced Player's Guide", 
            "type": "section", 
            "name": "Description"
        }
    ]
}