{
    "body": "<p id=\"hot-weather-outfit\">Covering your body from head to foot in light, airy cloth keeps you cooler than baring your skin to the sun. This outfit typically consists of a loose linen robe and either a turban or loose head covering and veil. The outfit provides a +2 bonus on Fortitude saves to resist warm or hot weather. This does not stack with any bonuses gained from the Survival skill.</p>", 
    "url": "pfsrd://Advanced Players Guide/Rules/Gear/Goods and Services/Clothing/Hot Weather Outfit", 
    "type": "item", 
    "name": "Hot Weather Outfit", 
    "source": "Advanced Player's Guide"
}