{
    "body": "<p id=\"hourglass\">The standard hourglass takes 1 hour to empty the sand from the upper chamber; larger and smaller timers exist which mark off time in increments as short as 6 seconds.</p>", 
    "name": "Hourglass", 
    "url": "pfsrd://Advanced Players Guide/Rules/Gear/Goods and Services/Adventuring Gear/Hourglass", 
    "misc": {
        "6 Seconds": {
            "Price": "10 gp", 
            "Weight": "&mdash;"
        }, 
        "null": {
            "Gear Type": "Adventuring Gear"
        }, 
        "1 Minute": {
            "Price": "20 gp", 
            "Weight": "1/2 lb."
        }, 
        "1 Hour": {
            "Price": "25 gp", 
            "Weight": "1 lb."
        }
    }, 
    "source": "Advanced Player's Guide", 
    "type": "item"
}