{
    "slot": "none", 
    "name": "Ioun Torch", 
    "weight": "&mdash", 
    "cl": "12th", 
    "url": "pfsrd://Advanced Players Guide/Rules/Magic Items/Wondrous Items/Ioun Torch", 
    "type": "item", 
    "price": "75 gp", 
    "misc": {
        "Construction": {
            "Cost": "62 gp, 5 sp", 
            "Requirements": "Craft Wondrous Item, continual flame, creator must be 12th level"
        }
    }, 
    "source": "Advanced Player's Guide", 
    "aura": "strong universal", 
    "sections": [
        {
            "body": "<p>This item is merely a burned out, dull gray <i>ioun stone</i> with a <i>continual flame</i> spell cast upon it. It retains the ability to float and orbit, and allows the bearer to carry light and still have his hands free. It may be in any crystalline shape common to <i>ioun stones</i> (ellipsoid, prism, sphere, and so on).</p>", 
            "source": "Advanced Player's Guide", 
            "type": "section", 
            "name": "Description"
        }
    ]
}