{
    "body": "<p id=\"iron-spike\">This foot-long iron spike is used to keep doors open or closed and to secure ropes for climbing. Hearing a spike being hammered in requires a DC 5 Perception check.</p>", 
    "name": "Iron Spike", 
    "weight": "1 lb.", 
    "url": "pfsrd://Advanced Players Guide/Rules/Gear/Goods and Services/Adventuring Gear/Iron Spike", 
    "price": "5 cp", 
    "misc": {
        "null": {
            "Gear Type": "Adventuring Gear"
        }
    }, 
    "source": "Advanced Player's Guide", 
    "type": "item"
}