{
    "body": "<p id=\"khopesh\">This heavy blade has a convex curve near the end, making its overall shape similar to a battleaxe.</p>", 
    "name": "Khopesh", 
    "weight": "8 lbs.", 
    "url": "pfsrd://Advanced Players Guide/Rules/Gear/Weapons/Khopesh", 
    "price": "20 gp", 
    "misc": {
        "Weapon": {
            "Weapon Class": "One-Handed Melee Weapons", 
            "Special": "trip", 
            "Dmg (S)": "1d6", 
            "Proficiency": "Exotic Weapons", 
            "Critical": "19&ndash;20/&times;2", 
            "Dmg (M)": "1d8", 
            "Dmg (L)": "2d6", 
            "Type": "S", 
            "Dmg (T)": "1d4"
        }
    }, 
    "source": "Advanced Player's Guide", 
    "type": "item"
}