{
    "slot": "none", 
    "name": "Ki Mat", 
    "weight": "3 lbs.", 
    "cl": "7th", 
    "url": "pfsrd://Advanced Players Guide/Rules/Magic Items/Wondrous Items/Ki Mat", 
    "type": "item", 
    "price": "10,000 gp", 
    "misc": {
        "Construction": {
            "Cost": "5,000 gp", 
            "Requirements": "Craft Wondrous Item, lesser restoration, creator must be a monk"
        }
    }, 
    "source": "Advanced Player's Guide", 
    "aura": "moderate conjuration (healing)", 
    "sections": [
        {
            "body": "<p>This humble pad of woven river reeds allows its owner to recover his mental fortitude and <i>ki</i> pool by practicing breathing exercises and other forms of meditation. Each hour its owner spends sitting on the mat without taking any other action, he can attempt to center himself by making a Wisdom check with a DC of 10 plus the monk's current number of <i>ki</i> points (note that ability checks, like skill checks, do not automatically succeed on a 20). If the check is successful, the monk regains 1 <i>ki</i> point.</p>", 
            "source": "Advanced Player's Guide", 
            "type": "section", 
            "name": "Description"
        }
    ]
}