{
    "slot": "none", 
    "name": "Knight's Pennon", 
    "weight": "1 lb.", 
    "cl": "6th", 
    "url": "pfsrd://Advanced Players Guide/Rules/Magic Items/Wondrous Items/Knights Pennon", 
    "type": "item", 
    "price": "4,500 gp (battle), 2,200 gp (honor), 4,500 (parley)", 
    "misc": {
        "Construction": {
            "Cost": "2,250 gp (battle), 1,100 gp (honor), 2,250 (parley)", 
            "Requirements": "Craft Wondrous Item, heroism (battle), protection from evil (honor), eagle's splendor (parley)"
        }
    }, 
    "source": "Advanced Player's Guide", 
    "aura": "moderate abjuration or transmutation", 
    "sections": [
        {
            "body": "<p>This narrow cloth flag is made to attach to the end a knight's lance, though it can be flown from a spear, polearm, or even a staff. It has no effect if not mounted appropriately. A <i>knight's pennon</i> grants different benefits depending on its color and design.</p>", 
            "type": "section", 
            "sections": [
                {
                    "body": "<p id=\"battle\">The red <i>knight's pennon of battle</i> allows its bearer to benefit from <i>heroism</i> once per day.</p>", 
                    "url": "pfsrd://Advanced Players Guide/Rules/Magic Items/Wondrous Items/Knights Pennon/Description/Battle", 
                    "type": "section", 
                    "name": "Battle", 
                    "source": "Advanced Player's Guide"
                }, 
                {
                    "body": "<p id=\"honor\">The gold <i>knight's pennon of honor</i> bestows <i>protection from evil</i> upon the bearer once per day.</p>", 
                    "url": "pfsrd://Advanced Players Guide/Rules/Magic Items/Wondrous Items/Knights Pennon/Description/Honor", 
                    "type": "section", 
                    "name": "Honor", 
                    "source": "Advanced Player's Guide"
                }, 
                {
                    "body": "<p id=\"parley\">The white <i>knight's pennon of parley</i>, when displayed approaching a negotiation, grants the bearer a +4 enhancement bonus on Bluff, Diplomacy, Intimidate, and Sense Motive checks for 1 hour, so long as the bearer does not initiate any hostile action.</p>", 
                    "url": "pfsrd://Advanced Players Guide/Rules/Magic Items/Wondrous Items/Knights Pennon/Description/Parley", 
                    "type": "section", 
                    "name": "Parley", 
                    "source": "Advanced Player's Guide"
                }
            ], 
            "name": "Description", 
            "source": "Advanced Player's Guide"
        }
    ]
}