{
    "slot": "none", 
    "name": "Knucklebone of Fickle Fortune", 
    "weight": "&mdash", 
    "cl": "20th", 
    "url": "pfsrd://Advanced Players Guide/Rules/Magic Items/Minor Artifacts/Knucklebone of Fickle Fortune", 
    "type": "item", 
    "source": "Advanced Player's Guide", 
    "aura": "strong (all schools)", 
    "sections": [
        {
            "body": "<p>At first sight, the artifact appears to be nothing more than a piece of bone worn down to a near sphere, but when a creature picks it up, the <i>knucklebone's</i> true power and nature becomes apparent. When a creature holding the <i>knucklebone of fickle fortune</i> looks upon it, he sees that the bone is actually a perfectly shaped die with 20 sides, each side bearing a glowing red symbol of power. When the creature rolls the die, instead of falling to the floor it rolls upward in mid-air, stopping at the eye level of the creature who rolled it. It then takes its effect, based on the side immediately facing its caster. Roll a 20-sided die to determine the effect (see Table 7&ndash;13). For effects that are lost if the die is rolled again (such as #17) or a specific result is rolled (such as #14), the character is aware of this restriction.</p>", 
            "type": "section", 
            "sections": [
                {
                    "body": "<table id=\"table-7-13:knucklebone-of-fickle-fortune\"><caption>Table: Knucklebone of Fickle Fortune</caption><thead><tr><th>d20</th><th>Rune Name</th><th>Effect</th></tr></thead><tbody><tr class=\"odd\"><td>1</td><td>Eya-Doh</td><td>The character gains 1 permanent negative level.</td></tr><tr class=\"even\"><td>2</td><td>Bvu</td><td>The character is subject to a powerful compulsion never to roll the <i>knucklebone of fickle fortune</i> again. He can shake this compulsion only by succeeding a DC 25 Will saving throw. He can only attempt this saving throw once a day.</td></tr><tr class=\"odd\"><td>3</td><td>Eij</td><td>The character is affected by a <i>harm</i> spell (caster level 15th).</td></tr><tr class=\"even\"><td>4</td><td>Hor</td><td>The character is subject to a powerful compulsion to roll the <i>knucklebone</i> three more times immediately (Will DC 25 negates). All three of these rolls are made with a &ndash;5 penalty on the <i>knucklebone's</i> die roll (minimum 1).</td></tr><tr class=\"odd\"><td>5</td><td>Veh</td><td>The character is blinded as with <i>blindness/deafness</i> (no saving throw).</td></tr><tr class=\"even\"><td>6</td><td>Chu</td><td>The character takes 5d10 points of cold damage (DC 25 Fort save for half) and moves at half speed for the next hour (a successful saving throw does not negate the reduced speed).</td></tr><tr class=\"odd\"><td>7</td><td>Roh</td><td>For the next 24 hours, the character suffers a &ndash;2 penalty on all skill and ability checks.</td></tr><tr class=\"even\"><td>8</td><td>Seh</td><td>The character is paralyzed for 2d12 hours, as with <i>hold monster</i>, except he cannot attempt new saving throws to overcome the effect.</td></tr><tr class=\"odd\"><td>9</td><td>Kog</td><td>For the next week, the character emits a horrible smell. He suffers a &ndash;4 penalty on Diplomacy and Stealth checks.</td></tr><tr class=\"even\"><td>10</td><td>Vis</td><td>Once, during the next 24 hours, the character can reroll a single die roll he has just made and take the second result, as if using the good fortune ability from the Luck domain.</td></tr><tr class=\"odd\"><td>11</td><td>Fyeh</td><td>The character gains 100 points of fire immunity, as if using <i>protection from energy</i>.</td></tr><tr class=\"even\"><td>12</td><td>Xal</td><td>The character gains the benefits of a <i>heroism</i> spell for the next 200 minutes.</td></tr><tr class=\"odd\"><td>13</td><td>Yaq</td><td>For the next 24 hours, when the character hits a target he is flanking with a melee weapon, the attack does +1d6 points of precision damage.</td></tr><tr class=\"even\"><td>14</td><td>Gib</td><td>Once in the next 24 hours, the character can cast <i>faerie fire</i> (caster level equal to his character level). This ability is lost if the character rolls this result again with the <i>knucklebone of fickle fortune</i> before the 24 hours is concluded.</td></tr><tr class=\"odd\"><td>15</td><td>Xku</td><td>The character is immune to fear for the next 24 hours.</td></tr><tr class=\"even\"><td>16</td><td>Lev</td><td>Once in the next 24 hours, the character can cast a <i>lightning bolt</i> (caster level equal to his character level). This ability is lost if the character rolls this result again with the <i>knucklebone of fickle fortune</i> before the 24 hours is concluded.</td></tr><tr class=\"odd\"><td>17</td><td>Nhi</td><td>For the next 7 days, when the character is the target of healing magic, he heals an additional 2d8 hit points. This effect is lost if the character rolls the <i>knucklebone of fickle fortune</i> again before the 7 days are concluded.</td></tr><tr class=\"even\"><td>18</td><td>Zmi</td><td>For the next 24 hours, whenever the character succeeds on a saving throw against a harmful effect that does  half damage or partial effect on a failed save, the <i>knucklebone's</i> character takes no damage or suffers no effect.</td></tr><tr class=\"odd\"><td>19</td><td>Tem</td><td>For the next 24 hours, the character automatically confirms all critical hits.</td></tr><tr class=\"even\"><td>20</td><td>Eha-Zah</td><td>The next time the character dies, he comes back from the dead the very next morning as if the subject of a <i>resurrection</i> spell. This effect is negated if the character rolls the <i>knucklebone of fickle fortune</i> again before he dies.</td></tr></tbody></table>", 
                    "url": "pfsrd://Advanced Players Guide/Rules/Magic Items/Minor Artifacts/Knucklebone of Fickle Fortune/Description/Table Knucklebone of Fickle Fortune", 
                    "type": "table", 
                    "name": "Table: Knucklebone of Fickle Fortune", 
                    "source": "Advanced Player's Guide"
                }
            ], 
            "name": "Description", 
            "source": "Advanced Player's Guide"
        }, 
        {
            "body": "<p>The <i>knucklebone of fickle fortune</i> disappears if its Eha-Zah face (a 20 on the die) comes up on 20 consecutive rolls. Some sages believe that this does not destroy the artifact, and it instead reappears at some random spot in the world, but such knowledge is purely conjecture, for it is not known whether anyone has accomplished this improbable task.</p>", 
            "source": "Advanced Player's Guide", 
            "type": "section", 
            "name": "Destruction"
        }
    ]
}