{
    "body": "<p id=\"leeching-kit\">This sturdy ceramic jar has a heavy lid with a few tiny holes to let air in. It is normally half-filled with water and contains four adult leeches, each about 6 inches long. A leeching kit grants a +2 circumstance bonus on Heal checks to treat poison. Used for medicinal bloodletting, a leech can survive for 6 months between feedings. </p>", 
    "name": "Leeching Kit", 
    "weight": "5 lbs.", 
    "url": "pfsrd://Advanced Players Guide/Rules/Gear/Goods and Services/Tools and Skill Kits/Leeching Kit", 
    "price": "5 gp", 
    "misc": {
        "null": {
            "Gear Type": "Tools and Skill Kits"
        }
    }, 
    "source": "Advanced Player's Guide", 
    "type": "item"
}