{
    "body": "<p id=\"liquid-ice\">Also known as &ldquo;alchemist's ice,&rdquo; this sealed jar of crystalline blue fluid immediately starts to evaporate once opened. During the next 1d6 rounds, you can use it to freeze a liquid or to coat an object in a thin layer of ice. You can also throw liquid ice as a splash weapon. A direct hit deals 1d6 points of cold damage; creatures within 5 feet of where it hits take 1 point of cold damage from the splash.</p>", 
    "name": "Liquid Ice", 
    "weight": "2 lbs.", 
    "url": "pfsrd://Advanced Players Guide/Rules/Gear/Goods and Services/Special Substances and Items/Liquid Ice", 
    "price": "40 gp/flask", 
    "misc": {
        "null": {
            "Gear Type": "Special Substances and Items", 
            "Craft DC": "25"
        }
    }, 
    "source": "Advanced Player's Guide", 
    "type": "item"
}