{
    "body": "<p id=\"loaded-dice\">Most loaded dice are weighted&mdash;a heavier substance is included opposite the desired number. You can spot marks from tampering with a die in this fashion with a DC 15 Appraise or Perception check. Higher-quality dice (such as wooden dice carved around a naturally heavy inclusion) have DCs ranging from 20 to 30.</p>", 
    "name": "Loaded Dice", 
    "url": "pfsrd://Advanced Players Guide/Rules/Gear/Goods and Services/Entertainment Items/Loaded Dice", 
    "misc": {
        "null": {
            "Gear Type": "Entertainment Items", 
            "Weight": "&mdash;"
        }, 
        "Average": {
            "Price": "10 gp"
        }, 
        "Superior": {
            "Price": "50 gp"
        }
    }, 
    "source": "Advanced Player's Guide", 
    "type": "item"
}