{
    "body": "<p id=\"lucerne-hammer\">This polearm has both a pronged hammer head for crushing blows and a spiked head for piercing and peeling armor; most attacks are made with the hammer. The long haft allows the wielder to put amazing force behind the head of this weapon. You gain a +2 bonus to your CMB to sunder medium or heavy armor with a lucerne hammer.</p>", 
    "name": "Lucerne Hammer", 
    "weight": "12 lbs.", 
    "url": "pfsrd://Advanced Players Guide/Rules/Gear/Weapons/Lucerne Hammer", 
    "price": "15 gp", 
    "misc": {
        "Weapon": {
            "Weapon Class": "Two-Handed Melee Weapons", 
            "Special": "brace, reach, see text", 
            "Dmg (S)": "1d10", 
            "Proficiency": "Martial Weapons", 
            "Critical": "&times;2", 
            "Dmg (M)": "1d12", 
            "Dmg (L)": "3d6", 
            "Type": "B or P", 
            "Dmg (T)": "1d10"
        }
    }, 
    "source": "Advanced Player's Guide", 
    "type": "item"
}