{
    "body": "<p id=\"magnet\">Handheld magnets are relatively weak and are mainly used to detect or pull iron, mithral, or adamantine at a short range. This hand-sized horseshoe magnet can lift up to a 3-pound iron weight.</p>", 
    "name": "Magnet", 
    "weight": "1/2 lb.", 
    "url": "pfsrd://Advanced Players Guide/Rules/Gear/Goods and Services/Adventuring Gear/Magnet", 
    "price": "5 sp", 
    "misc": {
        "null": {
            "Gear Type": "Adventuring Gear"
        }
    }, 
    "source": "Advanced Player's Guide", 
    "type": "item"
}