{
    "body": "<p id=\"map-maker's-kit\">This small kit contains a simple slate with a grid carved into its surface and a number of different colored pieces of chalk. Anyone using this kit to draw a map as they travel receives a +2 circumstance bonus on Survival skill checks to avoid becoming lost.</p>", 
    "name": "Map Maker's Kit", 
    "weight": "2 lbs.", 
    "url": "pfsrd://Advanced Players Guide/Rules/Gear/Goods and Services/Tools and Skill Kits/Map Makers Kit", 
    "price": "10 gp", 
    "misc": {
        "null": {
            "Gear Type": "Tools and Skill Kits"
        }
    }, 
    "source": "Advanced Player's Guide", 
    "type": "item"
}