{
    "body": "<p id=\"marked-cards\">Whether bent, colored, or scratched, marked cards allow an informed user to know what's on the front of the card by viewing the mark on the back. Realizing that the cards are marked requires a DC 25 Perception check.</p>", 
    "name": "Marked Cards", 
    "weight": "1 lb.", 
    "url": "pfsrd://Advanced Players Guide/Rules/Gear/Goods and Services/Entertainment Items/Marked Cards", 
    "price": "1 gp", 
    "misc": {
        "null": {
            "Gear Type": "Entertainment Items"
        }
    }, 
    "source": "Advanced Player's Guide", 
    "type": "item"
}