{
    "slot": "none", 
    "name": "Metamagic, Elemental", 
    "weight": "5 lbs.", 
    "cl": "17th", 
    "url": "pfsrd://Advanced Players Guide/Rules/Magic Items/Rods/Metamagic/Elemental", 
    "type": "item", 
    "price": "3,000 gp (lesser), 11,000 gp (normal), 24,500 gp (greater)", 
    "misc": {
        "Construction": {
            "Cost": "1,500 gp (lesser), 5,500 gp (normal), 12,250 gp (greater)", 
            "Requirements": "Craft Rod, Elemental Spell"
        }
    }, 
    "source": "Advanced Player's Guide", 
    "aura": "strong (no school)", 
    "sections": [
        {
            "body": "<p>Each <i>elemental metamagic rod</i> is built with the power to control and transform a specific energy type (acid, cold, electricity, or fire). The wielder can cast up to three spells per day that deal damage of the rod's energy type instead of the spell's normal damage type, as though using the Elemental Spell feat. For example, an <i>elemental metamagic rod (cold)</i> always makes spells deal cold damage.</p>", 
            "source": "Advanced Player's Guide", 
            "type": "section", 
            "name": "Description"
        }
    ]
}