{
    "slot": "none", 
    "name": "Metamagic, Merciful", 
    "weight": "5 lbs.", 
    "cl": "17th", 
    "url": "pfsrd://Advanced Players Guide/Rules/Magic Items/Rods/Metamagic/Merciful", 
    "type": "item", 
    "price": "1,500 gp (lesser), 5,500 gp (normal), 12,250 gp (greater)", 
    "misc": {
        "Construction": {
            "Cost": "750 gp (lesser), 2,750 gp (normal), 6,125 gp (greater)", 
            "Requirements": "Craft Rod, Merciful Spell"
        }
    }, 
    "source": "Advanced Player's Guide", 
    "aura": "strong (no school)", 
    "sections": [
        {
            "body": "<p>The wielder can cast up to three spells per day that deal nonlethal damage as though using the Merciful Spell feat.</p>", 
            "source": "Advanced Player's Guide", 
            "type": "section", 
            "name": "Description"
        }
    ]
}