{
    "slot": "none", 
    "name": "Metamagic, Dazing", 
    "weight": "5 lbs.", 
    "url": "pfsrd://Advanced Players Guide/Rules/Magic Items/Rods/Metamagic/Dazing", 
    "type": "item", 
    "price": "14,000 gp (lesser), 54,000 gp (normal), 121,500 gp (greater)", 
    "misc": {
        "Construction": {
            "Cost": "7,000 gp (lesser), 27,000 gp (normal), 60,750 gp (greater)", 
            "Requirements": "Craft Rod, Dazing Spell"
        }
    }, 
    "source": "Advanced Player's Guide", 
    "aura": "strong (no school); CL 17th", 
    "sections": [
        {
            "body": "<p>The wielder can cast up to three spells per day that daze affected creatures as though using the Dazing Spell feat.</p>", 
            "source": "Advanced Player's Guide", 
            "type": "section", 
            "name": "Description"
        }
    ]
}