{
    "slot": "none", 
    "name": "Metamagic, Bouncing", 
    "weight": "5 lbs.", 
    "cl": "17th", 
    "url": "pfsrd://Advanced Players Guide/Rules/Magic Items/Rods/Metamagic/Bouncing", 
    "type": "item", 
    "price": "3,000 gp (lesser), 11,000 gp (normal), 24,500 gp (greater)", 
    "misc": {
        "Construction": {
            "Cost": "1,500 gp (lesser), 5,500 gp (normal), 12,250 gp (greater)", 
            "Requirements": "Craft Rod, Bouncing Spell"
        }
    }, 
    "source": "Advanced Player's Guide", 
    "aura": "strong (no school)", 
    "sections": [
        {
            "body": "<p>The wielder can cast up to three spells per day that bounce as though using the Bouncing Spell feat.</p>", 
            "source": "Advanced Player's Guide", 
            "type": "section", 
            "name": "Description"
        }
    ]
}