{
    "slot": "none", 
    "name": "Metamagic, Selective", 
    "weight": "5 lbs.", 
    "cl": "17th", 
    "url": "pfsrd://Advanced Players Guide/Rules/Magic Items/Rods/Metamagic/Selective", 
    "type": "item", 
    "price": "3,000 gp (lesser), 11,000 gp (normal), 24,500 gp (greater)", 
    "misc": {
        "Construction": {
            "Cost": "1,500 gp (lesser), 5,500 gp (normal), 12,250 gp (greater)", 
            "Requirements": "Craft Rod, Selective Spell"
        }
    }, 
    "source": "Advanced Player's Guide", 
    "aura": "strong (no school)", 
    "sections": [
        {
            "body": "<p>The wielder can cast up to three spells per day as though using the Selective Spell feat. For each spell, he can select up to four creatures of his choice within the area that are unaffected.</p>", 
            "source": "Advanced Player's Guide", 
            "type": "section", 
            "name": "Description"
        }
    ]
}