{
    "slot": "none", 
    "name": "Metamagic, Persistent", 
    "weight": "5 lbs.", 
    "cl": "17th", 
    "url": "pfsrd://Advanced Players Guide/Rules/Magic Items/Rods/Metamagic/Persistent", 
    "type": "item", 
    "price": "9,000 gp (lesser), 32,500 gp (normal), 73,000 gp (greater)", 
    "misc": {
        "Construction": {
            "Cost": "4,500 gp (lesser), 16,250 gp (normal), 36,500 gp (greater)", 
            "Requirements": "Craft Rod, Persistent Spell"
        }
    }, 
    "source": "Advanced Player's Guide", 
    "aura": "strong (no school)", 
    "sections": [
        {
            "body": "<p>The wielder can cast up to three spells per day as though using the Persistent Spell feat.</p>", 
            "source": "Advanced Player's Guide", 
            "type": "section", 
            "name": "Description"
        }
    ]
}