{
    "slot": "none", 
    "name": "Necromancer's Athame", 
    "weight": "2 lbs.", 
    "cl": "11th", 
    "url": "pfsrd://Advanced Players Guide/Rules/Magic Items/Wondrous Items/Necromancers Athame", 
    "type": "item", 
    "price": "20,000 gp", 
    "misc": {
        "Construction": {
            "Cost": "10,000 gp", 
            "Requirements": "Craft Wondrous Item, create undead, creator must be a necromancer"
        }
    }, 
    "source": "Advanced Player's Guide", 
    "aura": "strong necromancy", 
    "sections": [
        {
            "body": "<p>This pallid length of sharpened thighbone is carved into the shape of a dagger, but with tiny holes bored into it at equal intervals, almost like a flute. A necromancer who selects the athame as his bonded object can use it to spontaneously convert any prepared wizard necromancy spell into any other wizard necromancy spell he knows; the desired spell must be of the same level or lower than the prepared spell.</p>", 
            "source": "Advanced Player's Guide", 
            "type": "section", 
            "name": "Description"
        }
    ]
}