{
    "body": "<p id=\"paper\">Ordinary paper typically measures 9 inches by 6 inches and is unsuitable for making magical scrolls. It has hardness 0, 1 hit point, and break DC 5.</p>", 
    "name": "Paper", 
    "weight": "&mdash;", 
    "url": "pfsrd://Advanced Players Guide/Rules/Gear/Goods and Services/Adventuring Gear/Paper", 
    "price": "4 sp/sheet", 
    "misc": {
        "null": {
            "Gear Type": "Adventuring Gear"
        }
    }, 
    "source": "Advanced Player's Guide", 
    "type": "item"
}