{
    "body": "<p id=\"poison-pill-ring\">This ring has a tiny compartment under the setting, typically used to hold poison. Opening and closing a ring is a move action; doing so unseen requires a DC 20 Sleight of Hand check. </p>", 
    "name": "Poison Pill Ring", 
    "weight": "&mdash;", 
    "url": "pfsrd://Advanced Players Guide/Rules/Gear/Goods and Services/Adventuring Gear/Poison Pill Ring", 
    "price": "+20 gp", 
    "misc": {
        "null": {
            "Gear Type": "Adventuring Gear"
        }
    }, 
    "source": "Advanced Player's Guide", 
    "type": "item"
}