{
    "body": "<p id=\"powder\">Powdered chalk, flour, and similar materials are popular with adventurers for their utility in pinpointing invisible creatures. Throwing a bag of powder into a square is an attack against AC 5, and momentarily reveals if there is an invisible creature there. A much more effective method is to spread powder on a surface (which takes 1 full round) and look for footprints.</p>", 
    "name": "Powder", 
    "weight": "1/2 lb.", 
    "url": "pfsrd://Advanced Players Guide/Rules/Gear/Goods and Services/Adventuring Gear/Powder", 
    "price": "1 cp", 
    "misc": {
        "null": {
            "Gear Type": "Adventuring Gear"
        }
    }, 
    "source": "Advanced Player's Guide", 
    "type": "item"
}