{
    "body": "<p id=\"pulley\">A simple block-and-tackle pulley, when properly secured, adds a +5 circumstance bonus on Strength checks to lift heavy objects. Securing the pulley requires 1 minute.</p>", 
    "name": "Pulley", 
    "weight": "10 lbs.", 
    "url": "pfsrd://Advanced Players Guide/Rules/Gear/Goods and Services/Tools and Skill Kits/Pulley", 
    "price": "2 gp", 
    "misc": {
        "null": {
            "Gear Type": "Tools and Skill Kits"
        }
    }, 
    "source": "Advanced Player's Guide", 
    "type": "item"
}