{
    "body": "<p id=\"quilted-cloth\">This enhanced form of padded armor has internal layers specifically designed to trap arrows, bolts, darts, shuriken, thrown daggers, and other small ranged piercing weapons. When these kinds of weapons strike you, they tend to become snagged in these layers and fail to harm you. You gain DR 3/&mdash; against attacks of this kind. The special layers of the armor have no effect on other kinds of weapons.</p>", 
    "name": "Quilted Cloth", 
    "weight": "15 lbs.", 
    "url": "pfsrd://Advanced Players Guide/Rules/Gear/Armor/Quilted Cloth", 
    "price": "100 gp", 
    "misc": {
        "Armor": {
            "Armor Check Penalty": "0", 
            "Maximum Dex Bonus": "+8", 
            "Arcane Spell Failure Chance": "10%", 
            "Armor Type": "Light Armor", 
            "Armor Bonus": "+1", 
            "Speed (20 ft.)": "20 ft.", 
            "Speed (30 ft.)": "30 ft."
        }
    }, 
    "source": "Advanced Player's Guide", 
    "type": "item"
}