{
    "slot": "none", 
    "name": "Searing Arrow", 
    "weight": "&mdash", 
    "cl": "9th", 
    "url": "pfsrd://Advanced Players Guide/Rules/Magic Items/Weapons/Specific Weapons/Searing Arrow", 
    "type": "item", 
    "price": "1,516 gp", 
    "misc": {
        "Construction": {
            "Cost": "758 gp", 
            "Requirements": "Craft Magic Arms and Armor, flame blade, flame strike, or fireball"
        }
    }, 
    "source": "Advanced Player's Guide", 
    "aura": "moderate evocation", 
    "sections": [
        {
            "body": "<p>This <i>+1 flaming arrow</i> continues to burn its target each round, dealing 1d6 fire damage on the attacker's turn for the next 3 rounds. Removing the arrow requires a DC 10 Heal check and prevents any further damage from the arrow (the DC increases to 15 if the target tries to remove the arrow from himself). Removing the arrow destroys it, and it burns up once the 3 rounds pass.</p>", 
            "source": "Advanced Player's Guide", 
            "type": "section", 
            "name": "Description"
        }
    ]
}