{
    "body": "<p id=\"sextant\">A sextant is used to determine your latitude. A sextant grants a +4 circumstance bonus on Survival checks made to navigate while above ground.</p>", 
    "name": "Sextant", 
    "weight": "2 lbs.", 
    "url": "pfsrd://Advanced Players Guide/Rules/Gear/Goods and Services/Tools and Skill Kits/Sextant", 
    "price": "500 gp", 
    "misc": {
        "null": {
            "Gear Type": "Tools and Skill Kits"
        }
    }, 
    "source": "Advanced Player's Guide", 
    "type": "item"
}