{
    "slot": "none", 
    "name": "Shieldsplitter Lance", 
    "weight": "10 lbs.", 
    "cl": "10th", 
    "url": "pfsrd://Advanced Players Guide/Rules/Magic Items/Weapons/Specific Weapons/Shieldsplitter Lance", 
    "type": "item", 
    "price": "18,310", 
    "misc": {
        "Construction": {
            "Cost": "9,310 gp", 
            "Requirements": "Craft Magic Arms and Armor, keen edge, shatter"
        }
    }, 
    "source": "Advanced Player's Guide", 
    "aura": "moderate evocation", 
    "sections": [
        {
            "body": "<p>This <i>+1 keen lance</i> has the ability to penetrate and destroy shields. Whenever its wielder uses it to successfully strike an opponent who carries a shield, the opponent's shield takes the same damage as the opponent. If the wielder uses the lance to make a sunder attack against a shield, it bypasses the shield's hardness.</p>", 
            "source": "Advanced Player's Guide", 
            "type": "section", 
            "name": "Description"
        }
    ]
}