{
    "body": "<p id=\"signal-horn\">Sounding a horn requires a DC 10 Perform (wind instruments) check and can convey concepts such as &ldquo;Attack!&rdquo;, &ldquo;Help!&rdquo;, &ldquo;Advance!&rdquo;, &ldquo;Retreat!&rdquo;, &ldquo;Fire!&rdquo;, and, &ldquo;Alarm!&rdquo; The report of a signal horn can be clearly heard (Perception DC 0) up to a half-mile distant. For each quarter-mile beyond, Perception checks to hear the horn suffer a &ndash;1 penalty.</p>", 
    "name": "Signal Horn", 
    "weight": "2 lbs.1", 
    "url": "pfsrd://Advanced Players Guide/Rules/Gear/Goods and Services/Adventuring Gear/Signal Horn", 
    "price": "1 gp", 
    "misc": {
        "null": {
            "Gear Type": "Adventuring Gear"
        }
    }, 
    "source": "Advanced Player's Guide", 
    "type": "item"
}