{
    "slot": "none", 
    "name": "Sizzling Arrow", 
    "weight": "&mdash", 
    "cl": "9th", 
    "url": "pfsrd://Advanced Players Guide/Rules/Magic Items/Weapons/Specific Weapons/Sizzling Arrow", 
    "type": "item", 
    "price": "1,516 gp", 
    "misc": {
        "Construction": {
            "Cost": "758 gp", 
            "Requirements": "Craft Magic Arms and Armor, acid arrow"
        }
    }, 
    "source": "Advanced Player's Guide", 
    "aura": "moderate evocation", 
    "sections": [
        {
            "body": "<p>This <i>+1 corrosive arrow</i> continues to leak acid onto its target each round, dealing 1d6 acid damage on the attacker's turn for the next 3 rounds. Removing the arrow is a DC 10 Heal check and prevents any further damage from the arrow (the DC increases to 15 if the target tries to remove the arrow from himself). Removing the arrow destroys it, and it dissolves up once the 3 rounds pass.</p>", 
            "source": "Advanced Player's Guide", 
            "type": "section", 
            "name": "Description"
        }
    ]
}