{
    "body": "<p id=\"sneezing-powder\">This coarse yellowish-red powder is a splash weapon that causes uncontrollable sneezing for 1d4+1 rounds. Anyone standing in the square of impact must succeed on a DC 12 Fortitude save to resist the powder, while those in adjacent squares must make DC 8 Fortitude saves. Creatures affected by sneezing powder must make a DC 10 Fortitude save every round for the duration or be staggered until their next turn.</p>", 
    "name": "Sneezing Powder", 
    "weight": "2 lbs.", 
    "url": "pfsrd://Advanced Players Guide/Rules/Gear/Goods and Services/Special Substances and Items/Sneezing Powder", 
    "price": "60 gp/pouch", 
    "misc": {
        "null": {
            "Gear Type": "Special Substances and Items", 
            "Craft DC": "25"
        }
    }, 
    "source": "Advanced Player's Guide", 
    "type": "item"
}