{
    "body": "<p id=\"soothe-syrup\">This sweet and wholesome-tasting blue liquid creates a sense of warmth and comfort. Soothe syrup coats your stomach and makes it much more difficult for you to succumb to queasiness. For 1 hour after drinking soothe syrup you gain a +5 alchemical bonus on saving throws made to resist effects that would make you nauseated or sickened.</p>", 
    "name": "Soothe Syrup", 
    "weight": "1/2 lb.", 
    "url": "pfsrd://Advanced Players Guide/Rules/Gear/Goods and Services/Special Substances and Items/Soothe Syrup", 
    "price": "25 gp", 
    "misc": {
        "null": {
            "Gear Type": "Special Substances and Items", 
            "Craft DC": "15"
        }
    }, 
    "source": "Advanced Player's Guide", 
    "type": "item"
}