{
    "slot": "none", 
    "name": "Sparkwake Starknife", 
    "weight": "3 lbs.", 
    "cl": "8th", 
    "url": "pfsrd://Advanced Players Guide/Rules/Magic Items/Weapons/Specific Weapons/Sparkwake Starknife", 
    "type": "item", 
    "price": "21,324 gp", 
    "misc": {
        "Construction": {
            "Cost": "10,824 gp", 
            "Requirements": "Craft Magic Arms and Armor, lightning bolt"
        }
    }, 
    "source": "Advanced Player's Guide", 
    "aura": "moderate evocation", 
    "sections": [
        {
            "body": "<p>A faint trail of sparks marks the passage of this <i>+1 shock starknife</i> whenever it is thrown. Once per day its wielder may throw it so it transforms into an 8d6 <i>lightning bolt</i> (Reflex DC 14 half), returning to its physical form at the end of the bolt's path.</p>", 
            "source": "Advanced Player's Guide", 
            "type": "section", 
            "name": "Description"
        }
    ]
}