{
    "slot": "none", 
    "name": "Spindle of Perfect Knowledge", 
    "weight": "&mdash", 
    "cl": "20th", 
    "url": "pfsrd://Advanced Players Guide/Rules/Magic Items/Minor Artifacts/Spindle of Perfect Knowledge", 
    "type": "item", 
    "source": "Advanced Player's Guide", 
    "aura": "strong transmutation", 
    "sections": [
        {
            "body": "<p>The <i>spindle of perfect knowledge</i> is large, bright, and flawless marquise-cut diamond <i>ioun stone</i> the size of a halfling's fist. The gemstone would be a treasure in itself if it lacked magic, but it is also a powerful <i>ioun stone</i>. The <i>spindle of perfect knowledge</i> functions like a <i>headband of mental superiority</i> +4 and grants 5 ranks in two random Knowledge skills. The wearer can communicate and understand languages as if using <i>comprehend languages</i>, <i>tongues</i>, and telepathy with a range of 100 feet.</p>", 
            "source": "Advanced Player's Guide", 
            "type": "section", 
            "name": "Description"
        }, 
        {
            "body": "<p>The <i>spindle of perfect knowledge</i> is destroyed if worn by a mindless creature for an entire year.</p>", 
            "source": "Advanced Player's Guide", 
            "type": "section", 
            "name": "Destruction"
        }
    ]
}