{
    "slot": "none", 
    "name": "Spirit Blade", 
    "weight": "1 lbs.", 
    "cl": "10th", 
    "url": "pfsrd://Advanced Players Guide/Rules/Magic Items/Weapons/Specific Weapons/Spirit Blade", 
    "type": "item", 
    "price": "48,502 gp", 
    "misc": {
        "Construction": {
            "Cost": "24,402 gp", 
            "Requirements": "Craft Magic Arms and Armor, dispel magic, plane shift, creator must be 9th level"
        }
    }, 
    "source": "Advanced Player's Guide", 
    "aura": "moderate abjuration", 
    "sections": [
        {
            "body": "<p>This almost transparently thin weapon is often decorated with strange faces and swirling mist. In addition to being a <i>+3 ghost touch dagger</i>, it can cast <i>dispel magic</i> once per day.</p>", 
            "source": "Advanced Player's Guide", 
            "type": "section", 
            "name": "Description"
        }
    ]
}