{
    "slot": "none", 
    "name": "Staff of Traps", 
    "weight": "5 lbs.", 
    "cl": "8th", 
    "url": "pfsrd://Advanced Players Guide/Rules/Magic Items/Staves/Staff of Traps", 
    "type": "item", 
    "price": "21,200 gp", 
    "misc": {
        "Construction": {
            "Cost": "10,600 gp.", 
            "Requirements": "Craft Staff, alarm, explosive runes, fire trap, magic mouth, phantom trap, sepia snake sigil"
        }
    }, 
    "source": "Advanced Player's Guide", 
    "aura": "moderate abjuration", 
    "sections": [
        {
            "body": "<p>The tip of this dark wooden shaft holds a piece of hard, chalk-like stone. The staff allows use of the following spells:</p><ul><li> <i>alarm</i> (1 charge)</li><li> <i>magic mouth</i> (1 charge)</li><li> <i>phantom trap</i> (1 charge) </li><li> <i>explosive runes</i> (2 charges)</li><li> <i>fire trap</i> (2 charges)</li><li> <i>sepia snake sigil</i> (2 charges)</li></ul>", 
            "source": "Advanced Player's Guide", 
            "type": "section", 
            "name": "Description"
        }
    ]
}