{
    "slot": "none", 
    "name": "Staff of Performance", 
    "weight": "5 lbs.", 
    "cl": "8th", 
    "url": "pfsrd://Advanced Players Guide/Rules/Magic Items/Staves/Staff of Performance", 
    "type": "item", 
    "price": "26,800 gp", 
    "misc": {
        "Construction": {
            "Cost": "13,400 gp", 
            "Requirements": "Craft Staff, calm emotions, enthrall, glibness, hypnotic pattern, major image, pyrotechnics, sculpt sound"
        }
    }, 
    "source": "Advanced Player's Guide", 
    "aura": "moderate varied", 
    "sections": [
        {
            "body": "<p>Soon after falling into the hands of a new owner, this piece of finely varnished cedar develops ornamental brass keys, strings, or other decorations that make it look like a stylized version of its owner's favorite type of musical instrument. It allows use of the following spells:</p><ul><li> <i>calm emotions</i> (1 charge)</li><li> <i>glibness</i> (1 charge)</li><li> <i>hypnotic pattern</i> (1 charge)</li><li> <i>pyrotechnics</i> (1 charge)</li><li> <i>enthrall</i> (2 charges)</li><li> <i>major image</i> (2 charges)</li><li> <i>sculpt sound</i> (2 charges)</li></ul>", 
            "source": "Advanced Player's Guide", 
            "type": "section", 
            "name": "Description"
        }
    ]
}