{
    "slot": "none", 
    "name": "Staff of Obstacles", 
    "weight": "5 lbs.", 
    "cl": "9th", 
    "url": "pfsrd://Advanced Players Guide/Rules/Magic Items/Staves/Staff of Obstacles", 
    "type": "item", 
    "price": "25,800 gp", 
    "misc": {
        "Construction": {
            "Cost": "12,900 gp", 
            "Requirements": "Craft Staff, arcane lock, grease, wall of fire, wall of ice, wall of stone, wind wall"
        }
    }, 
    "source": "Advanced Player's Guide", 
    "aura": "moderate varied", 
    "sections": [
        {
            "body": "<p>Dark and solid, this worn staff looks to be carved of rough stone, yet feels and weighs like light wood. It allows use of the following spells:</p><ul><li> <i>arcane lock</i> (1 charge)</li><li> <i>grease</i> (1 charge)</li><li> <i>wind wall</i> (1 charge)</li><li> <i>wall of fire</i> (2 charges)</li><li> <i>wall of ice</i> (2 charges)</li><li> <i>wall of stone</i> (3 charges) </li></ul>", 
            "source": "Advanced Player's Guide", 
            "type": "section", 
            "name": "Description"
        }
    ]
}