{
    "slot": "none", 
    "name": "Staff of Journeys", 
    "weight": "5 lbs.", 
    "cl": "8th", 
    "url": "pfsrd://Advanced Players Guide/Rules/Magic Items/Staves/Staff of Journeys", 
    "type": "item", 
    "price": "13,600 gp", 
    "misc": {
        "Construction": {
            "Cost": "6,800 gp", 
            "Requirements": "Craft Staff, detect snares and pits, endure elements, freedom of movement, longstrider, pass without trace"
        }
    }, 
    "source": "Advanced Player's Guide", 
    "aura": "moderate varied", 
    "sections": [
        {
            "body": "<p>This walking stick, which still has dark gray bark along its entire length, branches into a decorative fork at its top. It allows use of the following spells: </p><ul><li> <i>detect snares and pits</i> (1 charge)</li><li> <i>endure elements</i> (1 charge)</li><li> <i>longstrider</i> (1 charge)</li><li> <i>pass without trace</i> (1 charge)</li><li> <i>freedom of movement</i> (2 charges)</li></ul>", 
            "source": "Advanced Player's Guide", 
            "type": "section", 
            "name": "Description"
        }
    ]
}