{
    "slot": "none", 
    "name": "Staff of Hoarding", 
    "weight": "5 lbs.", 
    "cl": "11th", 
    "url": "pfsrd://Advanced Players Guide/Rules/Magic Items/Staves/Staff of Hoarding", 
    "type": "item", 
    "price": "30,016 gp", 
    "misc": {
        "Construction": {
            "Cost": "15,008 gp", 
            "Requirements": "Craft Staff, identify, legend lore, locate object, magic aura, secret chest"
        }
    }, 
    "source": "Advanced Player's Guide", 
    "aura": "moderate varied", 
    "sections": [
        {
            "body": "<p>This gorgeous teak shaft has many gold and silver coins hammered into it. It allows use of the following spells:</p><ul><li> <i>identify</i> (1 charge)</li><li> <i>locate object</i> (1 charge)</li><li> <i>magic aura</i> (1 charge)</li><li> <i>secret chest</i> (2 charges)</li><li> <i>legend lore</i> (3 charges)</li></ul>", 
            "source": "Advanced Player's Guide", 
            "type": "section", 
            "name": "Description"
        }
    ]
}