{
    "slot": "none", 
    "name": "Staff of Souls", 
    "weight": "5 lbs.", 
    "cl": "8th", 
    "url": "pfsrd://Advanced Players Guide/Rules/Magic Items/Staves/Staff of Souls", 
    "type": "item", 
    "price": "16,400 gp", 
    "misc": {
        "Construction": {
            "Cost": "8,200 gp", 
            "Requirements": "Craft Staff, death ward, deathwatch, detect undead, gentle repose, speak with dead"
        }
    }, 
    "source": "Advanced Player's Guide", 
    "aura": "moderate varied", 
    "sections": [
        {
            "body": "<p>This ominous staff allows use of the following spells:</p><ul><li> <i>deathwatch</i> (1 charge)</li><li> <i>detect undead</i> (1 charge)</li><li> <i>gentle repose</i> (1 charge)</li><li> <i>speak with dead</i> (2 charges)</li><li> <i>death ward</i> (2 charges)</li></ul>", 
            "source": "Advanced Player's Guide", 
            "type": "section", 
            "name": "Description"
        }
    ]
}