{
    "slot": "none", 
    "name": "Staff of Slumber", 
    "weight": "5 lbs.", 
    "cl": "9th", 
    "url": "pfsrd://Advanced Players Guide/Rules/Magic Items/Staves/Staff of Slumber", 
    "type": "item", 
    "price": "34,050 gp", 
    "misc": {
        "Construction": {
            "Cost": "17,025 gp", 
            "Requirements": "Craft Staff, deep slumber, dream, nightmare, symbol of sleep, ray of exhaustion, waves of fatigue"
        }
    }, 
    "source": "Advanced Player's Guide", 
    "aura": "moderate varied", 
    "sections": [
        {
            "body": "<p>Smoky spirals adorn the length of this staff, having an almost hypnotic effect. The staff allows use of the following spells:</p><ul><li> <i>deep slumber</i> (1 charge)</li><li> <i>ray of exhaustion</i> (1 charge)</li><li> <i>dream</i> (2 charges)</li><li> <i>nightmare</i> (2 charges)</li><li> <i>waves of fatigue</i> (2 charges)</li><li> <i>symbol of sleep</i> (3 charges)</li></ul>", 
            "source": "Advanced Player's Guide", 
            "type": "section", 
            "name": "Description"
        }
    ]
}