{
    "slot": "none", 
    "name": "Staff of Revelations", 
    "weight": "5 lbs.", 
    "cl": "9th", 
    "url": "pfsrd://Advanced Players Guide/Rules/Magic Items/Staves/Staff of Revelations", 
    "type": "item", 
    "price": "20,400 gp", 
    "misc": {
        "Construction": {
            "Cost": "10,200 gp", 
            "Requirements": "Craft Staff, augury, commune, divination, speak with dead"
        }
    }, 
    "source": "Advanced Player's Guide", 
    "aura": "moderate divination", 
    "sections": [
        {
            "body": "<p>The forked top of this walnut shaft resembles a combination of a dowsing rod and the curled horns of a beast, a delicate gemstone hovering between its enfolding arms. The staff allows use of the following spells:</p><ul><li> <i>augury</i> (1 charge)</li><li> <i>speak with dead</i> (1 charge)</li><li> <i>divination</i> (2 charges)</li><li> <i>commune</i> (3 charges)</li></ul>", 
            "source": "Advanced Player's Guide", 
            "type": "section", 
            "name": "Description"
        }
    ]
}