{
    "slot": "none", 
    "name": "Staff of Many Rays", 
    "weight": "5 lbs.", 
    "cl": "11th", 
    "url": "pfsrd://Advanced Players Guide/Rules/Magic Items/Staves/Staff of Many Rays", 
    "type": "item", 
    "price": "52,800 gp", 
    "misc": {
        "Construction": {
            "Cost": "26,400 gp", 
            "Requirements": "Craft Staff, disintegrate, enervation, ray of enfeeblement, ray of exhaustion, scorching ray"
        }
    }, 
    "source": "Advanced Player's Guide", 
    "aura": "moderate evocation and necromancy", 
    "sections": [
        {
            "body": "<p>The elaborate swirls and delicate flecks of shining metal adorning the head of this white wooden shaft makes it seem almost as much a long mace as a staff. It allows use of the following spells:</p><ul><li> <i>ray of enfeeblement</i> (1 charge)</li><li> <i>ray of exhaustion</i> (1 charge)</li><li> <i>scorching ray</i> (1 charge)</li><li> <i>enervation</i> (2 charges)</li><li> <i>disintegrate</i> (3 charges)</li></ul>", 
            "source": "Advanced Player's Guide", 
            "type": "section", 
            "name": "Description"
        }
    ]
}