{
    "slot": "none", 
    "name": "Staff of Vision", 
    "weight": "5 lbs.", 
    "cl": "11th", 
    "url": "pfsrd://Advanced Players Guide/Rules/Magic Items/Staves/Staff of Vision", 
    "type": "item", 
    "price": "41,250 gp", 
    "misc": {
        "Construction": {
            "Cost": "20,625 gp", 
            "Requirements": "Craft Staff, arcane eye, arcane sight, prying eyes, see invisibility, scrying, true seeing"
        }
    }, 
    "source": "Advanced Player's Guide", 
    "aura": "moderate divination", 
    "sections": [
        {
            "body": "<p>A clear crystal lens is affixed to the top of this length of brass and scaled skin. The staff allows use of the following spells:</p><ul><li> <i>arcane eye</i> (1 charge)</li><li> <i>arcane sight</i> (1 charge)</li><li> <i>see invisibility</i> (1 charge)</li><li> <i>prying eyes</i> (2 charges)</li><li> <i>scrying</i> (2 charges)</li><li> <i>true seeing</i> (3 charges)</li></ul>", 
            "source": "Advanced Player's Guide", 
            "type": "section", 
            "name": "Description"
        }
    ]
}