{
    "slot": "none", 
    "name": "Staff of Shrieking", 
    "weight": "5 lbs.", 
    "cl": "8th", 
    "url": "pfsrd://Advanced Players Guide/Rules/Magic Items/Staves/Staff of Shrieking", 
    "type": "item", 
    "price": "14,400 gp", 
    "misc": {
        "Construction": {
            "Cost": "7,200 gp", 
            "Requirements": "Craft Staff, shatter, shout, sound burst"
        }
    }, 
    "source": "Advanced Player's Guide", 
    "aura": "moderate evocation", 
    "sections": [
        {
            "body": "<p>Holes in this metal shaft cause it to emit an eerie moan when swung through the air. It allows use of the following spells:</p><ul><li> <i>shatter</i> (1 charge)</li><li> <i>sound burst</i> (1 charge)</li><li> <i>shout</i> (2 charges)</li></ul>", 
            "source": "Advanced Player's Guide", 
            "type": "section", 
            "name": "Description"
        }
    ]
}