{
    "slot": "none", 
    "name": "Staff of Weather", 
    "weight": "5 lbs.", 
    "cl": "13th", 
    "url": "pfsrd://Advanced Players Guide/Rules/Magic Items/Staves/Staff of Weather", 
    "type": "item", 
    "price": "44,200 gp", 
    "misc": {
        "Construction": {
            "Cost": "22,100 gp", 
            "Requirements": "Craft Staff, control weather, fog cloud, gust of wind, ice storm, sleet storm, wind wall"
        }
    }, 
    "source": "Advanced Player's Guide", 
    "aura": "strong varied", 
    "sections": [
        {
            "body": "<p>The carved surface of this solid oaken beam always depicts a scene with the opposite qualities of the current weather (wet on dry days, dry on wet days, and so on). It allows use of the following spells:</p><ul><li> <i>fog cloud</i> (1 charge)</li><li> <i>gust of wind</i> (1 charge)</li><li> <i>wind wall</i> (1 charge)</li><li> <i>ice storm</i> (2 charges)</li><li> <i>sleet storm</i> (2 charges)</li><li> <i>control weather</i> (3 charges)</li></ul>", 
            "source": "Advanced Player's Guide", 
            "type": "section", 
            "name": "Description"
        }
    ]
}