{
    "slot": "none", 
    "name": "Staff of Cackling Wrath", 
    "weight": "5 lbs.", 
    "cl": "8th", 
    "url": "pfsrd://Advanced Players Guide/Rules/Magic Items/Staves/Staff of Cackling Wrath", 
    "type": "item", 
    "price": "23,600 gp", 
    "misc": {
        "Construction": {
            "Cost": "11,800 gp", 
            "Requirements": "Craft Staff, baleful polymorph, bestow curse, blindness/deafness, charm person, hold person, inflict moderate wounds, vampiric touch"
        }
    }, 
    "source": "Advanced Player's Guide", 
    "aura": "moderate varied", 
    "sections": [
        {
            "body": "<p>The thorns embedded in this gnarled length of wood make it rather tricky for the unwary to grasp. It allows use of the following spells:</p><ul><li> <i>blindness/deafness</i> (1 charge)</li><li> <i>charm person</i> (1 charge)</li><li> <i>hold person</i> (1 charge)</li><li> <i>inflict moderate wounds</i> (1 charge)</li><li> <i>baleful polymorph</i> (2 charges)</li><li> <i>bestow curse</i> (2 charges)</li><li> <i>vampiric touch</i> (2 charges)</li></ul>", 
            "source": "Advanced Player's Guide", 
            "type": "section", 
            "name": "Description"
        }
    ]
}