{
    "slot": "none", 
    "name": "Staff of Fortune", 
    "weight": "3 lbs.", 
    "cl": "9th", 
    "url": "pfsrd://Advanced Players Guide/Rules/New Rules/Hero Points/Hero Point Magic Items/Staff of Fortune", 
    "type": "item", 
    "price": "44,400 gp", 
    "misc": {
        "Construction": {
            "Cost": "37,200 gp", 
            "Requirements": "Craft Staff, heroic fortune, mass heroic fortune"
        }
    }, 
    "source": "Advanced Player's Guide", 
    "aura": "evocation (moderate)", 
    "sections": [
        {
            "body": "<p>This staff is made of ivory and gold and is topped by a large, flawless piece of quartz. It allows the use of the following spells.</p><ul><li> <i>Heroic fortune</i> (1 charge)</li><li> <i>Mass heroic fortune</i> (2 charges)</li></ul>", 
            "source": "Advanced Player's Guide", 
            "type": "section", 
            "name": "Description"
        }
    ]
}