{
    "slot": "none", 
    "name": "Staff of Stealth", 
    "weight": "5 lbs.", 
    "cl": "8th", 
    "url": "pfsrd://Advanced Players Guide/Rules/Magic Items/Staves/Staff of Stealth", 
    "type": "item", 
    "price": "18,400 gp", 
    "misc": {
        "Construction": {
            "Cost": "9,200 gp", 
            "Requirements": "Craft Staff, disguise self, greater invisibility, invisibility, nondetection"
        }
    }, 
    "source": "Advanced Player's Guide", 
    "aura": "moderate illusion", 
    "sections": [
        {
            "body": "<p>This twisted, dark gray staff allows use of the following spells:</p><ul><li> <i>disguise self</i> (1 charge)</li><li> <i>invisibility</i> (1 charge)</li><li> <i>nondetection</i> (1 charge)</li><li> <i>greater invisibility</i> (2 charges)</li></ul>", 
            "source": "Advanced Player's Guide", 
            "type": "section", 
            "name": "Description"
        }
    ]
}