{
    "slot": "none", 
    "name": "Staff of Bolstering", 
    "weight": "5 lbs.", 
    "cl": "8th", 
    "url": "pfsrd://Advanced Players Guide/Rules/Magic Items/Staves/Staff of Bolstering", 
    "type": "item", 
    "price": "20,800 gp", 
    "misc": {
        "Construction": {
            "Cost": "10,400 gp", 
            "Requirements": "Craft Staff, bear's endurance, bull's strength, cat's grace, greater magic weapon"
        }
    }, 
    "source": "Advanced Player's Guide", 
    "aura": "moderate transmutation", 
    "sections": [
        {
            "body": "<p>The top of this rosewood shaft narrows and then expands again, bound by a number of metal rings. It allows use of the following spells:</p><ul><li> <i>bear's endurance</i> (1 charge)</li><li> <i>bull's strength</i> (1 charge)</li><li> <i>cat's grace</i> (1 charge)</li><li> <i>greater magic weapon</i> (1 charge)</li></ul>", 
            "source": "Advanced Player's Guide", 
            "type": "section", 
            "name": "Description"
        }
    ]
}