{
    "slot": "none", 
    "name": "Staff of Rigor", 
    "weight": "5 lbs.", 
    "cl": "8th", 
    "url": "pfsrd://Advanced Players Guide/Rules/Magic Items/Staves/Staff of Rigor", 
    "type": "item", 
    "price": "13,600 gp", 
    "misc": {
        "Construction": {
            "Cost": "6,800 gp", 
            "Requirements": "Craft Staff, align weapon, bane, cause fear, command, magic weapon"
        }
    }, 
    "source": "Advanced Player's Guide", 
    "aura": "moderate varied", 
    "sections": [
        {
            "body": "<p>This iron-shod black wood staff allows use of the following spells:</p><ul><li> <i>bane</i> (1 charge)</li><li> <i>cause fear</i> (1 charge)</li><li> <i>command</i> (1 charge)</li><li> <i>magic weapon</i> (1 charge)</li><li> <i>align weapon</i> (2 charges)</li></ul>", 
            "source": "Advanced Player's Guide", 
            "type": "section", 
            "name": "Description"
        }
    ]
}