{
    "slot": "none", 
    "name": "Staff of Toxins", 
    "weight": "5 lbs.", 
    "cl": "9th", 
    "url": "pfsrd://Advanced Players Guide/Rules/Magic Items/Staves/Staff of Toxins", 
    "type": "item", 
    "price": "12,600 gp", 
    "misc": {
        "Construction": {
            "Cost": "6,300 gp", 
            "Requirements": "Craft Staff, cloudkill, stinking cloud"
        }
    }, 
    "source": "Advanced Player's Guide", 
    "aura": "moderate varied", 
    "sections": [
        {
            "body": "<p>This length of hemlock-shrouded oak gives off the faintest whiff of rot and corruption. It allows use of the following spells:</p><ul><li> <i>stinking cloud</i> (1 charge)</li><li> <i>cloudkill</i> (2 charges)</li></ul>", 
            "source": "Advanced Player's Guide", 
            "type": "section", 
            "name": "Description"
        }
    ]
}