{
    "body": "<p id=\"swarmsuit:\"> These heavy and overlapping layers of clothing, coupled with a wide hat outfitted with a dense, veil-like netting around its brim makes it all but impossible for Diminutive and Fine creatures to make physical contact with your body. Wearing a swarmsuit cuts your speed in half, but gives you DR 10/&mdash; against swarms of Fine creatures and DR 5/&mdash; against swarms of Diminutive creatures.</p>", 
    "name": "Swarmsuit", 
    "weight": "10 lbs.1", 
    "url": "pfsrd://Advanced Players Guide/Rules/Gear/Goods and Services/Adventuring Gear/Swarmsuit", 
    "price": "20 gp", 
    "misc": {
        "null": {
            "Gear Type": "Adventuring Gear"
        }
    }, 
    "source": "Advanced Player's Guide", 
    "type": "item"
}