{
    "slot": "armor", 
    "name": "Boneless Leather", 
    "weight": "15 lbs.", 
    "cl": "3rd", 
    "url": "pfsrd://Advanced Players Guide/Rules/Magic Items/Armor/Specific Armors/Boneless Leather", 
    "type": "item", 
    "price": "12,160 gp", 
    "misc": {
        "Construction": {
            "Cost": "6,160 gp", 
            "Requirements": "Craft Magic Arms and Armor, alter self, creator must have 5 ranks in the Acrobatics and Escape Artist skills"
        }
    }, 
    "source": "Advanced Player's Guide", 
    "aura": "faint transmutation", 
    "subtype": "armor", 
    "sections": [
        {
            "body": "<p>This suit of <i>+1 leather</i> gives its wearer the ability to twist and contort his body in virtually any direction. He gains a +5 bonus on Escape Artist checks, a +5 bonus on Acrobatics checks to reduce damage from falls, a +5 bonus to CMD, and DR 5/piercing or slashing.</p>", 
            "source": "Advanced Player's Guide", 
            "type": "section", 
            "name": "Description"
        }
    ]
}