{
    "slot": "armor", 
    "name": "Buccaneer's Breastplate", 
    "weight": "30 lbs.", 
    "cl": "9th", 
    "url": "pfsrd://Advanced Players Guide/Rules/Magic Items/Armor/Specific Armors/Buccaneers Breastplate", 
    "type": "item", 
    "price": "23,850 gp", 
    "misc": {
        "Construction": {
            "Cost": "12,100 gp", 
            "Requirements": "Craft Magic Arms and Armor, water walk"
        }
    }, 
    "source": "Advanced Player's Guide", 
    "aura": "moderate transmutation", 
    "subtype": "armor", 
    "sections": [
        {
            "body": "<p>This <i>+1 breastplate</i> is made of bluish metal and decorated with wave motifs. It allows the wearer to continually utilize the effects of the spell <i>water walk</i>. If a creature puts on the armor while underwater, the wearer is borne toward the surface at a rate of 60 feet per round.</p>", 
            "source": "Advanced Player's Guide", 
            "type": "section", 
            "name": "Description"
        }
    ]
}