{
    "slot": "armor", 
    "name": "Daystar Half-Plate", 
    "weight": "50 lbs.", 
    "cl": "15th", 
    "url": "pfsrd://Advanced Players Guide/Rules/Magic Items/Armor/Specific Armors/Daystar Half-Plate", 
    "type": "item", 
    "price": "81,250 gp", 
    "misc": {
        "Construction": {
            "Cost": "41,000 gp", 
            "Requirements": "Craft Magic Arms and Armor, daylight, sunburst"
        }
    }, 
    "source": "Advanced Player's Guide", 
    "aura": "strong evocation", 
    "subtype": "armor", 
    "sections": [
        {
            "body": "<p>The silvery sheen of this <i>+1 half-plate</i> causes it to sparkle in even the faintest light. At will, the wearer can command it to shine with a <i>daylight</i> spell for 10 minutes. Once per day, the wearer can command it to shine as per the <i>sunburst</i> spell.</p>", 
            "source": "Advanced Player's Guide", 
            "type": "section", 
            "name": "Description"
        }
    ]
}