{
    "slot": "armor", 
    "name": "Forsaken Banded Mail", 
    "weight": "35 lbs.", 
    "cl": "11th", 
    "url": "pfsrd://Advanced Players Guide/Rules/Magic Items/Armor/Specific Armors/Forsaken Banded Mail", 
    "type": "item", 
    "price": "25,400 gp", 
    "misc": {
        "Construction": {
            "Cost": "12,900 gp", 
            "Requirements": "Craft Magic Arms and Armor, creator cannot be a divine spellcaster"
        }
    }, 
    "source": "Advanced Player's Guide", 
    "aura": "moderate evocation", 
    "subtype": "armor", 
    "sections": [
        {
            "body": "<p>Every inch of this suit of <i>+1 banded mail</i> bears a defaced holy symbol or a design equally offensive to one or more gods and their servants. The wearer of the armor cannot cast divine spells or use any spell-like supernatural ability gained from a connection to a deity. The wearer gains SR 19 against any divine-origin spell, spell-like ability, or supernatural ability (such as a domain granted power or ability from an outsider serving a deity), and treats the armor's enhancement bonus as +2 higher against creatures with these abilities.</p>", 
            "source": "Advanced Player's Guide", 
            "type": "section", 
            "name": "Description"
        }
    ]
}