{
    "slot": "armor", 
    "name": "Murderer's Blackcloth", 
    "weight": "10 lbs.", 
    "cl": "9th", 
    "url": "pfsrd://Advanced Players Guide/Rules/Magic Items/Armor/Specific Armors/Murderers Blackcloth", 
    "type": "item", 
    "price": "12,405 gp", 
    "misc": {
        "Construction": {
            "Cost": "6,280 gp", 
            "Requirements": "Craft Magic Arms and Armor, bleed, invisibility, silence"
        }
    }, 
    "source": "Advanced Player's Guide", 
    "aura": "moderate necromancy", 
    "subtype": "armor", 
    "sections": [
        {
            "body": "<p>This silk <i>+1 shadow padded armor</i> is as dark as night and stitched with thread the color of dried blood. When worn by a rogue with the bleed talent, it increases the bleed damage of the rogue's sneak attacks by +1.</p>", 
            "source": "Advanced Player's Guide", 
            "type": "section", 
            "name": "Description"
        }
    ]
}