{
    "slot": "neck", 
    "name": "Amulet of Spell Cunning", 
    "weight": "1 lb.", 
    "cl": "7th", 
    "url": "pfsrd://Advanced Players Guide/Rules/Magic Items/Wondrous Items/Amulet of Spell Cunning", 
    "type": "item", 
    "price": "10,000 gp", 
    "misc": {
        "Construction": {
            "Cost": "5,000 gp", 
            "Requirements": "Craft Wondrous Item, mnemonic enhancer"
        }
    }, 
    "source": "Advanced Player's Guide", 
    "aura": "moderate transmutation", 
    "subtype": "neck", 
    "sections": [
        {
            "body": "<p>This silver locket only has power when used as a wizard's bonded object. It allows a wizard to prepare an additional 3 levels of spells per day.</p>", 
            "source": "Advanced Player's Guide", 
            "type": "section", 
            "name": "Description"
        }
    ]
}