{
    "slot": "neck", 
    "name": "Necklace of Ki Serenity", 
    "weight": "&mdash", 
    "cl": "9th", 
    "url": "pfsrd://Advanced Players Guide/Rules/Magic Items/Wondrous Items/Necklace of Ki Serenity", 
    "type": "item", 
    "price": "16,000 gp", 
    "misc": {
        "Construction": {
            "Cost": "8,000 gp", 
            "Requirements": "Craft Wondrous Item, calm emotions, owl's wisdom"
        }
    }, 
    "source": "Advanced Player's Guide", 
    "aura": "moderate enchantment", 
    "subtype": "neck", 
    "sections": [
        {
            "body": "<p>This simple leather cord is tightly knotted at even intervals and gives its wearer a sense of inner calmness and connection with the larger world. The wearer gains a +4 bonus to his effective level when determining the size of his <i>ki</i> pool and the level-based effects of his <i>ki</i> pool ability (such as bypassing damage reduction).</p>", 
            "source": "Advanced Player's Guide", 
            "type": "section", 
            "name": "Description"
        }
    ]
}