{
    "slot": "neck", 
    "name": "Torc of Lionheart Fury", 
    "weight": "1 lb.", 
    "cl": "3rd", 
    "url": "pfsrd://Advanced Players Guide/Rules/Magic Items/Wondrous Items/Torc of Lionheart Fury", 
    "type": "item", 
    "price": "8,000 gp", 
    "misc": {
        "Construction": {
            "Cost": "4,000 gp", 
            "Requirements": "Craft Wondrous Item, remove fear"
        }
    }, 
    "source": "Advanced Player's Guide", 
    "aura": "faint abjuration", 
    "subtype": "neck", 
    "sections": [
        {
            "body": "<p>Each end of this heavy copper neckwear bears the image of a snarling lion. The wearer gains a +2 morale bonus on saving throws against fear. If the wearer is a barbarian of at least 12th level, she gains the fearless rage rage power. If she already has this power, she also becomes immune to the panicked condition while raging, and any panic-causing attack against her while she rages instead causes her to regain 1 round of rage.</p>", 
            "source": "Advanced Player's Guide", 
            "type": "section", 
            "name": "Description"
        }
    ]
}