{
    "body": "<p>Some barbarians focus on using their bare hands to tear their opponents limb from limb. These brutal pugilists also learn a great deal about various combat maneuvers, using them to cripple or crush their foes. A brutal pugilist has the following class features.</p>", 
    "name": "Brutal Pugilist", 
    "source": "Advanced Player's Guide", 
    "url": "pfsrd://Advanced Players Guide/Rules/Core Classes/Barbarian/Barbarian Archetypes/Brutal Pugilist", 
    "type": "class_archetype", 
    "subtype": "barbarian", 
    "sections": [
        {
            "body": "<p id=\"savage-grapple\">At 2nd level, the brutal pugilist takes only half the normal penalties to Dexterity, attack rolls, and combat maneuver checks when she has the grappled condition. She can make an attack of opportunity against creatures trying to grapple her even if they possess the Improved Grapple feat or the grab special attack. If she hits with this attack of opportunity, she gains a +2 circumstance bonus to her CMD against the grapple attempt. She cannot make these attacks of opportunity once a grapple has succeeded. This ability replaces uncanny dodge.</p>", 
            "name": "Savage Grapple", 
            "url": "pfsrd://Advanced Players Guide/Rules/Core Classes/Barbarian/Barbarian Archetypes/Brutal Pugilist/Savage Grapple", 
            "ability_types": {
                "ability_type": "Extraordinary"
            }, 
            "source": "Advanced Player's Guide", 
            "type": "ability"
        }, 
        {
            "body": "<p id=\"pit-fighter\">At 3rd level, the brutal pugilist has learned combat tricks from fighting in pit brawls and gladiatorial arenas. She selects one combat maneuver and gains a +1 insight bonus on her CMB or to her CMD in that maneuver. This bonus increases to +2 if the barbarian is wearing no armor (shields are allowed). At every three levels after 3rd, the barbarian may select another combat maneuver and add this bonus on her CMB or to her CMD. This bonus can be applied to each maneuver no more than twice, once on CMB and once to CMD. This ability replaces trap sense.</p>", 
            "name": "Pit Fighter", 
            "url": "pfsrd://Advanced Players Guide/Rules/Core Classes/Barbarian/Barbarian Archetypes/Brutal Pugilist/Pit Fighter", 
            "ability_types": {
                "ability_type": "Extraordinary"
            }, 
            "source": "Advanced Player's Guide", 
            "type": "ability"
        }, 
        {
            "body": "<p id=\"improved-savage-grapple\">At 5th level, the brutal pugilist takes no penalties to Dexterity, attack rolls, and combat maneuver checks when she has the grappled condition. She also is treated as one size larger than her actual size when determining whether she can be grappled using the grab ability or swallowed by another creature. This ability replaces improved uncanny dodge.</p>", 
            "name": "Improved Savage Grapple", 
            "url": "pfsrd://Advanced Players Guide/Rules/Core Classes/Barbarian/Barbarian Archetypes/Brutal Pugilist/Improved Savage Grapple", 
            "ability_types": {
                "ability_type": "Extraordinary"
            }, 
            "source": "Advanced Player's Guide", 
            "type": "ability"
        }, 
        {
            "body": "<p>The following rage powers complement the brutal pugilist archetype: animal fury*, brawler, greater brawler, knockback*, knockdown, overbearing advance, overbearing onslaught, and strength surge*.</p>", 
            "source": "Advanced Player's Guide", 
            "type": "section", 
            "name": "Rage Powers"
        }
    ]
}