{
    "body": "<p>Some barbarian tribes have strong ties to the elemental forces of nature. Their shamans anoint the warriors at birth, tying them to the patron element of the tribe and granting them lasting boons against such forces. An elemental kin has the following class feature. </p>", 
    "name": "Elemental Kin", 
    "source": "Advanced Player's Guide", 
    "url": "pfsrd://Advanced Players Guide/Rules/Core Classes/Barbarian/Barbarian Archetypes/Elemental Kin", 
    "type": "class_archetype", 
    "subtype": "barbarian", 
    "sections": [
        {
            "body": "<p id=\"elemental-fury\">At 3rd level, whenever the elemental kin takes an amount of energy damage equal to or greater than her barbarian level while raging, she adds 1 to the total number of rounds that she can rage that day. At 6th level, and every three levels thereafter, the number of extra rounds per energy attack increases by +1, to a maximum of +6 rounds per energy attack at at 18th level. This ability replaces trap sense.</p>", 
            "name": "Elemental Fury", 
            "url": "pfsrd://Advanced Players Guide/Rules/Core Classes/Barbarian/Barbarian Archetypes/Elemental Kin/Elemental Fury", 
            "ability_types": {
                "ability_type": "Extraordinary"
            }, 
            "source": "Advanced Player's Guide", 
            "type": "ability"
        }, 
        {
            "body": "<p>The following rage powers complement the elemental kin archetype: elemental rage, energy absorption, energy eruption, energy resistance, greater elemental rage, greater energy resistance, and lesser elemental rage.</p>", 
            "source": "Advanced Player's Guide", 
            "type": "section", 
            "name": "Rage Powers"
        }
    ]
}