{
    "body": "<p>A raging barbarian is frightening enough in melee, but some become skilled at throwing objects at their foes before closing in for the kill. A hurler has the following class feature.</p>", 
    "name": "Hurler", 
    "source": "Advanced Player's Guide", 
    "url": "pfsrd://Advanced Players Guide/Rules/Core Classes/Barbarian/Barbarian Archetypes/Hurler", 
    "type": "class_archetype", 
    "subtype": "barbarian", 
    "sections": [
        {
            "body": "<p id=\"skilled-thrower\">The hurler is skilled at throwing objects in combat. Increase the range increment of any thrown weapon or object by 10 feet. This ability replaces fast movement.</p>", 
            "name": "Skilled Thrower", 
            "url": "pfsrd://Advanced Players Guide/Rules/Core Classes/Barbarian/Barbarian Archetypes/Hurler/Skilled Thrower", 
            "ability_types": {
                "ability_type": "Extraordinary"
            }, 
            "source": "Advanced Player's Guide", 
            "type": "ability"
        }, 
        {
            "body": "<p>The following rage powers complement the hurler archetype: hurling, greater hurling, hurling charge, lesser hurling, strength surge*, and surprise accuracy*.</p>", 
            "source": "Advanced Player's Guide", 
            "type": "section", 
            "name": "Rage Powers"
        }
    ]
}