{
    "body": "<p>Some barbarians learn to take whatever comes their way, shrugging off mortal wounds with ease. These barbarians invite their enemies to attack them, and use pain to fuel their rage. An invulnerable rager has the following class features.</p>", 
    "name": "Invulnerable Rager", 
    "source": "Advanced Player's Guide", 
    "url": "pfsrd://Advanced Players Guide/Rules/Core Classes/Barbarian/Barbarian Archetypes/Invulnerable Rager", 
    "type": "class_archetype", 
    "subtype": "barbarian", 
    "sections": [
        {
            "body": "<p id=\"invulnerability\">At 2nd level, the invulnerable rager gains DR/&mdash; equal to half her barbarian level. This damage reduction is doubled against nonlethal damage. This ability replaces uncanny dodge, improved uncanny dodge, and damage reduction.</p>", 
            "name": "Invulnerability", 
            "url": "pfsrd://Advanced Players Guide/Rules/Core Classes/Barbarian/Barbarian Archetypes/Invulnerable Rager/Invulnerability", 
            "ability_types": {
                "ability_type": "Extraordinary"
            }, 
            "source": "Advanced Player's Guide", 
            "type": "ability"
        }, 
        {
            "body": "<p id=\"extreme-endurance\">At 3rd level, the invulnerable rager is inured to either hot or cold climate effects (choose one) as if using <i>endure elements</i>. In addition, the barbarian gains 1 point of fire or cold resistance for every three levels beyond 3rd. This ability replaces trap sense.</p>", 
            "name": "Extreme Endurance", 
            "url": "pfsrd://Advanced Players Guide/Rules/Core Classes/Barbarian/Barbarian Archetypes/Invulnerable Rager/Extreme Endurance", 
            "ability_types": {
                "ability_type": "Extraordinary"
            }, 
            "source": "Advanced Player's Guide", 
            "type": "ability"
        }, 
        {
            "body": "<p>The following rage powers complement the invulnerable rager archetype: come and get me, guarded life, increased damage reduction*, inspire ferocity, reckless abandon, and renewed vigor*.</p>", 
            "source": "Advanced Player's Guide", 
            "type": "section", 
            "name": "Rage Powers"
        }
    ]
}