{
    "body": "<p>Some barbarians are truly savage, having little training in modern arms. These savage barbarians learn to avoid blows and toughen up their skin. A savage barbarian has the following class features.</p>", 
    "name": "Savage Barbarian", 
    "source": "Advanced Player's Guide", 
    "url": "pfsrd://Advanced Players Guide/Rules/Core Classes/Barbarian/Barbarian Archetypes/Savage Barbarian", 
    "type": "class_archetype", 
    "subtype": "barbarian", 
    "sections": [
        {
            "body": "<p id=\"naked-courage\">At 3rd level, the savage barbarian gains a +1 dodge bonus to AC and a +1 morale bonus on saving throws against fear when wearing no armor (shields are allowed). This bonus increases by +1 for every six levels after 3rd. This ability replaces trap sense.</p>", 
            "name": "Naked Courage", 
            "url": "pfsrd://Advanced Players Guide/Rules/Core Classes/Barbarian/Barbarian Archetypes/Savage Barbarian/Naked Courage", 
            "ability_types": {
                "ability_type": "Extraordinary"
            }, 
            "source": "Advanced Player's Guide", 
            "type": "ability"
        }, 
        {
            "body": "<p id=\"natural-toughness\">At 7th level, the savage barbarian gains a +1 natural armor bonus to AC when wearing no armor (shields are allowed). This bonus increases by +1 for every three levels beyond 7th. This ability replaces damage reduction.</p>", 
            "name": "Natural Toughness", 
            "url": "pfsrd://Advanced Players Guide/Rules/Core Classes/Barbarian/Barbarian Archetypes/Savage Barbarian/Natural Toughness", 
            "ability_types": {
                "ability_type": "Extraordinary"
            }, 
            "source": "Advanced Player's Guide", 
            "type": "ability"
        }, 
        {
            "body": "<p>The following rage powers complement the savage barbarian archetype: flesh wound, guarded stance*, increased damage reduction*, intimidating glare*, rolling dodge*, superstition*, and terrifying howl*.</p>", 
            "source": "Advanced Player's Guide", 
            "type": "section", 
            "name": "Rage Powers"
        }
    ]
}