{
    "body": "<p>Many barbarians distrust magic. While most just shy away from magic, others focus their rage on users of such foul arts. These barbarians are naturally distrusting, and develop keen senses to protect them from harm. A superstitious barbarian has the following class features.</p>", 
    "name": "Superstitious", 
    "source": "Advanced Player's Guide", 
    "url": "pfsrd://Advanced Players Guide/Rules/Core Classes/Barbarian/Barbarian Archetypes/Superstitious", 
    "type": "class_archetype", 
    "subtype": "barbarian", 
    "sections": [
        {
            "body": "<p id=\"sixth-sense\">At 3rd level, the superstitious barbarian gains a +1 bonus on initiative and a +1 insight bonus to AC during surprise rounds. This bonus increases by +1 for every three levels after 3rd. This ability replaces trap sense. </p>", 
            "name": "Sixth Sense", 
            "url": "pfsrd://Advanced Players Guide/Rules/Core Classes/Barbarian/Barbarian Archetypes/Superstitious/Sixth Sense", 
            "ability_types": {
                "ability_type": "Extraordinary"
            }, 
            "source": "Advanced Player's Guide", 
            "type": "ability"
        }, 
        {
            "body": "<p id=\"keen-senses\">At 7th level, the superstitious barbarian gains low-light vision (triple normal vision range in dim light if she already has low-light vision). At 10th level, she gains darkvision 60 feet (or adds 60 feet to the range of any darkvision already possessed). At 13th level, she gains scent. At 16th level, she gains blindsense 30 feet. At 19th level, she gains blindsight 30 feet. This ability replaces damage reduction.</p>", 
            "name": "Keen Senses", 
            "url": "pfsrd://Advanced Players Guide/Rules/Core Classes/Barbarian/Barbarian Archetypes/Superstitious/Keen Senses", 
            "ability_types": {
                "ability_type": "Extraordinary"
            }, 
            "source": "Advanced Player's Guide", 
            "type": "ability"
        }, 
        {
            "body": "<p>The following rage powers complement the superstitious archetype: clear mind*, disruptive, roused anger*, spellbreaker, superstition*, and witch hunter.</p>", 
            "source": "Advanced Player's Guide", 
            "type": "section", 
            "name": "Rage Powers"
        }
    ]
}