{
    "body": "<p>A barbarian often has a special totem that is the patron of her tribe. While individual totems vary, those in the tribe that call upon a totem receive similar abilities. Totem warrior barbarians can select from the following rage powers.</p>", 
    "name": "Totem Warrior", 
    "source": "Advanced Player's Guide", 
    "url": "pfsrd://Advanced Players Guide/Rules/Core Classes/Barbarian/Barbarian Archetypes/Totem Warrior", 
    "type": "class_archetype", 
    "subtype": "barbarian", 
    "sections": [
        {
            "body": "<p>The totem warrior is based entirely upon his totem rage powers. In addition to the totem powers themselves, the following rage powers complement the totem warrior archtype (depending on the totem chosen): animal fury*, low-light vision*, night vision*, raging climber*, raging leaper*, raging swimmer*, and swift foot*.</p>", 
            "source": "Advanced Player's Guide", 
            "type": "section", 
            "name": "Rage Powers"
        }
    ]
}