{
    "slot": "head", 
    "name": "Grappler's Mask", 
    "weight": "2 lbs.", 
    "cl": "1st", 
    "url": "pfsrd://Advanced Players Guide/Rules/Magic Items/Wondrous Items/Grapplers Mask", 
    "type": "item", 
    "price": "5,000 gp", 
    "misc": {
        "Construction": {
            "Cost": "2,500 gp", 
            "Requirements": "Craft Wondrous Item, bull's strength, cat's grace, expeditious retreat"
        }
    }, 
    "source": "Advanced Player's Guide", 
    "aura": "faint transmutation", 
    "subtype": "head", 
    "sections": [
        {
            "body": "<p>This mask, fashioned from dark leather, also covers the back of the wearer's head and neck and drapes over his shoulders and upper arms, leaving only his mouth, nose, and eyes uncovered. The wearer may attempt bull rushes and grapples without provoking attacks of opportunity.</p>", 
            "source": "Advanced Player's Guide", 
            "type": "section", 
            "name": "Description"
        }
    ]
}