{
    "slot": "head", 
    "name": "Helm of Fearsome Mien", 
    "weight": "4 lbs.", 
    "cl": "1st", 
    "url": "pfsrd://Advanced Players Guide/Rules/Magic Items/Wondrous Items/Helm of Fearsome Mien", 
    "type": "item", 
    "price": "5,000 gp", 
    "misc": {
        "Construction": {
            "Cost": "2,500 gp", 
            "Requirements": "Craft Wondrous Item, cause fear"
        }
    }, 
    "source": "Advanced Player's Guide", 
    "aura": "faint necromancy", 
    "subtype": "head", 
    "sections": [
        {
            "body": "<p>This metal helm is made to look like the wearer has horns, tusks, and other features resembling a fearsome predator. If the wearer is a barbarian, she can use the intimidating glare rage power whenever she rages. The helm has no effect if the wearer is not a barbarian (or another class with the rage class feature).</p>", 
            "source": "Advanced Player's Guide", 
            "type": "section", 
            "name": "Description"
        }
    ]
}