{
    "body": "<p>Many faiths have within their membership an order of the church militant, be they holy knights or dark warriors, who put their lives and immortal souls on the line for their faith. They are paragons of battle, eschewing sermons for steel. These men and women are living conduits of divine power, down to their very blood, which they happily shed in a moment if it brings greater glory to their deity or judgment upon heretics, infidels, and all enemies of the faith.</p><p>Holy vindicators are usually clerics or fighter/clerics, though many paladins (or even paladin/clerics) are drawn to this class as well. In all cases, the class offers a further opportunity to fuse and refine their martial and ministerial powers and role.</p>", 
    "name": "Holy Vindicator", 
    "source": "Advanced Player's Guide", 
    "url": "pfsrd://Advanced Players Guide/Classes/Holy Vindicator", 
    "type": "class", 
    "subtype": "prestige", 
    "hit_die": "d10", 
    "sections": [
        {
            "body": "<p id=\"role\">The holy vindicator has substantial spellcasting ability, though not so much as a focused cleric or paladin. His combat skills are considerable and his healing powers prodigious, and those whose religious views align well with the vindicator will find a ready ally.</p>", 
            "source": "Advanced Player's Guide", 
            "type": "section", 
            "name": "Role"
        }, 
        {
            "body": "<p>To qualify to become a holy vindicator, a character must fulfill all the following criteria.</p>", 
            "type": "section", 
            "sections": [
                {
                    "body": "<p id=\"base-attack-bonus\">+5.</p>", 
                    "url": "pfsrd://Advanced Players Guide/Classes/Holy Vindicator/Requirements/Base Attack Bonus", 
                    "type": "section", 
                    "name": "Base Attack Bonus", 
                    "source": "Advanced Player's Guide"
                }, 
                {
                    "body": "<p>Channel energy class feature.</p>", 
                    "source": "Advanced Player's Guide", 
                    "type": "section", 
                    "name": "Special"
                }, 
                {
                    "body": "<p id=\"skills\">Knowledge (religion) 5 ranks.</p>", 
                    "source": "Advanced Player's Guide", 
                    "type": "section", 
                    "name": "Skills"
                }, 
                {
                    "body": "<p id=\"feats\">Alignment Channel or Elemental Channel.</p>", 
                    "source": "Advanced Player's Guide", 
                    "type": "section", 
                    "name": "Feats"
                }, 
                {
                    "body": "<p id=\"spells\">Able to cast 1st-level divine spells.</p>", 
                    "source": "Advanced Player's Guide", 
                    "type": "section", 
                    "name": "Spells"
                }
            ], 
            "name": "Requirements", 
            "source": "Advanced Player's Guide"
        }, 
        {
            "body": "<p>The vindicator's class skills are Climb (Str), Heal (Wis), Intimidate (Cha), Knowledge (planes) (Int), Knowledge (religion) (Int), Ride (Dex), Sense Motive (Wis), Spellcraft (Int), and Swim (Str).</p>", 
            "type": "section", 
            "sections": [
                {
                    "body": "<p id=\"skill-ranks-per-level\">2 + Int modifier.</p>", 
                    "type": "section", 
                    "sections": [
                        {
                            "body": "<table id=\"table-6-2:-holy-vindicator\"><caption>Table:  Holy Vindicator</caption><thead><tr id=\"level-bonus-save-save-save-special-spells-per-day\"><th>Level</th><th>Base Attack Bonus</th><th>Fort Save</th><th>Ref Save</th><th>Will Save</th><th>Special</th><th>SpellsSpells per Day</th></tr></thead><tr class=\"odd\"><td>1st</td><td>+1</td><td>+1</td><td>+0</td><td>+1</td><td style=\"white-space: normal;\">Channel energy, vindicator's shield</td><td>&mdash;</td></tr><tr class=\"even\"><td>2nd</td><td>+2</td><td>+1</td><td>+1</td><td>+1</td><td style=\"white-space: normal;\">Stigmata</td><td>+1 level of divine spellcasting class</td></tr><tr class=\"odd\"><td>3rd</td><td>+3</td><td>+2</td><td>+1</td><td>+2</td><td style=\"white-space: normal;\">Faith healing (empower)</td><td>+1 level of divine spellcasting class</td></tr><tr class=\"even\"><td>4th</td><td>+4</td><td>+2</td><td>+1</td><td>+2</td><td style=\"white-space: normal;\">Divine wrath</td><td>+1 level of divine spellcasting class</td></tr><tr class=\"odd\"><td>5th</td><td>+5</td><td>+3</td><td>+2</td><td>+3</td><td style=\"white-space: normal;\">Bloodfire, Channel Smite</td><td>&mdash;</td></tr><tr class=\"even\"><td>6th</td><td>+6</td><td>+3</td><td>+2</td><td>+3</td><td style=\"white-space: normal;\">Versatile channel</td><td>+1 level of divine spellcasting class</td></tr><tr class=\"odd\"><td>7th</td><td>+7</td><td>+4</td><td>+2</td><td>+4</td><td style=\"white-space: normal;\">Divine judgment</td><td>+1 level of divine spellcasting class</td></tr><tr class=\"even\"><td>8th</td><td>+8</td><td>+4</td><td>+3</td><td>+4</td><td style=\"white-space: normal;\">Faith healing (maximize)</td><td>+1 level of divine spellcasting class</td></tr><tr class=\"odd\"><td>9th</td><td>+9</td><td>+5</td><td>+3</td><td>+5</td><td style=\"white-space: normal;\">Bloodrain</td><td>&mdash;</td></tr><tr class=\"even\"><td>10th</td><td>+10</td><td>+5</td><td>+3</td><td>+5</td><td style=\"white-space: normal;\">Divine retribution</td><td>+1 level of divine spellcasting class</td></tr></table>", 
                            "url": "pfsrd://Advanced Players Guide/Classes/Holy Vindicator/Class Skills/Skill Ranks per Level/Table Holy Vindicator", 
                            "type": "table", 
                            "name": "Table: Holy Vindicator", 
                            "source": "Advanced Player's Guide"
                        }
                    ], 
                    "name": "Skill Ranks per Level", 
                    "source": "Advanced Player's Guide"
                }
            ], 
            "name": "Class Skills", 
            "source": "Advanced Player's Guide"
        }, 
        {
            "body": "<p>The following are class features of the holy vindicator prestige class. </p>", 
            "type": "section", 
            "sections": [
                {
                    "body": "<p id=\"weapon-and-armor-proficiency\">A vindicator is proficient with all simple and martial weapons and all armor and shields (except tower shields).</p>", 
                    "source": "Advanced Player's Guide", 
                    "type": "section", 
                    "name": "Weapon and Armor Proficiency"
                }, 
                {
                    "body": "<p id=\"spells-per-day\">At the indicated levels, a vindicator gains new spells per day as if he had also gained a level in a divine spellcasting class he belonged to before adding the prestige class. He does not, however, gain other benefits of that class other than spells per day, spells known, and an increased effective level of spellcasting. If he had more than one divine spellcasting class before becoming a vindicator, he must decide to which class he adds the new level for the purpose of determining spells per day. </p>", 
                    "url": "pfsrd://Advanced Players Guide/Classes/Holy Vindicator/Class Features/Spells per Day", 
                    "type": "section", 
                    "name": "Spells per Day", 
                    "source": "Advanced Player's Guide"
                }, 
                {
                    "body": "<p id=\"channel-energy\">The vindicator's class level stacks with levels in any other class that grants the channel energy ability.</p>", 
                    "name": "Channel Energy", 
                    "url": "pfsrd://Advanced Players Guide/Classes/Holy Vindicator/Class Features/Channel Energy", 
                    "ability_types": {
                        "ability_type": "Supernatural"
                    }, 
                    "source": "Advanced Player's Guide", 
                    "type": "ability"
                }, 
                {
                    "body": "<p id=\"vindicator's-shield\">A vindicator can channel energy into his shield as a standard action; when worn, the shield gives the vindicator a sacred bonus (if positive energy) or profane bonus (if negative energy) to his Armor Class equal to the number of dice of the vindicator's channel energy. This bonus lasts for 24 hours or until the vindicator is struck in combat, whichever comes first. The shield does not provide this bonus to any other wielder, but the vindicator does not need to be holding the shield for it to retain this power.</p>", 
                    "name": "Vindicator's Shield", 
                    "url": "pfsrd://Advanced Players Guide/Classes/Holy Vindicator/Class Features/Vindicators Shield", 
                    "ability_types": {
                        "ability_type": "Supernatural"
                    }, 
                    "source": "Advanced Player's Guide", 
                    "type": "ability"
                }, 
                {
                    "body": "<p id=\"stigmata\">A vindicator willingly gives his blood in service to his faith, and is marked by scarified wounds appropriate to his deity. He may stop or start the flow of blood by force of will as a standard action; at 6th level it becomes a move action, and at 10th level it becomes a swift action. Activating stigmata causes bleed damage equal to half the vindicator's class level, and this bleed damage is not halted by curative magic. While the stigmata are bleeding, the vindicator gains a sacred bonus (if he channels positive energy) or profane bonus (if he channels negative energy) equal to half his class level. Each time he activates his stigmata, the vindicator decides if the bonus applies to attack rolls, weapon damage rolls, Armor Class, caster level checks, or saving throws; to change what the bonus applies to, the vindicator must deactivate and reactivate his stigmata.</p><p>While his stigmata are bleeding, the vindicator ignores blood drain and bleed damage from any other source and can use <i>bleed</i> or <i>stabilize</i> at will as a standard action.</p>", 
                    "name": "Stigmata", 
                    "url": "pfsrd://Advanced Players Guide/Classes/Holy Vindicator/Class Features/Stigmata", 
                    "ability_types": {
                        "ability_type": "Supernatural"
                    }, 
                    "source": "Advanced Player's Guide", 
                    "type": "ability"
                }, 
                {
                    "body": "<p id=\"faith-healing\">At 3rd level, any <i>cure wounds</i> spells a vindicator casts on himself are automatically empowered as if by the Empower Spell feat, except they do not use higher spell level slots or an increased casting time. If the vindicator targets himself with a cure spell that affects multiple creatures, this ability only applies to himself. At 8th level, these healing spells are maximized rather than empowered.</p>", 
                    "name": "Faith Healing", 
                    "url": "pfsrd://Advanced Players Guide/Classes/Holy Vindicator/Class Features/Faith Healing", 
                    "ability_types": {
                        "ability_type": "Supernatural"
                    }, 
                    "source": "Advanced Player's Guide", 
                    "type": "ability"
                }, 
                {
                    "body": "<p id=\"divine-wrath\">At 4th level, when a vindicator confirms a critical hit, he may sacrifice a prepared 1st-level spell or available 1st-level spell slot to invoke <i>doom</i> upon the target as an immediate action (using the vindicator's caster level). The save DC is increased by +2 if his weapon has a &times;3 damage multiplier, or by +4 if it is &times;4. The vindicator can also use this ability in response to being critically hit, even if the attack incapacitates or kills the vindicator.</p>", 
                    "name": "Divine Wrath", 
                    "url": "pfsrd://Advanced Players Guide/Classes/Holy Vindicator/Class Features/Divine Wrath", 
                    "ability_types": {
                        "ability_type": "Spell-Like"
                    }, 
                    "source": "Advanced Player's Guide", 
                    "type": "ability"
                }, 
                {
                    "body": "<p id=\"bloodfire\">At 5th level, while a vindicator's stigmata are bleeding, his blood runs down his weapons like sacred or profane liquid energy; when he uses Channel Smite, the damage increases by 1d6, and if the target fails its save, it is sickened and takes 1d6 points of bleed damage each round on its turn. The target can attempt a new save every round to end the sickened and bleed effects.</p>", 
                    "name": "Bloodfire", 
                    "url": "pfsrd://Advanced Players Guide/Classes/Holy Vindicator/Class Features/Bloodfire", 
                    "ability_types": {
                        "ability_type": "Supernatural"
                    }, 
                    "source": "Advanced Player's Guide", 
                    "type": "ability"
                }, 
                {
                    "body": "<p id=\"channel-smite\">At 5th level, a vindicator gains Channel Smite as a bonus feat.</p>", 
                    "url": "pfsrd://Advanced Players Guide/Classes/Holy Vindicator/Class Features/Channel Smite", 
                    "type": "section", 
                    "name": "Channel Smite", 
                    "source": "Advanced Player's Guide"
                }, 
                {
                    "body": "<p id=\"versatile-channel\">At 6th level, a vindicator's channel energy can instead affect a 30-foot cone or a 120-foot line. </p>", 
                    "name": "Versatile Channel", 
                    "url": "pfsrd://Advanced Players Guide/Classes/Holy Vindicator/Class Features/Versatile Channel", 
                    "ability_types": {
                        "ability_type": "Supernatural"
                    }, 
                    "source": "Advanced Player's Guide", 
                    "type": "ability"
                }, 
                {
                    "body": "<p id=\"divine-judgment\">At 7th level, when a vindicator's melee attack reduces a creature to &ndash;1 or fewer hit points, he may sacrifice a prepared 2nd-level spell or available 2nd-level spell slot to invoke <i>death knell</i> upon the target as an immediate action (using the vindicator's caster level). As vindicators mete out divine judgment, this is not an evil act. The save DC increases by +2 if his weapon has a &times;3 critical multiplier, or by +4 if it is &times;4.</p>", 
                    "name": "Divine Judgment", 
                    "url": "pfsrd://Advanced Players Guide/Classes/Holy Vindicator/Class Features/Divine Judgment", 
                    "ability_types": {
                        "ability_type": "Spell-Like"
                    }, 
                    "source": "Advanced Player's Guide", 
                    "type": "ability"
                }, 
                {
                    "body": "<p id=\"bloodrain\">At 9th level, while his stigmata are bleeding, the vindicator's harmful channeled energy is accompanied by a burst of sacred or profane liquid energy, increasing the damage by 1d6. Creatures failing their saves against the channeled energy become sickened and take 1d6 points of bleed damage each round. Affected creatures can attempt a new save every round to end the sickened and bleed effects.</p>", 
                    "name": "Bloodrain", 
                    "url": "pfsrd://Advanced Players Guide/Classes/Holy Vindicator/Class Features/Bloodrain", 
                    "ability_types": {
                        "ability_type": "Supernatural"
                    }, 
                    "source": "Advanced Player's Guide", 
                    "type": "ability"
                }, 
                {
                    "body": "<p id=\"divine-retribution\">At 10th level, when a vindicator confirms a critical hit, he may sacrifice a prepared 3rd-level spell or available 3rd-level spell slot to invoke <i>bestow curse</i> upon the target as an immediate action (using the vindicator's caster level). The save DC increases by +2 if his weapon has a &times;3 critical multiplier, or by +4 if it is &times;4. The vindicator can also use this ability in response to being critically hit, even if the attack incapacitates or kills the vindicator.</p>", 
                    "name": "Divine Retribution", 
                    "url": "pfsrd://Advanced Players Guide/Classes/Holy Vindicator/Class Features/Divine Retribution", 
                    "ability_types": {
                        "ability_type": "Spell-Like"
                    }, 
                    "source": "Advanced Player's Guide", 
                    "type": "ability"
                }
            ], 
            "name": "Class Features", 
            "source": "Advanced Player's Guide"
        }
    ], 
    "alignment": "While lawful vindicators are somewhat more common, vindicators may be of any alignment."
}