{
    "body": "<p>Those whose wanderlust drives them to push the boundary of safe environments sometimes seek the calling of the horizon walker. Horizon walkers are masters of travel, always seeking to find the safe ways through inhospitable terrain. They are comfortable in places others speak of only in hushed whispers, and they can both venture forth onto untrod paths themselves and guide the less-traveled through such hazardous lands.</p><p>Though rangers are most likely to be attracted to the ever-wandering life common to horizon walkers, barbarians, fighters, and rogues have also been known to find it appealing. Horizon walkers are most common in areas on the edge of civilization, where they can easily spend time away from the known and boring streets of settled lands.</p>", 
    "name": "Horizon Walker", 
    "source": "Advanced Player's Guide", 
    "url": "pfsrd://Advanced Players Guide/Classes/Horizon Walker", 
    "type": "class", 
    "subtype": "prestige", 
    "hit_die": "d10", 
    "sections": [
        {
            "body": "<p id=\"role\">Horizon walkers have the accuracy and resilience to face frontline combat. They also have the skills and abilities to make excellent scouts, often taking the role of the first member of a group into danger and the last one out. Of course, walkers shine when adventuring in areas that match their many favored terrains, but many of the tricks they pick up in specific regions have application in a wide range of situations, allowing a horizon walker to be more mobile and resourceful than typical combatants.</p>", 
            "source": "Advanced Player's Guide", 
            "type": "section", 
            "name": "Role"
        }, 
        {
            "body": "<p>To qualify to become a horizon walker, a character must fulfill all the following criteria.</p>", 
            "type": "section", 
            "sections": [
                {
                    "body": "<p id=\"skills\">Knowledge (geography) 6 ranks.</p>", 
                    "source": "Advanced Player's Guide", 
                    "type": "section", 
                    "name": "Skills"
                }, 
                {
                    "body": "<p id=\"feats\">Endurance.</p>", 
                    "source": "Advanced Player's Guide", 
                    "type": "section", 
                    "name": "Feats"
                }
            ], 
            "name": "Requirements", 
            "source": "Advanced Player's Guide"
        }, 
        {
            "body": "<p>The horizon walker's class skills are Climb (Str), Diplomacy (Cha), Handle Animal (Cha), Knowledge (geography) (Int), Knowledge (nature) (Int), Knowledge (the planes) (Int), Linguistics (Int), Perception (Wis), Stealth (Dex), Survival (Wis), and Swim (Str). </p>", 
            "type": "section", 
            "sections": [
                {
                    "body": "<p id=\"skill-ranks-at-each-level\">6 + Int modifier.</p>", 
                    "name": "Skill Ranks at Each Level", 
                    "url": "pfsrd://Advanced Players Guide/Classes/Horizon Walker/Class Skills/Skill Ranks at Each Level", 
                    "type": "section", 
                    "source": "Advanced Player's Guide", 
                    "sections": [
                        {
                            "body": "<table id=\"table-6-3:-horizon-walker\"><caption>Table:  Horizon Walker</caption><thead><tr id=\"level-bonus-save-save-save-special-\"><th>Level</th><th>Base Attack Bonus</th><th>Fort Save</th><th>Ref Save</th><th>Will Save</th><th>Special</th></tr></thead><tr class=\"odd\"><td>1st</td><td>+1</td><td>+1</td><td>+0</td><td>+0</td><td style=\"white-space: normal;\">Favored terrain</td></tr><tr class=\"even\"><td>2nd</td><td>+2</td><td>+1</td><td>+1</td><td>+1</td><td style=\"white-space: normal;\">Favored terrain,  terrain mastery</td></tr><tr class=\"odd\"><td>3rd</td><td>+3</td><td>+2</td><td>+1</td><td>+1</td><td style=\"white-space: normal;\">Terrain dominance</td></tr><tr class=\"even\"><td>4th</td><td>+4</td><td>+2</td><td>+1</td><td>+1</td><td style=\"white-space: normal;\">Favored terrain, terrain mastery</td></tr><tr class=\"odd\"><td>5th</td><td>+5</td><td>+3</td><td>+2</td><td>+2</td><td style=\"white-space: normal;\">Favored terrain</td></tr><tr class=\"even\"><td>6th</td><td>+6</td><td>+3</td><td>+2</td><td>+2</td><td style=\"white-space: normal;\">Terrain dominance, terrain mastery</td></tr><tr class=\"odd\"><td>7th</td><td>+7</td><td>+4</td><td>+2</td><td>+2</td><td style=\"white-space: normal;\">Favored terrain</td></tr><tr class=\"even\"><td>8th</td><td>+8</td><td>+4</td><td>+3</td><td>+3</td><td style=\"white-space: normal;\">Favored terrain, terrain mastery</td></tr><tr class=\"odd\"><td>9th</td><td>+9</td><td>+5</td><td>+3</td><td>+3</td><td style=\"white-space: normal;\">Terrain dominance</td></tr><tr class=\"even\"><td>10th</td><td>+10</td><td>+5</td><td>+3</td><td>+3</td><td style=\"white-space: normal;\">Favored terrain, master of all lands</td></tr></table>", 
                            "url": "pfsrd://Advanced Players Guide/Classes/Horizon Walker/Class Skills/Skill Ranks at Each Level/Table Horizon Walker", 
                            "type": "table", 
                            "name": "Table: Horizon Walker", 
                            "source": "Advanced Player's Guide"
                        }
                    ]
                }
            ], 
            "name": "Class Skills", 
            "source": "Advanced Player's Guide"
        }, 
        {
            "body": "<p>The following are class features of the horizon walker prestige class.</p>", 
            "type": "section", 
            "sections": [
                {
                    "body": "<p id=\"weapon-and-armor-proficiency\">A horizon walker gains no proficiency with any weapon or armor.</p>", 
                    "source": "Advanced Player's Guide", 
                    "type": "section", 
                    "name": "Weapon and Armor Proficiency"
                }, 
                {
                    "body": "<p id=\"favored-terrain\">At 1st level, a horizon walker may select a favored terrain from the ranger Favored Terrains table (<i>Pathfinder RPG Core Rulebook</i> 65). This works exactly like the ranger favored terrain ability. The horizon walker gains an additional favored terrain at 2nd, 4th, 5th, 7th, 8th and 10th level, and he can increase the bonus from an existing favored terrain as described in the ranger ability. If the horizon walker has abilities from other classes that only work in a favored terrain (such as a ranger's camouflage and hide in plain sight abilities), those abilities work in favored terrains selected as a horizon walker.</p>", 
                    "url": "pfsrd://Advanced Players Guide/Classes/Horizon Walker/Class Features/Favored Terrain", 
                    "type": "section", 
                    "name": "Favored Terrain", 
                    "source": "Advanced Player's Guide"
                }, 
                {
                    "body": "<p id=\"terrain-mastery\">At 2nd level, a horizon walker selects a favored terrain to master. When within this terrain the horizon walker may, as a move action, grant a +2 bonus on Climb, Stealth, Perception and Survival checks made by all allies within 30 feet who can see and hear him. The character masters one additional terrain at 4th, 6th, and 8th levels.</p><p>Mastery of each terrain has additional benefits, outlined below; these benefits apply to the horizon walker at all times whether or not he is in the relevant terrain.</p>", 
                    "name": "Terrain Mastery", 
                    "url": "pfsrd://Advanced Players Guide/Classes/Horizon Walker/Class Features/Terrain Mastery", 
                    "type": "section", 
                    "source": "Advanced Player's Guide", 
                    "sections": [
                        {
                            "body": "<p id=\"astral-plane\">The horizon walker's fly speed increases by +30 feet on planes with no gravity or subjective gravity.</p>", 
                            "url": "pfsrd://Advanced Players Guide/Classes/Horizon Walker/Class Features/Terrain Mastery/Astral Plane", 
                            "type": "section", 
                            "name": "Astral Plane", 
                            "source": "Advanced Player's Guide"
                        }, 
                        {
                            "body": "<p id=\"cold\">The horizon walker gains cold resistance 10.</p>", 
                            "url": "pfsrd://Advanced Players Guide/Classes/Horizon Walker/Class Features/Terrain Mastery/Cold", 
                            "type": "section", 
                            "name": "Cold", 
                            "source": "Advanced Player's Guide"
                        }, 
                        {
                            "body": "<p id=\"desert\">The horizon walker gains immunity to exhaustion; anything that would cause him to become exhausted makes him fatigued instead.</p>", 
                            "url": "pfsrd://Advanced Players Guide/Classes/Horizon Walker/Class Features/Terrain Mastery/Desert", 
                            "type": "section", 
                            "name": "Desert", 
                            "source": "Advanced Player's Guide"
                        }, 
                        {
                            "body": "<p id=\"ethereal-plane\">The horizon walker ignores the 20% concealment miss chance from fog and mist, and treats total concealment from these sources as concealment.</p>", 
                            "url": "pfsrd://Advanced Players Guide/Classes/Horizon Walker/Class Features/Terrain Mastery/Ethereal Plane", 
                            "type": "section", 
                            "name": "Ethereal Plane", 
                            "source": "Advanced Player's Guide"
                        }, 
                        {
                            "body": "<p id=\"forest\">The horizon walker gains a +4 competence bonus on Stealth checks.</p>", 
                            "url": "pfsrd://Advanced Players Guide/Classes/Horizon Walker/Class Features/Terrain Mastery/Forest", 
                            "type": "section", 
                            "name": "Forest", 
                            "source": "Advanced Player's Guide"
                        }, 
                        {
                            "body": "<p id=\"jungle\">The horizon walker gains a +4 competence bonus on Escape Artist checks and increases his CMD against grapple maneuvers by +4.</p>", 
                            "url": "pfsrd://Advanced Players Guide/Classes/Horizon Walker/Class Features/Terrain Mastery/Jungle", 
                            "type": "section", 
                            "name": "Jungle", 
                            "source": "Advanced Player's Guide"
                        }, 
                        {
                            "body": "<p id=\"mountain\">The horizon walker gains a +4 competence bonus on Climb checks and does not lose his Dexterity modifier to AC while climbing.</p>", 
                            "url": "pfsrd://Advanced Players Guide/Classes/Horizon Walker/Class Features/Terrain Mastery/Mountain", 
                            "type": "section", 
                            "name": "Mountain", 
                            "source": "Advanced Player's Guide"
                        }, 
                        {
                            "body": "<p id=\"plains\">The horizon walker's movement is not reduced by wearing medium armor or carrying a medium load.</p>", 
                            "url": "pfsrd://Advanced Players Guide/Classes/Horizon Walker/Class Features/Terrain Mastery/Plains", 
                            "type": "section", 
                            "name": "Plains", 
                            "source": "Advanced Player's Guide"
                        }, 
                        {
                            "body": "<p id=\"plane-of-air\">The horizon walker gains a +4 competence bonus on Fly checks and +1 competence bonus on all attack and damage rolls against flying creatures. He gains the ability to breathe air if he cannot already do so.</p>", 
                            "url": "pfsrd://Advanced Players Guide/Classes/Horizon Walker/Class Features/Terrain Mastery/Plane of Air", 
                            "type": "section", 
                            "name": "Plane of Air", 
                            "source": "Advanced Player's Guide"
                        }, 
                        {
                            "body": "<p id=\"plane-of-earth\">The horizon walker gains DR 1/adamantine.</p>", 
                            "url": "pfsrd://Advanced Players Guide/Classes/Horizon Walker/Class Features/Terrain Mastery/Plane of Earth", 
                            "type": "section", 
                            "name": "Plane of Earth", 
                            "source": "Advanced Player's Guide"
                        }, 
                        {
                            "body": "<p id=\"plane-of-fire\">The horizon walker gains fire resistance 10.</p>", 
                            "url": "pfsrd://Advanced Players Guide/Classes/Horizon Walker/Class Features/Terrain Mastery/Plane of Fire", 
                            "type": "section", 
                            "name": "Plane of Fire", 
                            "source": "Advanced Player's Guide"
                        }, 
                        {
                            "body": "<p id=\"plane-of-water\">The horizon walker gains a +4 competence bonus on Swim checks and a +1 competence bonus on all attack and damage rolls against swimming creatures. He gains the ability to breathe water if he cannot already do so.</p>", 
                            "url": "pfsrd://Advanced Players Guide/Classes/Horizon Walker/Class Features/Terrain Mastery/Plane of Water", 
                            "type": "section", 
                            "name": "Plane of Water", 
                            "source": "Advanced Player's Guide"
                        }, 
                        {
                            "body": "<p id=\"plane,-aligned\">If the horizon walker selects a plane with an alignment trait, he can choose to detect as that alignment (fooling all forms of magic divination) as an immediate action; this benefit lasts until he dismisses it (a free action).</p>", 
                            "url": "pfsrd://Advanced Players Guide/Classes/Horizon Walker/Class Features/Terrain Mastery/Plane/aligned", 
                            "type": "section", 
                            "name": "Plane, aligned", 
                            "source": "Advanced Player's Guide"
                        }, 
                        {
                            "body": "<p id=\"swamp\">The horizon walker gains a +4 competence bonus on Perception checks.</p>", 
                            "url": "pfsrd://Advanced Players Guide/Classes/Horizon Walker/Class Features/Terrain Mastery/Swamp", 
                            "type": "section", 
                            "name": "Swamp", 
                            "source": "Advanced Player's Guide"
                        }, 
                        {
                            "body": "<p id=\"underground\">The horizon walker gains Blind-Fight as a bonus feat.</p>", 
                            "url": "pfsrd://Advanced Players Guide/Classes/Horizon Walker/Class Features/Terrain Mastery/Underground", 
                            "type": "section", 
                            "name": "Underground", 
                            "source": "Advanced Player's Guide"
                        }, 
                        {
                            "body": "<p id=\"urban\">The horizon walker gains a +4 competence bonus on Diplomacy checks.</p>", 
                            "url": "pfsrd://Advanced Players Guide/Classes/Horizon Walker/Class Features/Terrain Mastery/Urban", 
                            "type": "section", 
                            "name": "Urban", 
                            "source": "Advanced Player's Guide"
                        }, 
                        {
                            "body": "<p id=\"water\">The horizon walker gains a +4 competence bonus on Swim checks and +1 competence bonus on all attack and damage rolls against swimming creatures.</p>", 
                            "url": "pfsrd://Advanced Players Guide/Classes/Horizon Walker/Class Features/Terrain Mastery/Water", 
                            "type": "section", 
                            "name": "Water", 
                            "source": "Advanced Player's Guide"
                        }
                    ]
                }, 
                {
                    "body": "<p id=\"terrain-dominance\">At 3rd level, a horizon walker learns total dominance over one terrain he has already selected for terrain mastery. When dealing with creatures native to that terrain, the horizon walker treats his favored terrain bonus for that terrain as a favored enemy bonus (as the ranger class feature) against those creatures.This bonus overlaps (does not stack with) bonuses gained when fighting a favored enemy.</p><p>Each terrain dominance grants additional abilities, detailed below. When the horizon walker gains a new terrain dominance he may, if he prefers, instead pick an additional terrain mastery.</p>", 
                    "name": "Terrain Dominance", 
                    "url": "pfsrd://Advanced Players Guide/Classes/Horizon Walker/Class Features/Terrain Dominance", 
                    "type": "section", 
                    "source": "Advanced Player's Guide", 
                    "sections": [
                        {
                            "body": "<p id=\"astral-plane\">The horizon walker gains a +1 competence bonus on attack and damage rolls against outsiders. He gains <i>dimension door</i> as a spell-like ability a number of times per day equal to 3 + the character's Wisdom modifier (caster level equal to the character's level).</p>", 
                            "url": "pfsrd://Advanced Players Guide/Classes/Horizon Walker/Class Features/Terrain Dominance/Astral Plane", 
                            "type": "section", 
                            "name": "Astral Plane", 
                            "source": "Advanced Player's Guide"
                        }, 
                        {
                            "body": "<p id=\"cold\">The horizon walker gains cold resistance 20 (this replaces the character's cold resistance from mastery of the cold terrain) and a +1 competence bonus on all attack and damage rolls against creatures of the cold subtype.</p>", 
                            "url": "pfsrd://Advanced Players Guide/Classes/Horizon Walker/Class Features/Terrain Dominance/Cold", 
                            "type": "section", 
                            "name": "Cold", 
                            "source": "Advanced Player's Guide"
                        }, 
                        {
                            "body": "<p id=\"desert\">The horizon walker gains fire resistance 10 and immunity to fatigue.</p>", 
                            "url": "pfsrd://Advanced Players Guide/Classes/Horizon Walker/Class Features/Terrain Dominance/Desert", 
                            "type": "section", 
                            "name": "Desert", 
                            "source": "Advanced Player's Guide"
                        }, 
                        {
                            "body": "<p id=\"ethereal-plane\">The walker gains <i>ethereal jaunt</i> as a spell-like ability once per day (caster level equal to the character's level). He must be at least 7th level before selecting this power.</p>", 
                            "url": "pfsrd://Advanced Players Guide/Classes/Horizon Walker/Class Features/Terrain Dominance/Ethereal Plane", 
                            "type": "section", 
                            "name": "Ethereal Plane", 
                            "source": "Advanced Player's Guide"
                        }, 
                        {
                            "body": "<p id=\"forest\">The horizon walker gains <i>hallucinatory terrain</i> as a spell-like ability a number of times per day equal to 3 + the character's Wisdom modifier (caster level equal to the character's level). The horizon walker can only use this ability to create illusory forests.</p>", 
                            "url": "pfsrd://Advanced Players Guide/Classes/Horizon Walker/Class Features/Terrain Dominance/Forest", 
                            "type": "section", 
                            "name": "Forest", 
                            "source": "Advanced Player's Guide"
                        }, 
                        {
                            "body": "<p id=\"jungle\">The horizon walker gains <i>charm monster</i> as a spell-like ability a number of times per day equal to 3 + the character's Wisdom modifier (caster level equal to the character's level). This charm only affects animals, magical beasts, and creatures primarily found in the jungle.</p>", 
                            "url": "pfsrd://Advanced Players Guide/Classes/Horizon Walker/Class Features/Terrain Dominance/Jungle", 
                            "type": "section", 
                            "name": "Jungle", 
                            "source": "Advanced Player's Guide"
                        }, 
                        {
                            "body": "<p id=\"mountain\">The horizon walker gains DR 2/adamantine.</p>", 
                            "url": "pfsrd://Advanced Players Guide/Classes/Horizon Walker/Class Features/Terrain Dominance/Mountain", 
                            "type": "section", 
                            "name": "Mountain", 
                            "source": "Advanced Player's Guide"
                        }, 
                        {
                            "body": "<p id=\"plains\">The walker's base speed increases by +10 feet.</p>", 
                            "url": "pfsrd://Advanced Players Guide/Classes/Horizon Walker/Class Features/Terrain Dominance/Plains", 
                            "type": "section", 
                            "name": "Plains", 
                            "source": "Advanced Player's Guide"
                        }, 
                        {
                            "body": "<p id=\"plane-of-air\">The horizon walker gains <i>fly</i> as a spell-like ability a number of times per day equal to 3 + the character's Wisdom modifier (caster level equal to the character's level).</p>", 
                            "url": "pfsrd://Advanced Players Guide/Classes/Horizon Walker/Class Features/Terrain Dominance/Plane of Air", 
                            "type": "section", 
                            "name": "Plane of Air", 
                            "source": "Advanced Player's Guide"
                        }, 
                        {
                            "body": "<p id=\"plane-of-earth\">The horizon walker gains tremorsense with a range of 30 feet. He must be at least 5th level before selecting this plane for this ability.</p>", 
                            "url": "pfsrd://Advanced Players Guide/Classes/Horizon Walker/Class Features/Terrain Dominance/Plane of Earth", 
                            "type": "section", 
                            "name": "Plane of Earth", 
                            "source": "Advanced Player's Guide"
                        }, 
                        {
                            "body": "<p id=\"plane-of-fire\">The horizon walker gains fire resistance 20 (this replaces the character's file resistance from mastery of the Plane of Fire terrain) and a +1 competence bonus on all attack and damage rolls again creatures of the fire subtype.</p>", 
                            "url": "pfsrd://Advanced Players Guide/Classes/Horizon Walker/Class Features/Terrain Dominance/Plane of Fire", 
                            "type": "section", 
                            "name": "Plane of Fire", 
                            "source": "Advanced Player's Guide"
                        }, 
                        {
                            "body": "<p id=\"plane-of-water\">The horizon walker's movements and actions are not hampered when underwater. This allows him to speak, make attacks, and cast spells normally underwater (as if using <i>freedom of movement</i>).</p>", 
                            "url": "pfsrd://Advanced Players Guide/Classes/Horizon Walker/Class Features/Terrain Dominance/Plane of Water", 
                            "type": "section", 
                            "name": "Plane of Water", 
                            "source": "Advanced Player's Guide"
                        }, 
                        {
                            "body": "<p id=\"plane,-aligned\">For the purpose of bypassing damage reduction, the horizon walker's manufactured and natural weapons count as the opposite alignment of his chosen plane of dominance. If his chosen plane has more than one alignment type, he must choose one of those types for this ability. For example, if he selects &ldquo;Hell&rdquo; (an evil, lawful plane) for his terrain dominance ability, he may choose &ldquo;evil&rdquo; or &ldquo;lawful,&rdquo; which means his attacks bypass good or chaotic damage reduction, respectively. Alternatively, if native creatures of his chosen plane are vulnerable to a particular special material (such as cold iron or silver), he may choose to have his weapons bypass damage reduction as if they were that special material. If he selects this plane more than once for his terrain dominance ability, his attacks count as an additional alignment or special material (such as &ldquo;good and silver&rdquo; or &ldquo;chaotic and good&rdquo;).</p>", 
                            "url": "pfsrd://Advanced Players Guide/Classes/Horizon Walker/Class Features/Terrain Dominance/Plane/aligned", 
                            "type": "section", 
                            "name": "Plane, aligned", 
                            "source": "Advanced Player's Guide"
                        }, 
                        {
                            "body": "<p id=\"swamp\">The horizon walker gains tremorsense with a 30-foot range. He must be 5th level before selecting this power.</p>", 
                            "url": "pfsrd://Advanced Players Guide/Classes/Horizon Walker/Class Features/Terrain Dominance/Swamp", 
                            "type": "section", 
                            "name": "Swamp", 
                            "source": "Advanced Player's Guide"
                        }, 
                        {
                            "body": "<p id=\"underground\">The horizon walker gains darkvision with a range of 60 feet. If he already has darkvision 60 feet, its range extends by 60 feet.</p>", 
                            "url": "pfsrd://Advanced Players Guide/Classes/Horizon Walker/Class Features/Terrain Dominance/Underground", 
                            "type": "section", 
                            "name": "Underground", 
                            "source": "Advanced Player's Guide"
                        }, 
                        {
                            "body": "<p id=\"urban\">The horizon walker gains <i>charm person</i> as a spell-like ability a number of times per day equal to 3 + the character's Wisdom modifier (caster level equal to the character's level).</p>", 
                            "url": "pfsrd://Advanced Players Guide/Classes/Horizon Walker/Class Features/Terrain Dominance/Urban", 
                            "type": "section", 
                            "name": "Urban", 
                            "source": "Advanced Player's Guide"
                        }, 
                        {
                            "body": "<p id=\"water\">The horizon walker gains a swim speed of 20 feet. If he already has a natural swim speed, his swim speed increases by +20 feet.</p>", 
                            "url": "pfsrd://Advanced Players Guide/Classes/Horizon Walker/Class Features/Terrain Dominance/Water", 
                            "type": "section", 
                            "name": "Water", 
                            "source": "Advanced Player's Guide"
                        }
                    ]
                }, 
                {
                    "body": "<p id=\"master-of-all-lands\">At 10th level, the horizon walker becomes familiar with and comfortable in all possible terrains. His terrain bonus in all favored terrains increases by +2, and he treats all other terrains as if they were favored terrains (+2 bonus). If a naturally occurring condition of temperature or weather requires a check or saving throw, he automatically succeeds. All allies within 60 feet of him gain a +2 bonus on these checks and saves; if the horizon walker is in a mastered terrain, this bonus increases to +4.</p>", 
                    "name": "Master of All Lands", 
                    "url": "pfsrd://Advanced Players Guide/Classes/Horizon Walker/Class Features/Master of All Lands", 
                    "ability_types": {
                        "ability_type": "Supernatural"
                    }, 
                    "source": "Advanced Player's Guide", 
                    "type": "ability"
                }
            ], 
            "name": "Class Features", 
            "source": "Advanced Player's Guide"
        }
    ], 
    "alignment": "Anyone can crave new vistas and constant travel, and thus a horizon walker can be of any alignment."
}